location,Field_Date,Satellite_Date,Days Gaps,Satellite,Sensor,Scene_Cloud_Pct,Buffer_m,Water_Mask,valid_pixels,Target Variable(Chlorophyll-a),mean_SR_B2,mean_SR_B3,mean_SR_B4,mean_SR_B5,mean_SR_B6,mean_SR_B7,med_SR_B2,med_SR_B3,med_SR_B4,med_SR_B5,med_SR_B6,med_SR_B7,sd_SR_B2,sd_SR_B3,sd_SR_B4,sd_SR_B5,sd_SR_B6,sd_SR_B7,mean_ST_B10_K,med_ST_B10_K,mean_NDCI_L8,med_NDCI_L8,mean_MNDWI,med_MNDWI,,B2/B3,B2/B4,B2/B5,B2/B6,B2/B7,B3/B2,B3/B4,B3/B5,B3/B6,B3/B7,B4/B2,B4/B3,B4/B5,B4/B6,B4/B7,B5/B2,B5/B3,B5/B4,B5/B6,B5/B7,B6/B2,B6/B3,B6/B4,B6/B5,B6/B7,B7/B2,B7/B3,B7/B4,B7/B5,B7/B6,(B2-B3)/(B2+B3),(B2-B4)/(B2+B4),(B2-B5)/(B2+B5),(B2-B6)/(B2+B6),(B2-B7)/(B2+B7),(B3-B4)/(B3+B4),(B3-B5)/(B3+B5),(B3-B6)/(B3+B6),(B3-B7)/(B3+B7),(B4-B5)/(B4+B5),(B4-B6)/(B4+B6),(B4-B7)/(B4+B7),(B5-B6)/(B5+B6),(B5-B7)/(B5+B7),(B6-B7)/(B6+B7),,,ALL COMBINATIONS vs Chl-a  —  Median Bands L89  (2024 only),,,
1,2024-04-23 0:00:00,2024-04-16 0:00:00,7,LANDSAT_9,Landsat_8_9,8.95,30,QA_PIXEL_AND_MNDWI_gt_0,3,4.13,0.01331474,0.030955448,0.018922503,0.008328259,0.006089997,0.004176179,0.0134275,0.030725,0.01868,0.0083675,0.00603,0.0041875,0.000825713,0.000470456,0.000324867,0.000255025,0.000135344,0.000144357,291.2651021,291.3263528,-0.388901442,-0.391867578,0.671217532,0.677530728,,0.4370,0.7188,1.6047,2.2268,3.2066,2.2882,1.6448,3.6719,5.0954,7.3373,1.3912,0.6080,2.2324,3.0978,4.4609,0.6232,0.2723,0.4479,1.3876,1.9982,0.4491,0.1963,0.3228,0.7206,1.4400,0.3119,0.1363,0.2242,0.5004,0.6944,-0.3918,-0.1636,0.2322,0.3802,0.5246,0.2438,0.5719,0.6719,0.7601,0.3813,0.5119,0.6338,0.1624,0.3329,0.1803,,,Band Combination,Pearson R,R˛,Strength
2,2024-04-23 0:00:00,2024-04-16 0:00:00,7,LANDSAT_9,Landsat_8_9,8.95,30,QA_PIXEL_AND_MNDWI_gt_0,2,4.64,0.013466996,0.031307305,0.019300328,0.007402966,0.005202474,0.003593514,0.01349625,0.03128875,0.01924375,0.0073775,0.005205,0.0036375,0.00017875,4.125E-05,8.25E-05,0.00011,4.125E-05,6.875E-05,291.1699784,291.1537428,-0.445576798,-0.443607589,0.714993355,0.715067743,,0.4313,0.7013,1.8294,2.5929,3.7103,2.3183,1.6259,4.2411,6.0113,8.6017,1.4259,0.6150,2.6084,3.6972,5.2904,0.5466,0.2358,0.3834,1.4174,2.0282,0.3857,0.1664,0.2705,0.7055,1.4309,0.2695,0.1163,0.1890,0.4931,0.6988,-0.3973,-0.1755,0.2931,0.4434,0.5754,0.2384,0.6184,0.7147,0.7917,0.4457,0.5742,0.6821,0.1727,0.3395,0.1773,,,B2 (individual),-0.1399,0.0196,? Very weak
3,2024-04-23 0:00:00,2024-04-16 0:00:00,7,LANDSAT_9,Landsat_8_9,8.95,30,QA_PIXEL_AND_MNDWI_gt_0,3,4.3,0.018752261,0.034330233,0.022165547,0.008648346,0.004599481,0.003029594,0.0187075,0.03452,0.022035,0.008615,0.0045725,0.0030325,0.000123665,0.000203739,0.000162434,9.50527E-11,9.3482E-05,3.42985E-05,290.5965991,290.6017326,-0.438704591,-0.437846656,0.763710083,0.765583447,,0.5419,0.8490,2.1715,4.0913,6.1690,1.8452,1.5666,4.0070,7.5495,11.3833,1.1779,0.6383,2.5577,4.8190,7.2663,0.4605,0.2496,0.3910,1.8841,2.8409,0.2444,0.1325,0.2075,0.5308,1.5078,0.1621,0.0878,0.1376,0.3520,0.6632,-0.2971,-0.0817,0.3694,0.6072,0.7210,0.2208,0.6006,0.7661,0.8385,0.4378,0.6563,0.7581,0.3065,0.4793,0.2025,,,B3 (individual),-0.0833,0.0069,? Very weak
4,2024-04-23 0:00:00,2024-04-16 0:00:00,7,LANDSAT_9,Landsat_8_9,8.95,30,QA_PIXEL_AND_MNDWI_gt_0,3,4.51,0.019907239,0.035089209,0.022775289,0.009164965,0.004847673,0.00305233,0.0198075,0.035125,0.0228325,0.00911,0.00482,0.00310125,0.000168527,0.000113014,0.000181491,9.07454E-05,8.50082E-05,0.000116673,290.4676483,290.4786838,-0.426119957,-0.425941315,0.757237839,0.758668169,,0.5639,0.8675,2.1743,4.1094,6.3869,1.7733,1.5384,3.8557,7.2873,11.3261,1.1527,0.6500,2.5063,4.7370,7.3624,0.4599,0.2594,0.3990,1.8900,2.9375,0.2433,0.1372,0.2111,0.5291,1.5542,0.1566,0.0883,0.1358,0.3404,0.6434,-0.2788,-0.0709,0.3699,0.6086,0.7293,0.2121,0.5881,0.7587,0.8377,0.4296,0.6514,0.7608,0.3080,0.4921,0.2170,,,B4 (individual),0.0633,0.0040,? Very weak
5,2024-04-23 0:00:00,2024-04-16 0:00:00,7,LANDSAT_9,Landsat_8_9,8.95,30,QA_PIXEL_AND_MNDWI_gt_0,3,5.8,0.021591902,0.041680756,0.02676507,0.009547389,0.005317402,0.003576025,0.0215675,0.0416425,0.0267375,0.0095775,0.005315,0.0035825,0.00025304,0.000291898,0.000129636,0.000135344,9.07454E-05,9.3482E-05,291.4540829,291.4323114,-0.474162318,-0.472532012,0.773727832,0.773625087,,0.5179,0.8066,2.2519,4.0579,6.0202,1.9308,1.5575,4.3480,7.8349,11.6239,1.2397,0.6421,2.7917,5.0306,7.4634,0.4441,0.2300,0.3582,1.8020,2.6734,0.2464,0.1276,0.1988,0.5549,1.4836,0.1661,0.0860,0.1340,0.3741,0.6740,-0.3176,-0.1070,0.3850,0.6046,0.7151,0.2180,0.6260,0.7736,0.8416,0.4725,0.6684,0.7637,0.2862,0.4555,0.1947,,,B5 (individual),0.2637,0.0695,? Very weak
6,2024-04-23 0:00:00,2024-04-16 0:00:00,7,LANDSAT_9,Landsat_8_9,8.95,30,QA_PIXEL_AND_MNDWI_gt_0,3,5.34,0.021766814,0.03715088,0.024730245,0.010334327,0.005835508,0.00386669,0.021815,0.0372975,0.02473,0.01032,0.00581,0.0038025,0.000314618,0.00024733,0.000326158,0.000262173,0.000202083,5.65071E-05,290.7449333,290.7794696,-0.410658562,-0.417072654,0.728633289,0.726072607,,0.5849,0.8821,2.1139,3.7547,5.7370,1.7097,1.5082,3.6141,6.4195,9.8087,1.1336,0.6630,2.3963,4.2565,6.5036,0.4731,0.2767,0.4173,1.7762,2.7140,0.2663,0.1558,0.2349,0.5630,1.5279,0.1743,0.1020,0.1538,0.3685,0.6545,-0.2619,-0.0626,0.3577,0.5794,0.7031,0.2026,0.5665,0.7304,0.8150,0.4111,0.6195,0.7335,0.2796,0.4615,0.2088,,,B6 (individual),-0.0080,0.0001,? Very weak
7,2024-04-23 0:00:00,2024-04-16 0:00:00,7,LANDSAT_9,Landsat_8_9,8.95,30,QA_PIXEL_AND_MNDWI_gt_0,3,7.93,0.020341132,0.035010249,0.022977387,0.009230577,0.004949628,0.003150684,0.020275,0.03507,0.0229975,0.00922,0.0049575,0.00317,0.000102896,0.000286082,5.94068E-05,3.42985E-05,6.85971E-05,3.88909E-05,291.0442562,291.0597472,-0.426839483,-0.428125731,0.752258641,0.750233572,,0.5781,0.8816,2.1990,4.0898,6.3959,1.7297,1.5249,3.8037,7.0741,11.0631,1.1343,0.6558,2.4943,4.6389,7.2547,0.4547,0.2629,0.4009,1.8598,2.9085,0.2445,0.1414,0.2156,0.5377,1.5639,0.1564,0.0904,0.1378,0.3438,0.6394,-0.2673,-0.0629,0.3748,0.6071,0.7296,0.2079,0.5837,0.7523,0.8342,0.4276,0.6453,0.7577,0.3007,0.4883,0.2199,,,B7 (individual),-0.0488,0.0024,? Very weak
8,2024-04-23 0:00:00,2024-04-16 0:00:00,7,LANDSAT_9,Landsat_8_9,8.95,30,QA_PIXEL_AND_MNDWI_gt_0,3,8.41,0.023505625,0.036905,0.025139792,0.01127191,0.005914861,0.003948819,0.02363,0.036885,0.02517,0.0111725,0.005865,0.003995,0.000293047,6.85971E-05,0.000112268,0.00024009,0.000284314,0.000137194,291.2194577,291.2067221,-0.380894367,-0.383871191,0.723805897,0.725614035,,0.6406,0.9388,2.1150,4.0290,5.9149,1.5609,1.4654,3.3014,6.2890,9.2328,1.0652,0.6824,2.2529,4.2916,6.3004,0.4728,0.3029,0.4439,1.9049,2.7966,0.2482,0.1590,0.2330,0.5249,1.4681,0.1691,0.1083,0.1587,0.3576,0.6812,-0.2190,-0.0316,0.3579,0.6023,0.7108,0.1888,0.5350,0.7256,0.8045,0.3852,0.6220,0.7260,0.3115,0.4732,0.1897,,,?? Ratios & Normalized Differences ??,,,
9,2024-04-23 0:00:00,2024-04-16 0:00:00,7,LANDSAT_9,Landsat_8_9,8.95,30,QA_PIXEL_AND_MNDWI_gt_0,2,6.91,0.022712903,0.037316171,0.025298357,0.011166497,0.005923036,0.003736402,0.0226125,0.0372425,0.025225,0.0111175,0.005865,0.0038025,8.25E-05,0.00015125,0.00017875,0,4.125E-05,0.0001375,290.840647,290.9777148,-0.387544539,-0.387718574,0.726037313,0.729785764,,0.6072,0.8964,2.0340,3.8555,5.9467,1.6470,1.4764,3.3499,6.3500,9.7942,1.1155,0.6773,2.2689,4.3009,6.6338,0.4917,0.2985,0.4407,1.8956,2.9237,0.2594,0.1575,0.2325,0.5275,1.5424,0.1682,0.1021,0.1507,0.3420,0.6483,-0.2444,-0.0546,0.3408,0.5881,0.7121,0.1924,0.5402,0.7279,0.8147,0.3882,0.6227,0.7380,0.3093,0.4903,0.2133,,,B2/B3,-0.1042,0.0109,? Very weak
10,2024-04-23 0:00:00,2024-04-16 0:00:00,7,LANDSAT_9,Landsat_8_9,8.95,30,QA_PIXEL_AND_MNDWI_gt_0,3,9.01,0.014318988,0.034055752,0.022728544,0.009778519,0.006339181,0.004254624,0.013895,0.03375,0.022585,0.00966,0.00625,0.0042425,0.002216022,0.001077853,0.000891762,0.000651285,0.000116673,0.000258298,291.3068683,291.2990086,-0.398685969,-0.400837339,0.686023847,0.6875,,0.4117,0.6152,1.4384,2.2232,3.2752,2.4289,1.4944,3.4938,5.4000,7.9552,1.6254,0.6692,2.3380,3.6136,5.3235,0.6952,0.2862,0.4277,1.5456,2.2770,0.4498,0.1852,0.2767,0.6470,1.4732,0.3053,0.1257,0.1878,0.4392,0.6788,-0.4167,-0.2382,0.1798,0.3795,0.5322,0.1982,0.5549,0.6875,0.7767,0.4008,0.5665,0.6837,0.2143,0.3897,0.1913,,,B2/B4,-0.2193,0.0481,? Very weak
11,2024-04-23 0:00:00,2024-04-16 0:00:00,7,LANDSAT_9,Landsat_8_9,8.95,30,QA_PIXEL_AND_MNDWI_gt_0,2,9.9,0.019427621,0.038517006,0.026955781,0.011727025,0.007451126,0.005049997,0.019395,0.038755,0.0270675,0.01140625,0.00746,0.004985,0.0002475,0.0005225,0.00050875,0.0004125,0.00017875,5.5E-05,293.1019226,293.2130998,-0.393768995,-0.392730492,0.675930695,0.677544845,,0.5005,0.7165,1.7004,2.5999,3.8907,1.9982,1.4318,3.3977,5.1950,7.7743,1.3956,0.6984,2.3730,3.6284,5.4298,0.5881,0.2943,0.4214,1.5290,2.2881,0.3846,0.1925,0.2756,0.6540,1.4965,0.2570,0.1286,0.1842,0.4370,0.6682,-0.3329,-0.1651,0.2594,0.4444,0.5911,0.1776,0.5452,0.6772,0.7721,0.4071,0.5679,0.6889,0.2092,0.3917,0.1989,,,B2/B5,0.0285,0.0008,? Very weak
1,2024-05-08 0:00:00,2024-05-02 0:00:00,6,LANDSAT_9,Landsat_8_9,1.54,30,QA_PIXEL_AND_MNDWI_gt_0,3,1.77,0.013071642,0.035261067,0.017558126,0.012275016,0.006284978,0.00381777,0.01329,0.0353725,0.017525,0.01208,0.0062775,0.0036925,0.000837233,0.000335305,0.000169521,0.000272236,5.94068E-05,9.07454E-05,295.8388428,295.8176311,-0.177235289,-0.184881836,0.697461982,0.698466051,,0.3757,0.7583,1.1002,2.1171,3.5992,2.6616,2.0184,2.9282,5.6348,9.5796,1.3187,0.4954,1.4507,2.7917,4.7461,0.9090,0.3415,0.6893,1.9243,3.2715,0.4723,0.1775,0.3582,0.5197,1.7001,0.2778,0.1044,0.2107,0.3057,0.5882,-0.4538,-0.1374,0.0477,0.3584,0.5651,0.3374,0.4909,0.6986,0.8110,0.1839,0.4725,0.6519,0.3161,0.5318,0.2593,,,B2/B6,-0.1948,0.0380,? Very weak
2,2024-05-08 0:00:00,2024-05-02 0:00:00,6,LANDSAT_9,Landsat_8_9,1.54,30,QA_PIXEL_AND_MNDWI_gt_0,2,2.6,0.009229751,0.034237038,0.016315105,0.009685185,0.004970408,0.003281263,0.008945,0.0342175,0.0164525,0.0098525,0.004985,0.00329375,0.000495,0.00028875,0.00026125,0.00011,0.00015125,8.25E-05,295.9870585,295.9492248,-0.255086003,-0.251190361,0.746429359,0.74464791,,0.2614,0.5437,0.9079,1.7944,2.7157,3.8253,2.0798,3.4730,6.8641,10.3886,1.8393,0.4808,1.6699,3.3004,4.9951,1.1015,0.2879,0.5988,1.9764,2.9913,0.5573,0.1457,0.3030,0.5060,1.5135,0.3682,0.0963,0.2002,0.3343,0.6607,-0.5855,-0.2956,-0.0483,0.2843,0.4618,0.3506,0.5529,0.7457,0.8244,0.2509,0.5349,0.6664,0.3281,0.4989,0.2043,,,B2/B7,-0.1700,0.0289,? Very weak
3,2024-05-08 0:00:00,2024-05-02 0:00:00,6,LANDSAT_9,Landsat_8_9,1.54,30,QA_PIXEL_AND_MNDWI_gt_0,3,1.85,0.01630867,0.037101195,0.019181261,0.010194261,0.004237588,0.002650164,0.01626,0.0370225,0.01923,0.01021,0.0042975,0.00262,0.000157709,0.000129636,5.94068E-05,0.000140223,5.94068E-05,1.29636E-05,295.9687162,295.9919501,-0.305948119,-0.30638587,0.794998705,0.793364587,,0.4392,0.8456,1.5926,3.7836,6.2061,2.2769,1.9252,3.6261,8.6149,14.1307,1.1827,0.5194,1.8834,4.4747,7.3397,0.6279,0.2758,0.5309,2.3758,3.8969,0.2643,0.1161,0.2235,0.4209,1.6403,0.1611,0.0708,0.1362,0.2566,0.6097,-0.3897,-0.0837,0.2286,0.5819,0.7225,0.3163,0.5677,0.7920,0.8678,0.3064,0.6347,0.7602,0.4075,0.5916,0.2425,,,B3/B2,-0.0793,0.0063,? Very weak
4,2024-05-08 0:00:00,2024-05-02 0:00:00,6,LANDSAT_9,Landsat_8_9,1.54,30,QA_PIXEL_AND_MNDWI_gt_0,3,1.53,0.01549957,0.03591756,0.018181822,0.008899501,0.003794727,0.002486577,0.0156,0.03595,0.0183225,0.0088625,0.0037475,0.0024825,0.000331017,0.000281344,0.000234423,0.000118814,9.78732E-05,4.6741E-05,296.0414513,296.0432204,-0.342740888,-0.341274238,0.80890385,0.809348172,,0.4339,0.8514,1.7602,4.1628,6.2840,2.3045,1.9621,4.0564,9.5931,14.4814,1.1745,0.5097,2.0674,4.8893,7.3807,0.5681,0.2465,0.4837,2.3649,3.5700,0.2402,0.1042,0.2045,0.4228,1.5096,0.1591,0.0691,0.1355,0.2801,0.6624,-0.3948,-0.0803,0.2754,0.6126,0.7254,0.3248,0.6045,0.8112,0.8708,0.3480,0.6604,0.7614,0.4056,0.5624,0.2030,,,B3/B4,-0.0714,0.0051,? Very weak
5,2024-05-08 0:00:00,2024-05-02 0:00:00,6,LANDSAT_9,Landsat_8_9,1.54,30,QA_PIXEL_AND_MNDWI_gt_0,3,2.76,0.018916222,0.044651661,0.024325924,0.010664237,0.004226174,0.002707339,0.019835,0.0452175,0.024895,0.0112825,0.00438,0.002675,0.000698233,0.000450754,0.00039342,0.000314618,0.000110761,5.94068E-05,296.057602,296.0261303,-0.39153893,-0.376269781,0.827290089,0.823378194,,0.4387,0.7967,1.7580,4.5285,7.4150,2.2797,1.8163,4.0078,10.3236,16.9037,1.2551,0.5506,2.2065,5.6838,9.3065,0.5688,0.2495,0.4532,2.5759,4.2178,0.2208,0.0969,0.1759,0.3882,1.6374,0.1349,0.0592,0.1075,0.2371,0.6107,-0.3902,-0.1131,0.2748,0.6382,0.7623,0.2899,0.6006,0.8234,0.8883,0.3763,0.7008,0.8059,0.4407,0.6167,0.2417,,,B3/B5,0.0758,0.0057,? Very weak
6,2024-05-08 0:00:00,2024-05-02 0:00:00,6,LANDSAT_9,Landsat_8_9,1.54,30,QA_PIXEL_AND_MNDWI_gt_0,3,2.33,0.018198593,0.038554603,0.020398208,0.010845435,0.004720168,0.003100324,0.01813,0.038645,0.020385,0.0107875,0.00471,0.00306,0.000685113,0.000381932,0.000237981,0.000146093,9.07454E-05,0.000101249,296.3915414,296.4328747,-0.305780418,-0.30685155,0.781930025,0.782724023,,0.4691,0.8894,1.6806,3.8493,5.9248,2.1315,1.8958,3.5824,8.2049,12.6291,1.1244,0.5275,1.8897,4.3280,6.6618,0.5950,0.2791,0.5292,2.2903,3.5253,0.2598,0.1219,0.2311,0.4366,1.5392,0.1688,0.0792,0.1501,0.2837,0.6497,-0.3613,-0.0585,0.2539,0.5876,0.7112,0.3093,0.5635,0.7827,0.8533,0.3079,0.6246,0.7390,0.3922,0.5580,0.2124,,,B3/B6,-0.2018,0.0407,? Very weak
7,2024-05-08 0:00:00,2024-05-02 0:00:00,6,LANDSAT_9,Landsat_8_9,1.54,30,QA_PIXEL_AND_MNDWI_gt_0,3,3.23,0.016837049,0.034417282,0.01810087,0.010895454,0.004345183,0.00268419,0.01681,0.034355,0.01813,0.010925,0.00438,0.0026475,0.000134722,0.00017822,7.88546E-05,0.000157176,0.00013658,0.000115223,295.3665817,295.3561984,-0.248538489,-0.247977973,0.775856214,0.775251705,,0.4893,0.9272,1.5387,3.8379,6.3494,2.0437,1.8949,3.1446,7.8436,12.9764,1.0785,0.5277,1.6595,4.1393,6.8480,0.6499,0.3180,0.6026,2.4943,4.1265,0.2606,0.1275,0.2416,0.4009,1.6544,0.1575,0.0771,0.1460,0.2423,0.6045,-0.3429,-0.0378,0.2122,0.5866,0.7279,0.3091,0.5174,0.7738,0.8569,0.2480,0.6108,0.7452,0.4276,0.6099,0.2465,,,B3/B7,-0.1603,0.0257,? Very weak
8,2024-05-08 0:00:00,2024-05-02 0:00:00,6,LANDSAT_9,Landsat_8_9,1.54,30,QA_PIXEL_AND_MNDWI_gt_0,3,3.29,0.021491771,0.038838299,0.021707847,0.013993264,0.005650556,0.003344306,0.0216225,0.0388375,0.021705,0.0139775,0.005645,0.003335,0.000218082,0.000116673,0.000149504,0.00024733,0.000152839,6.48181E-05,296.1720047,296.1867772,-0.216162013,-0.214140136,0.746001219,0.746192323,,0.5567,0.9962,1.5470,3.8304,6.4835,1.7962,1.7893,2.7786,6.8800,11.6454,1.0038,0.5589,1.5529,3.8450,6.5082,0.6464,0.3599,0.6440,2.4761,4.1912,0.2611,0.1453,0.2601,0.4039,1.6927,0.1542,0.0859,0.1537,0.2386,0.5908,-0.2847,-0.0019,0.2147,0.5860,0.7327,0.2830,0.4707,0.7462,0.8418,0.2166,0.5872,0.7336,0.4246,0.6147,0.2572,,,B4/B2,0.1604,0.0257,? Very weak
9,2024-05-08 0:00:00,2024-05-02 0:00:00,6,LANDSAT_9,Landsat_8_9,1.54,30,QA_PIXEL_AND_MNDWI_gt_0,2,4.12,0.020534086,0.038600225,0.021482976,0.013142414,0.005174569,0.003007443,0.0203025,0.0383975,0.02132,0.0132625,0.00515,0.00295,0.00017875,0.000165,0.00022,0.00011,1.375E-05,1.375E-05,296.2042057,296.2756458,-0.240918777,-0.235924933,0.763619196,0.763476663,,0.5287,0.9523,1.5308,3.9422,6.8822,1.8913,1.8010,2.8952,7.4558,13.0161,1.0501,0.5552,1.6075,4.1398,7.2271,0.6532,0.3454,0.6221,2.5752,4.4958,0.2537,0.1341,0.2416,0.3883,1.7458,0.1453,0.0768,0.1384,0.2224,0.5728,-0.3083,-0.0244,0.2097,0.5953,0.7463,0.2860,0.4865,0.7635,0.8573,0.2330,0.6109,0.7569,0.4406,0.6361,0.2716,,,B4/B3,0.2147,0.0461,? Very weak
10,2024-05-08 0:00:00,2024-05-02 0:00:00,6,LANDSAT_9,Landsat_8_9,1.54,30,QA_PIXEL_AND_MNDWI_gt_0,3,3.7,0.011217956,0.030563535,0.017968287,0.012371401,0.006401957,0.004200402,0.009935,0.0291575,0.0166725,0.0111725,0.0057,0.0036375,0.002274479,0.002406036,0.002430844,0.002152079,0.001744511,0.001238077,296.467648,296.4362927,-0.187219431,-0.199892047,0.657851473,0.679579493,,0.3407,0.5959,0.8892,1.7430,2.7313,2.9348,1.7488,2.6098,5.1154,8.0158,1.6782,0.5718,1.4923,2.9250,4.5835,1.1246,0.3832,0.6701,1.9601,3.0715,0.5737,0.1955,0.3419,0.5102,1.5670,0.3661,0.1248,0.2182,0.3256,0.6382,-0.4917,-0.2532,-0.0586,0.2709,0.4640,0.2724,0.4459,0.6730,0.7782,0.1975,0.4904,0.6418,0.3243,0.5088,0.2209,,,B4/B5,0.0590,0.0035,? Very weak
11,2024-05-08 0:00:00,2024-05-02 0:00:00,6,LANDSAT_9,Landsat_8_9,1.54,30,QA_PIXEL_AND_MNDWI_gt_0,2,11.8,0.017228884,0.036262672,0.021769365,0.014174314,0.007163919,0.004550788,0.0174975,0.0362525,0.02187,0.0141425,0.0072675,0.0044625,0.00011,0.00020625,4.125E-05,0.00015125,0.000165,4.125E-05,297.2034943,297.0549543,-0.211355269,-0.216373459,0.67003772,0.666015625,,0.4827,0.8001,1.2372,2.4076,3.9210,2.0719,1.6576,2.5634,4.9883,8.1238,1.2499,0.6033,1.5464,3.0093,4.9008,0.8083,0.3901,0.6467,1.9460,3.1692,0.4153,0.2005,0.3323,0.5139,1.6286,0.2550,0.1231,0.2040,0.3155,0.6140,-0.3489,-0.1111,0.1060,0.4131,0.5936,0.2475,0.4387,0.6660,0.7808,0.2146,0.5012,0.6611,0.3211,0.5203,0.2391,,,B4/B6,-0.1931,0.0373,? Very weak
3,2024-05-21 0:00:00,2024-05-18 0:00:00,3,LANDSAT_9,Landsat_8_9,43.88,30,QA_PIXEL_AND_MNDWI_gt_0,1,2.62,0.014568312,0.036683742,0.009523551,0.000277771,9.54299E-05,0.001724061,0.0147475,0.0368575,0.009605,0.0003375,9E-05,0.0017675,0,0,0,0,0,0,294.8687278,294.8640035,-0.944016859,-0.93210963,0.994804634,0.995128222,,0.4001,1.5354,43.6963,163.8611,8.3437,2.4992,3.8373,109.2074,409.5278,20.8529,0.6513,0.2606,28.4593,106.7222,5.4342,0.0229,0.0092,0.0351,3.7500,0.1909,0.0061,0.0024,0.0094,0.2667,0.0509,0.1199,0.0480,0.1840,5.2370,19.6389,-0.4284,0.2112,0.9553,0.9879,0.7860,0.5865,0.9819,0.9951,0.9085,0.9321,0.9814,0.6892,0.5789,-0.6793,-0.9031,,,B4/B7,0.0075,0.0001,? Very weak
4,2024-05-21 0:00:00,2024-05-18 0:00:00,3,LANDSAT_9,Landsat_8_9,43.88,30,QA_PIXEL_AND_MNDWI_gt_0,3,2.65,0.012306161,0.04616069,0.019003726,0.033289525,0.03094252,0.024294621,0.0082575,0.0439525,0.01659,0.0296525,0.0302025,0.023465,0.001481941,0.000950243,0.00035526,0.000706845,0.002166865,0.001406598,294.6033001,294.5837259,0.271956423,0.28247824,0.18679248,0.185422426,,0.1879,0.4977,0.2785,0.2734,0.3519,5.3227,2.6493,1.4823,1.4553,1.8731,2.0091,0.3775,0.5595,0.5493,0.7070,3.5910,0.6746,1.7874,0.9818,1.2637,3.6576,0.6872,1.8205,1.0185,1.2871,2.8417,0.5339,1.4144,0.7913,0.7769,-0.6837,-0.3353,-0.5644,-0.5706,-0.4794,0.4520,0.1943,0.1854,0.3039,-0.2825,-0.2909,-0.1716,-0.0092,0.1165,0.1255,,,B5/B2,0.1589,0.0252,? Very weak
5,2024-05-21 0:00:00,2024-05-18 0:00:00,3,LANDSAT_9,Landsat_8_9,43.88,30,QA_PIXEL_AND_MNDWI_gt_0,3,3.78,0.024041804,0.05097318,0.023527449,0.007975677,0.002803797,0.002563329,0.025225,0.0513775,0.0243725,0.0088625,0.0028125,0.00262,0.00024733,0.000352887,0.000205791,0.00020125,0.000237627,7.77817E-05,295.5021954,295.4758291,-0.49937475,-0.470183829,0.895984095,0.89572227,,0.4910,1.0350,2.8463,8.9689,9.6279,2.0368,2.1080,5.7972,18.2676,19.6097,0.9662,0.4744,2.7501,8.6658,9.3025,0.3513,0.1725,0.3636,3.1511,3.3826,0.1115,0.0547,0.1154,0.3173,1.0735,0.1039,0.0510,0.1075,0.2956,0.9316,-0.3414,0.0172,0.4800,0.7994,0.8118,0.3565,0.7058,0.8962,0.9030,0.4667,0.7931,0.8059,0.5182,0.5437,0.0354,,,B5/B3,0.4302,0.1851,? Weak
7,2024-05-21 0:00:00,2024-05-18 0:00:00,3,LANDSAT_9,Landsat_8_9,43.88,30,QA_PIXEL_AND_MNDWI_gt_0,1,2.11,0.007150608,0.027894069,0.006127717,9.45037E-05,0.000171818,0.001418803,0.0068275,0.02781,0.0060025,-0.0001025,0.0001175,0.0014375,0,0,0,0,0,0,295.4476113,295.455321,-0.718433395,-0.724199288,0.98799128,0.991585355,,0.2455,1.1374,-66.6098,58.1064,4.7496,4.0732,4.6331,-271.3171,236.6809,19.3461,0.8792,0.2158,-58.5610,51.0851,4.1757,-0.0150,-0.0037,-0.0171,-0.8723,-0.0713,0.0172,0.0042,0.0196,-1.1463,0.0817,0.2105,0.0517,0.2395,-14.0244,12.2340,-0.6058,0.0643,1.0305,0.9662,0.6521,0.6450,1.0074,0.9916,0.9017,1.0347,0.9616,0.6136,-14.6667,-1.1536,-0.8489,,,B5/B4,0.2511,0.0630,? Very weak
8,2024-05-21 0:00:00,2024-05-18 0:00:00,3,LANDSAT_9,Landsat_8_9,43.88,30,QA_PIXEL_AND_MNDWI_gt_0,3,2.22,0.024248576,0.03912625,0.018352326,0.012300521,0.003901806,0.002917639,0.0240975,0.0388925,0.01835,0.0125475,0.003445,0.002675,0.001095177,0.001043149,0.00069219,0.000505249,0.000742783,0.000641798,295.6458108,295.62964,-0.197634175,-0.201948295,0.819869756,0.842676105,,0.6196,1.3132,1.9205,6.9949,9.0084,1.6140,2.1195,3.0996,11.2896,14.5393,0.7615,0.4718,1.4624,5.3266,6.8598,0.5207,0.3226,0.6838,3.6422,4.6907,0.1430,0.0886,0.1877,0.2746,1.2879,0.1110,0.0688,0.1458,0.2132,0.7765,-0.2349,0.1354,0.3152,0.7498,0.8002,0.3589,0.5122,0.8373,0.8713,0.1878,0.6839,0.7455,0.5692,0.6485,0.1258,,,B5/B6,0.1988,0.0395,? Very weak
9,2024-05-21 0:00:00,2024-05-18 0:00:00,3,LANDSAT_9,Landsat_8_9,43.88,30,QA_PIXEL_AND_MNDWI_gt_0,2,3.91,0.021113785,0.033646596,0.014954622,0.009610863,0.00258224,0.002119242,0.01923,0.0323475,0.0140325,0.009,0.002565,0.0019875,0.00297,0.001925,0.00163625,0.00100375,2.75E-05,1.375E-05,295.7698048,295.7766148,-0.219121125,-0.218495604,0.857887616,0.853061224,,0.5945,1.3704,2.1367,7.4971,9.6755,1.6821,2.3052,3.5942,12.6111,16.2755,0.7297,0.4338,1.5592,5.4708,7.0604,0.4680,0.2782,0.6414,3.5088,4.5283,0.1334,0.0793,0.1828,0.2850,1.2906,0.1034,0.0614,0.1416,0.2208,0.7749,-0.2543,0.1563,0.3624,0.7646,0.8127,0.3949,0.5647,0.8531,0.8842,0.2185,0.6909,0.7519,0.5564,0.6382,0.1269,,,B5/B7,0.2868,0.0823,? Very weak
10,2024-05-21 0:00:00,2024-05-18 0:00:00,3,LANDSAT_9,Landsat_8_9,43.88,30,QA_PIXEL_AND_MNDWI_gt_0,3,8.01,0.010975935,0.027712831,0.010666754,0.008925736,0.003456099,0.002949328,0.0098525,0.027315,0.010265,0.0088075,0.003445,0.00295,0.001438846,0.00044926,0.000563731,0.00047649,4.6741E-05,2.24537E-05,295.7197211,295.7082544,-0.088664024,-0.096491228,0.778174097,0.778607584,,0.3607,0.9598,1.1186,2.8599,3.3398,2.7724,2.6610,3.1013,7.9289,9.2593,1.0419,0.3758,1.1655,2.9797,3.4797,0.8939,0.3224,0.8580,2.5566,2.9856,0.3497,0.1261,0.3356,0.3911,1.1678,0.2994,0.1080,0.2874,0.3349,0.8563,-0.4698,-0.0205,0.0560,0.4819,0.5392,0.4537,0.5124,0.7760,0.8051,0.0764,0.4974,0.5535,0.4377,0.4982,0.0774,,,B6/B2,-0.0749,0.0056,? Very weak
11,2024-05-21 0:00:00,2024-05-18 0:00:00,3,LANDSAT_9,Landsat_8_9,43.88,30,QA_PIXEL_AND_MNDWI_gt_0,2,16.28,0.026476496,0.039903862,0.025846065,0.021738182,0.014345137,0.011776307,0.0261875,0.04079,0.0268475,0.02275,0.01494,0.0120525,0.00119625,0.000715,0.00077,0.00066,0.000715,0.00050875,296.6081049,296.6140297,-0.087417575,-0.082615051,0.474690574,0.463843531,,0.6420,0.9754,1.1511,1.7528,2.1728,1.5576,1.5193,1.7930,2.7303,3.3844,1.0252,0.6582,1.1801,1.7970,2.2275,0.8687,0.5577,0.8474,1.5228,1.8876,0.5705,0.3663,0.5565,0.6567,1.2396,0.4602,0.2955,0.4489,0.5298,0.8067,-0.2180,-0.0124,0.0702,0.2735,0.3696,0.2061,0.2839,0.4638,0.5438,0.0826,0.2850,0.3803,0.2072,0.3074,0.1070,,,B6/B3,0.0567,0.0032,? Very weak
1,2024-06-11 0:00:00,2024-06-11 0:00:00,0,LANDSAT_8,Landsat_8_9,42.78,30,QA_PIXEL_AND_MNDWI_gt_0,3,4.3,0.023192691,0.052503043,0.03203581,0.028011341,0.02341,0.021015893,0.0246475,0.052285,0.03122,0.0283325,0.0237125,0.0214025,0.00167291,0.001348529,0.001550658,0.001932624,0.001496555,0.001059454,294.7800166,294.7682989,-0.06770141,-0.068004817,0.384356915,0.375966315,,0.4714,0.7895,0.8699,1.0394,1.1516,2.1213,1.6747,1.8454,2.2050,2.4429,1.2667,0.5971,1.1019,1.3166,1.4587,1.1495,0.5419,0.9075,1.1948,1.3238,0.9621,0.4535,0.7595,0.8369,1.1079,0.8683,0.4093,0.6855,0.7554,0.9026,-0.3592,-0.1176,-0.0696,0.0193,0.0705,0.2523,0.2971,0.3760,0.4191,0.0485,0.1367,0.1866,0.0888,0.1393,0.0512,,,B6/B4,0.0895,0.0080,? Very weak
2,2024-06-11 0:00:00,2024-06-11 0:00:00,0,LANDSAT_8,Landsat_8_9,42.78,30,QA_PIXEL_AND_MNDWI_gt_0,2,4.63,0.000755051,0.020399241,0.003699094,0.002655357,0.003285717,0.004017624,0.002785,0.0236575,0.0058375,0.0027025,0.0025925,0.0034725,0.00396,0.00559625,0.00367125,0.0008525,0.000165,0.00015125,294.6415793,294.6247421,-0.324079722,-0.336876007,0.734717931,0.72651842,,0.1177,0.4771,1.0305,1.0743,0.8020,8.4946,4.0527,8.7539,9.1254,6.8128,2.0961,0.2468,2.1600,2.2517,1.6811,0.9704,0.1142,0.4630,1.0424,0.7783,0.9309,0.1096,0.4441,0.9593,0.7466,1.2469,0.1468,0.5949,1.2849,1.3394,-0.7894,-0.3540,0.0150,0.0358,-0.1099,0.6042,0.7950,0.8025,0.7440,0.3671,0.3849,0.2540,0.0208,-0.1247,-0.1451,,,B6/B5,-0.0254,0.0006,? Very weak
4,2024-06-11 0:00:00,2024-06-11 0:00:00,0,LANDSAT_8,Landsat_8_9,42.78,30,QA_PIXEL_AND_MNDWI_gt_0,3,5.72,0.022051168,0.045789714,0.026553153,0.017867126,0.016094274,0.015154921,0.022035,0.0457125,0.02704,0.0175525,0.01593,0.015325,0.000909581,0.000863031,0.001021662,0.001218925,0.001410535,0.001107537,294.9776698,294.9733801,-0.196557142,-0.196240421,0.481113642,0.475251119,,0.4820,0.8149,1.2554,1.3832,1.4378,2.0745,1.6906,2.6043,2.8696,2.9829,1.2271,0.5915,1.5405,1.6974,1.7644,0.7966,0.3840,0.6491,1.1019,1.1454,0.7229,0.3485,0.5891,0.9076,1.0395,0.6955,0.3352,0.5668,0.8731,0.9620,-0.3495,-0.1020,0.1132,0.1608,0.1796,0.2567,0.4451,0.4831,0.4978,0.2128,0.2586,0.2765,0.0485,0.0678,0.0194,,,B6/B7,0.2346,0.0550,? Very weak
6,2024-06-11 0:00:00,2024-06-11 0:00:00,0,LANDSAT_8,Landsat_8_9,42.78,30,QA_PIXEL_AND_MNDWI_gt_0,3,5.13,0.0302546,0.056037824,0.037472319,0.03049277,0.02635533,0.023368907,0.0308625,0.0568225,0.0381225,0.03133,0.0272325,0.0241525,0.005423213,0.004030853,0.00440521,0.004210065,0.003182748,0.002845006,294.9403248,294.9152738,-0.103981668,-0.097800655,0.36208511,0.352031408,,0.5431,0.8096,0.9851,1.1333,1.2778,1.8412,1.4905,1.8137,2.0866,2.3527,1.2352,0.6709,1.2168,1.3999,1.5784,1.0151,0.5514,0.8218,1.1505,1.2972,0.8824,0.4793,0.7143,0.8692,1.1275,0.7826,0.4251,0.6335,0.7709,0.8869,-0.2961,-0.1052,-0.0075,0.0625,0.1220,0.1970,0.2892,0.3520,0.4035,0.0978,0.1666,0.2243,0.0700,0.1294,0.0599,,,B7/B2,-0.1229,0.0151,? Very weak
7,2024-06-11 0:00:00,2024-06-11 0:00:00,0,LANDSAT_8,Landsat_8_9,42.78,30,QA_PIXEL_AND_MNDWI_gt_0,3,7.47,0.031198846,0.051983679,0.037017298,0.02819181,0.023853433,0.021615079,0.0303675,0.05113,0.0356475,0.0279475,0.024235,0.02198,0.001739446,0.00143867,0.001692088,0.001600207,0.001733785,0.001284053,295.1737201,295.1750433,-0.135862645,-0.129779331,0.371980607,0.357174505,,0.5939,0.8519,1.0866,1.2530,1.3816,1.6837,1.4343,1.8295,2.1098,2.3262,1.1739,0.6972,1.2755,1.4709,1.6218,0.9203,0.5466,0.7840,1.1532,1.2715,0.7981,0.4740,0.6799,0.8672,1.1026,0.7238,0.4299,0.6166,0.7865,0.9070,-0.2548,-0.0800,0.0415,0.1123,0.1602,0.1784,0.2932,0.3569,0.3987,0.1211,0.1906,0.2372,0.0711,0.1195,0.0488,,,B7/B3,-0.0068,0.0000,? Very weak
8,2024-06-11 0:00:00,2024-06-11 0:00:00,0,LANDSAT_8,Landsat_8_9,42.78,30,QA_PIXEL_AND_MNDWI_gt_0,3,9.63,0.034562882,0.049569375,0.036977465,0.029747049,0.021514861,0.019121146,0.0357575,0.0503875,0.038095,0.0302025,0.021815,0.019505,0.002813106,0.001893621,0.001718695,0.001057231,0.000129636,0.000383031,295.3120878,295.3322722,-0.108594022,-0.113535158,0.394293812,0.390431513,,0.7097,0.9386,1.1839,1.6391,1.8332,1.4091,1.3227,1.6683,2.3098,2.5833,1.0654,0.7560,1.2613,1.7463,1.9531,0.8446,0.5994,0.7928,1.3845,1.5484,0.6101,0.4329,0.5726,0.7223,1.1184,0.5455,0.3871,0.5120,0.6458,0.8941,-0.1698,-0.0317,0.0842,0.2422,0.2941,0.1389,0.2505,0.3957,0.4419,0.1156,0.2717,0.3227,0.1612,0.2152,0.0559,,,B7/B4,0.0515,0.0027,? Very weak
9,2024-06-11 0:00:00,2024-06-11 0:00:00,0,LANDSAT_8,Landsat_8_9,42.78,30,QA_PIXEL_AND_MNDWI_gt_0,2,8.85,0.024297364,0.044611907,0.031776735,0.025878683,0.021954594,0.020573277,0.02627,0.046015,0.0334475,0.02737,0.0221725,0.0205225,0.00328625,0.0021175,0.00215875,0.00177375,0.00081125,0.00070125,295.2299876,295.2331497,-0.102488878,-0.100231339,0.340093671,0.343363666,,0.5709,0.7854,0.9598,1.1848,1.2801,1.7516,1.3757,1.6812,2.0753,2.2422,1.2732,0.7269,1.2220,1.5085,1.6298,1.0419,0.5948,0.8183,1.2344,1.3337,0.8440,0.4819,0.6629,0.8101,1.0804,0.7812,0.4460,0.6136,0.7498,0.9256,-0.2732,-0.1202,-0.0205,0.0846,0.1228,0.1582,0.2541,0.3497,0.3831,0.0999,0.2027,0.2395,0.1049,0.1430,0.0386,,,B7/B5,0.0752,0.0056,? Very weak
10,2024-06-11 0:00:00,2024-06-11 0:00:00,0,LANDSAT_8,Landsat_8_9,42.78,30,QA_PIXEL_AND_MNDWI_gt_0,3,14.81,0.024492503,0.049555325,0.035719184,0.023409682,0.014308384,0.012002767,0.023245,0.04948,0.03573,0.0236575,0.0148575,0.0123825,0.000471705,0.000564029,0.000792691,0.001280121,0.001534479,0.001202966,295.8228372,295.8142131,-0.209225355,-0.203283519,0.554134679,0.538138722,,0.4698,0.6506,0.9826,1.5645,1.8772,2.1286,1.3848,2.0915,3.3303,3.9960,1.5371,0.7221,1.5103,2.4048,2.8855,1.0177,0.4781,0.6621,1.5923,1.9106,0.6392,0.3003,0.4158,0.6280,1.1999,0.5327,0.2503,0.3466,0.5234,0.8334,-0.3607,-0.2117,-0.0088,0.2201,0.3049,0.1614,0.3531,0.5381,0.5997,0.2033,0.4126,0.4853,0.2285,0.3128,0.0909,,,B7/B6,-0.2005,0.0402,? Very weak
3,2024-06-28 0:00:00,2024-06-27 0:00:00,1,LANDSAT_8,Landsat_8_9,41.08,30,QA_PIXEL_AND_MNDWI_gt_0,3,13.45,0.013483953,0.055092145,0.027094031,0.011309931,0.01318339,0.013358318,0.012355,0.054815,0.02638,0.010705,0.01318,0.0134,0.001990792,0.001659597,0.001623354,0.001566454,0.001034169,0.00096629,299.187141,299.1877988,-0.413989483,-0.422677632,0.614471145,0.612324436,,0.2254,0.4683,1.1541,0.9374,0.9220,4.4367,2.0779,5.1205,4.1590,4.0907,2.1352,0.4813,2.4643,2.0015,1.9687,0.8665,0.1953,0.4058,0.8122,0.7989,1.0668,0.2404,0.4996,1.2312,0.9836,1.0846,0.2445,0.5080,1.2518,1.0167,-0.6321,-0.3621,0.0716,-0.0323,-0.0406,0.3502,0.6732,0.6123,0.6071,0.4227,0.3337,0.3263,-0.1036,-0.1118,-0.0083,,,(B2-B3)/(B2+B3),-0.1402,0.0197,? Very weak
4,2024-06-28 0:00:00,2024-06-27 0:00:00,1,LANDSAT_8,Landsat_8_9,41.08,30,QA_PIXEL_AND_MNDWI_gt_0,3,14.74,0.035930861,0.066458106,0.042661071,0.025147164,0.021031388,0.01885989,0.03628,0.06675,0.0428525,0.0254725,0.0212375,0.01879,0.000221143,0.00024009,8.09578E-05,0.000118814,0.00022788,0.000203739,299.2044552,299.2117249,-0.258488978,-0.254972214,0.519298384,0.517411805,,0.5435,0.8466,1.4243,1.7083,1.9308,1.8399,1.5577,2.6205,3.1430,3.5524,1.1812,0.6420,1.6823,2.0178,2.2806,0.7021,0.3816,0.5944,1.1994,1.3556,0.5854,0.3182,0.4956,0.8337,1.1303,0.5179,0.2815,0.4385,0.7377,0.8848,-0.2957,-0.0831,0.1750,0.2615,0.3176,0.2180,0.4476,0.5173,0.5607,0.2544,0.3373,0.3904,0.0907,0.1510,0.0611,,,(B2-B4)/(B2+B4),-0.0193,0.0004,? Very weak
5,2024-06-28 0:00:00,2024-06-27 0:00:00,1,LANDSAT_8,Landsat_8_9,41.08,30,QA_PIXEL_AND_MNDWI_gt_0,1,16.69,0.00685617,0.015281897,0.004227872,0.004026791,0.003165904,0.003889096,0.00702,0.0152975,0.00438,0.0040775,0.0031425,0.0039125,0,0,0,0,0,0,298.8117439,298.8015625,-0.022367774,-0.035767071,0.713198875,0.703666245,,0.4589,1.6027,1.7216,2.2339,1.7942,2.1791,3.4926,3.7517,4.8679,3.9099,0.6239,0.2863,1.0742,1.3938,1.1195,0.5808,0.2665,0.9309,1.2975,1.0422,0.4476,0.2054,0.7175,0.7707,0.8032,0.5573,0.2558,0.8933,0.9595,1.2450,-0.3709,0.2316,0.2651,0.3815,0.2842,0.5548,0.5791,0.6592,0.5927,0.0358,0.1645,0.0564,0.1295,0.0207,-0.1091,,,(B2-B5)/(B2+B5),-0.2151,0.0463,? Very weak
6,2024-06-28 0:00:00,2024-06-27 0:00:00,1,LANDSAT_8,Landsat_8_9,41.08,30,QA_PIXEL_AND_MNDWI_gt_0,3,13.55,0.013228798,0.051396247,0.024320087,0.007259385,0.008753953,0.008752323,0.0127675,0.0513775,0.02407,0.00669,0.0093025,0.0089725,0.005962718,0.005409048,0.005916457,0.005809223,0.004651015,0.003956965,299.2999019,299.3040115,-0.520256554,-0.565019506,0.7267651,0.693391562,,0.2485,0.5304,1.9084,1.3725,1.4230,4.0241,2.1345,7.6797,5.5230,5.7261,1.8853,0.4685,3.5979,2.5875,2.6826,0.5240,0.1302,0.2779,0.7192,0.7456,0.7286,0.1811,0.3865,1.3905,1.0368,0.7028,0.1746,0.3728,1.3412,0.9645,-0.6019,-0.3068,0.3123,0.1570,0.1746,0.3619,0.7696,0.6934,0.7027,0.5650,0.4425,0.4569,-0.1634,-0.1457,0.0181,,,(B2-B6)/(B2+B6),0.0837,0.0070,? Very weak
1,2024-07-18 0:00:00,2024-07-13 0:00:00,5,LANDSAT_8,Landsat_8_9,20.63,30,QA_PIXEL_AND_MNDWI_gt_0,3,11.59,0.01829472,0.050172357,0.026079666,0.023158132,0.006156074,0.004191169,0.0176075,0.049315,0.0252525,0.02264,0.0059475,0.00416,0.001146969,0.000832402,0.000744365,0.000465789,0.000293047,0.000135344,303.0184351,302.9681289,-0.059281275,-0.063711036,0.7819353,0.782918149,,0.3570,0.6973,0.7777,2.9605,4.2326,2.8008,1.9529,2.1782,8.2917,11.8546,1.4342,0.5121,1.1154,4.2459,6.0703,1.2858,0.4591,0.8965,3.8066,5.4423,0.3378,0.1206,0.2355,0.2627,1.4297,0.2363,0.0844,0.1647,0.1837,0.6995,-0.4738,-0.1784,-0.1250,0.4950,0.6178,0.3227,0.3707,0.7848,0.8444,0.0545,0.6187,0.7171,0.5839,0.6896,0.1768,,,(B2-B7)/(B2+B7),0.1160,0.0135,? Very weak
2,2024-07-18 0:00:00,2024-07-13 0:00:00,5,LANDSAT_8,Landsat_8_9,20.63,30,QA_PIXEL_AND_MNDWI_gt_0,2,9.78,0.006656221,0.040852366,0.016638862,0.011775957,0.001846983,0.002279302,0.0064425,0.04145,0.016535,0.01168125,0.00189125,0.0022625,0.0004675,0.00121,0.00099,0.0005775,0.000165,0.000385,303.0952235,303.0552884,-0.170599431,-0.175095341,0.913504129,0.913989206,,0.1554,0.3896,0.5515,3.4065,2.8475,6.4338,2.5068,3.5484,21.9167,18.3204,2.5666,0.3989,1.4155,8.7429,7.3083,1.8132,0.2818,0.7065,6.1765,5.1630,0.2936,0.0456,0.1144,0.1619,0.8359,0.3512,0.0546,0.1368,0.1937,1.1963,-0.7310,-0.4392,-0.2891,0.5461,0.4802,0.4297,0.5603,0.9127,0.8965,0.1720,0.7947,0.7593,0.7213,0.6755,-0.0894,,,(B3-B4)/(B3+B4),-0.1890,0.0357,? Very weak
4,2024-07-18 0:00:00,2024-07-13 0:00:00,5,LANDSAT_8,Landsat_8_9,20.63,30,QA_PIXEL_AND_MNDWI_gt_0,3,12.76,0.016423584,0.047684692,0.023342079,0.015085377,0.00323305,0.002497563,0.016425,0.04805,0.023355,0.0150775,0.00328,0.0024,0.000866432,0.000348815,0.000580765,0.000587382,0.000291898,0.000195746,303.45171,303.4056355,-0.214983918,-0.21537761,0.87325574,0.872199493,,0.3418,0.7033,1.0894,5.0076,6.8438,2.9254,2.0574,3.1869,14.6494,20.0208,1.4219,0.4861,1.5490,7.1204,9.7313,0.9180,0.3138,0.6456,4.5968,6.2823,0.1997,0.0683,0.1404,0.2175,1.3667,0.1461,0.0499,0.1028,0.1592,0.7317,-0.4905,-0.1742,0.0428,0.6671,0.7450,0.3458,0.5223,0.8722,0.9049,0.2154,0.7537,0.8136,0.6427,0.7254,0.1549,,,(B3-B5)/(B3+B5),-0.4215,0.1777,? Weak
5,2024-07-18 0:00:00,2024-07-13 0:00:00,5,LANDSAT_8,Landsat_8_9,20.63,30,QA_PIXEL_AND_MNDWI_gt_0,3,14.25,0.022646684,0.046852601,0.026070016,0.019822782,0.004116557,0.00246332,0.0223925,0.046895,0.0259125,0.01978,0.004105,0.0023725,0.000830886,0.000436164,0.000789718,0.000598717,0.000191844,0.000123665,304.9657236,304.9198183,-0.136223107,-0.134212398,0.838556405,0.839106364,,0.4775,0.8642,1.1321,5.4549,9.4384,2.0942,1.8097,2.3708,11.4239,19.7661,1.1572,0.5526,1.3100,6.3124,10.9220,0.8833,0.4218,0.7633,4.8185,8.3372,0.1833,0.0875,0.1584,0.2075,1.7302,0.1060,0.0506,0.0916,0.1199,0.5780,-0.3536,-0.0729,0.0619,0.6902,0.8084,0.2882,0.4067,0.8390,0.9037,0.1342,0.7265,0.8322,0.6563,0.7858,0.2675,,,(B3-B6)/(B3+B6),-0.1068,0.0114,? Very weak
6,2024-07-18 0:00:00,2024-07-13 0:00:00,5,LANDSAT_8,Landsat_8_9,20.63,30,QA_PIXEL_AND_MNDWI_gt_0,3,9.51,0.01695987,0.047893456,0.023902624,0.015968507,0.003607729,0.002660429,0.0173875,0.04761,0.023905,0.016315,0.00372,0.002565,0.000611356,3.42985E-05,0.000233705,0.000673734,0.000343719,0.000190966,304.8480573,304.8412039,-0.19972294,-0.196841368,0.860079392,0.857965638,,0.3652,0.7274,1.0657,4.6741,6.7788,2.7382,1.9916,2.9182,12.7984,18.5614,1.3748,0.5021,1.4652,6.4261,9.3197,0.9383,0.3427,0.6825,4.3858,6.3606,0.2139,0.0781,0.1556,0.2280,1.4503,0.1475,0.0539,0.1073,0.1572,0.6895,-0.4650,-0.1578,0.0318,0.6475,0.7429,0.3315,0.4896,0.8551,0.8978,0.1887,0.7307,0.8062,0.6286,0.7283,0.1838,,,(B3-B7)/(B3+B7),-0.0243,0.0006,? Very weak
7,2024-07-18 0:00:00,2024-07-13 0:00:00,5,LANDSAT_8,Landsat_8_9,20.63,30,QA_PIXEL_AND_MNDWI_gt_0,3,14.14,0.017784117,0.038603421,0.020747286,0.019330914,0.005022418,0.003542967,0.0167275,0.0391125,0.0199725,0.0174425,0.004655,0.00306,0.001594526,0.001231271,0.00198017,0.003014064,0.001338961,0.000899362,303.509676,303.5081761,-0.038999215,-0.054726368,0.77339858,0.787285086,,0.4277,0.8375,0.9590,3.5934,5.4665,2.3382,1.9583,2.2424,8.4023,12.7819,1.1940,0.5106,1.1450,4.2905,6.5270,1.0427,0.4460,0.8733,3.7470,5.7002,0.2783,0.1190,0.2331,0.2669,1.5212,0.1829,0.0782,0.1532,0.1754,0.6574,-0.4009,-0.0884,-0.0209,0.5646,0.6907,0.3239,0.3832,0.7873,0.8549,0.0676,0.6220,0.7343,0.5787,0.7015,0.2067,,,(B4-B5)/(B4+B5),-0.3382,0.1144,? Weak
8,2024-07-18 0:00:00,2024-07-13 0:00:00,5,LANDSAT_8,Landsat_8_9,20.63,30,QA_PIXEL_AND_MNDWI_gt_0,3,15.21,0.025979861,0.04128309,0.024251562,0.022577257,0.005275764,0.003445972,0.02605,0.0414225,0.024345,0.022255,0.00515,0.003335,0.000327187,0.000370995,0.000390418,0.000710165,7.88546E-05,0.000125017,303.3945658,303.3646192,-0.035963149,-0.039938387,0.773654342,0.77699594,,0.6289,1.0700,1.1705,5.0583,7.8111,1.5901,1.7015,1.8613,8.0432,12.4205,0.9345,0.5877,1.0939,4.7272,7.2999,0.8543,0.5373,0.9142,4.3214,6.6732,0.1977,0.1243,0.2115,0.2314,1.5442,0.1280,0.0805,0.1370,0.1499,0.6476,-0.2278,0.0338,0.0786,0.6699,0.7730,0.2597,0.3010,0.7788,0.8510,0.0448,0.6508,0.7590,0.6242,0.7394,0.2139,,,(B4-B6)/(B4+B6),-0.1071,0.0115,? Very weak
9,2024-07-18 0:00:00,2024-07-13 0:00:00,5,LANDSAT_8,Landsat_8_9,20.63,30,QA_PIXEL_AND_MNDWI_gt_0,2,13.7,0.029067078,0.044302462,0.026991037,0.022612814,0.00456566,0.002503404,0.02902,0.0445025,0.0272325,0.0226125,0.00449,0.002455,0.00015125,2.75E-05,0,9.625E-05,8.25E-05,2.75E-05,303.5479388,303.5423563,-0.088240961,-0.092687331,0.813178642,0.816706639,,0.6521,1.0656,1.2834,6.4633,11.8208,1.5335,1.6342,1.9680,9.9115,18.1273,0.9384,0.6119,1.2043,6.0651,11.0927,0.7792,0.5081,0.8303,5.0362,9.2108,0.1547,0.1009,0.1649,0.1986,1.8289,0.0846,0.0552,0.0901,0.1086,0.5468,-0.2106,0.0318,0.1241,0.7320,0.8440,0.2407,0.3262,0.8167,0.8954,0.0927,0.7169,0.8346,0.6687,0.8041,0.2930,,,(B4-B7)/(B4+B7),-0.0123,0.0002,? Very weak
10,2024-08-07 0:00:00,2024-08-06 0:00:00,1,LANDSAT_9,Landsat_8_9,46.62,30,QA_PIXEL_AND_MNDWI_gt_0,3,18.46,-0.015990112,0.033242346,0.004802397,0.02340134,0.012602641,0.010655373,-0.01905,0.032485,0.00427,0.02297,0.0127125,0.01076,0.003456721,0.001103965,0.001695263,0.00074954,0.000195746,0.000175369,302.5301259,302.5272043,0.682415302,0.686490455,0.449607601,0.437468887,,-0.5864,-4.4614,-0.8293,-1.4985,-1.7704,-1.7052,7.6077,1.4142,2.5554,3.0191,-0.2241,0.1314,0.1859,0.3359,0.3968,-1.2058,0.7071,5.3794,1.8069,2.1348,-0.6673,0.3913,2.9772,0.5534,1.1815,-0.5648,0.3312,2.5199,0.4684,0.8464,-3.8359,1.5778,-10.7194,5.0118,3.5959,0.7677,0.1716,0.4375,0.5024,-0.6865,-0.4971,-0.4318,0.2875,0.3620,0.0832,,,(B5-B6)/(B5+B6),0.1639,0.0269,? Very weak
1,2024-08-30 0:00:00,2024-08-30 0:00:00,0,LANDSAT_8,Landsat_8_9,3.9,30,QA_PIXEL_AND_MNDWI_gt_0,3,14.9,0.006926283,0.036503215,0.017390435,0.016762897,0.006340222,0.003949155,0.0068825,0.0361975,0.01703,0.0166175,0.0062775,0.00394,0.000663935,0.00039555,0.000525147,0.000707557,0.000236564,5.94068E-05,300.4669418,300.3772698,-0.018443649,-0.016968167,0.704124622,0.702681902,,0.1901,0.4041,0.4142,1.0964,1.7468,5.2594,2.1255,2.1783,5.7662,9.1872,2.4744,0.4705,1.0248,2.7129,4.3223,2.4145,0.4591,0.9758,2.6472,4.2176,0.9121,0.1734,0.3686,0.3778,1.5933,0.5725,0.1088,0.2314,0.2371,0.6276,-0.6805,-0.4244,-0.4143,0.0460,0.2719,0.3601,0.3707,0.7044,0.8037,0.0123,0.4613,0.6242,0.4516,0.6167,0.2288,,,(B5-B7)/(B5+B7),0.2588,0.0670,? Very weak
2,2024-08-30 0:00:00,2024-08-30 0:00:00,0,LANDSAT_8,Landsat_8_9,3.9,30,QA_PIXEL_AND_MNDWI_gt_0,2,17.2,0.00825045,0.039825325,0.020449751,0.017943147,0.006035858,0.003455383,0.0082025,0.0397725,0.020495,0.01813,0.0061125,0.0034175,0.00042625,0.00011,0.0002475,0.000385,0.00012375,4.125E-05,300.574159,300.5515888,-0.065348493,-0.064335576,0.736828456,0.733573063,,0.2062,0.4002,0.4524,1.3419,2.4001,4.8488,1.9406,2.1937,6.5067,11.6379,2.4986,0.5153,1.1304,3.3530,5.9971,2.2103,0.4558,0.8846,2.9661,5.3050,0.7452,0.1537,0.2982,0.3371,1.7886,0.4166,0.0859,0.1667,0.1885,0.5591,-0.6581,-0.4283,-0.3770,0.1460,0.4118,0.3199,0.3738,0.7336,0.8417,0.0612,0.5405,0.7142,0.4957,0.6828,0.2828,,,(B6-B7)/(B6+B7),0.2319,0.0538,? Very weak
4,2024-08-30 0:00:00,2024-08-30 0:00:00,0,LANDSAT_8,Landsat_8_9,3.9,30,QA_PIXEL_AND_MNDWI_gt_0,3,11.62,0.00918407,0.036269083,0.018243835,0.016673364,0.005422996,0.003136212,0.00922,0.036225,0.01835,0.0167,0.00537,0.0031425,7.21784E-05,0.000215758,0.0001593,0.000135344,0.000118814,0.000157176,300.136046,300.1448444,-0.045022207,-0.042103771,0.739858553,0.74076756,,0.2545,0.5025,0.5521,1.7169,2.9340,3.9290,1.9741,2.1692,6.7458,11.5274,1.9902,0.5066,1.0988,3.4171,5.8393,1.8113,0.4610,0.9101,3.1099,5.3142,0.5824,0.1482,0.2926,0.3216,1.7088,0.3408,0.0867,0.1713,0.1882,0.5852,-0.5942,-0.3312,-0.2886,0.2639,0.4916,0.3275,0.3689,0.7418,0.8404,0.0471,0.5472,0.7076,0.5134,0.6833,0.2617,,,,,,
5,2024-08-30 0:00:00,2024-08-30 0:00:00,0,LANDSAT_8,Landsat_8_9,3.9,30,QA_PIXEL_AND_MNDWI_gt_0,3,12.31,0.015852095,0.037657576,0.021148212,0.018283617,0.005805788,0.003253301,0.0156275,0.0376275,0.021045,0.01824,0.005865,0.0031975,0.000373928,0.000348574,0.00024009,0.000421467,0.000182874,2.24537E-05,301.022791,301.0027674,-0.07269327,-0.072939691,0.732888361,0.730298327,,0.4153,0.7426,0.8568,2.6645,4.8874,2.4078,1.7880,2.0629,6.4156,11.7678,1.3467,0.5593,1.1538,3.5882,6.5817,1.1672,0.4848,0.8667,3.1100,5.7045,0.3753,0.1559,0.2787,0.3215,1.8342,0.2046,0.0850,0.1519,0.1753,0.5452,-0.4131,-0.1477,-0.0771,0.4542,0.6603,0.2826,0.3470,0.7303,0.8434,0.0714,0.5641,0.7362,0.5134,0.7017,0.2943,,,?? TIP: Click any cell in Pearson R column ? Data ? Sort Largest to Smallest to rank all combinations.,,,
6,2024-08-30 0:00:00,2024-08-30 0:00:00,0,LANDSAT_8,Landsat_8_9,3.9,30,QA_PIXEL_AND_MNDWI_gt_0,3,19.77,0.012780604,0.037586547,0.020331747,0.019395629,0.006504908,0.003858304,0.0128775,0.0375725,0.020275,0.0195325,0.00658,0.0038025,0.000316748,0.000248347,0.000146093,0.000202083,0.000140223,7.77817E-05,300.546073,300.5686789,-0.023570732,-0.021790269,0.704964053,0.701182934,,0.3427,0.6351,0.6593,1.9571,3.3866,2.9177,1.8531,1.9236,5.7101,9.8810,1.5745,0.5396,1.0380,3.0813,5.3320,1.5168,0.5199,0.9634,2.9685,5.1368,0.5110,0.1751,0.3245,0.3369,1.7304,0.2953,0.1012,0.1875,0.1947,0.5779,-0.4895,-0.2231,-0.2053,0.3237,0.5441,0.2990,0.3159,0.7019,0.8162,0.0187,0.5100,0.6841,0.4960,0.6741,0.2675,,,,,,
7,2024-08-30 0:00:00,2024-08-30 0:00:00,0,LANDSAT_8,Landsat_8_9,3.9,30,QA_PIXEL_AND_MNDWI_gt_0,3,14.12,0.015525025,0.038751428,0.022304001,0.021169426,0.007224152,0.004017437,0.016535,0.03947,0.0238225,0.022695,0.008285,0.0046,0.001550928,0.001796713,0.001909529,0.001905829,0.00119603,0.000738927,300.4322038,300.4387941,-0.026595548,-0.030714558,0.687675026,0.661543053,,0.4189,0.6941,0.7286,1.9958,3.5946,2.3871,1.6568,1.7391,4.7640,8.5804,1.4407,0.6036,1.0497,2.8754,5.1788,1.3725,0.5750,0.9527,2.7393,4.9337,0.5011,0.2099,0.3478,0.3651,1.8011,0.2782,0.1165,0.1931,0.2027,0.5552,-0.4095,-0.1806,-0.1570,0.3324,0.5647,0.2472,0.2698,0.6530,0.7912,0.0242,0.4839,0.6763,0.4651,0.6629,0.2860,,,,,,
8,2024-08-30 0:00:00,2024-08-30 0:00:00,0,LANDSAT_8,Landsat_8_9,3.9,30,QA_PIXEL_AND_MNDWI_gt_0,3,17.21,0.020163299,0.040869931,0.025078403,0.024085764,0.008678264,0.005198819,0.0200825,0.04079,0.0250875,0.0243175,0.008835,0.0053425,0.000539044,0.000322531,0.000260243,0.000624007,0.000425041,0.000350737,300.3481993,300.3499256,-0.020328194,-0.015585467,0.649831246,0.648218196,,0.4923,0.8005,0.8258,2.2731,3.7590,2.0311,1.6259,1.6774,4.6169,7.6350,1.2492,0.6150,1.0317,2.8396,4.6958,1.2109,0.5962,0.9693,2.7524,4.5517,0.4399,0.2166,0.3522,0.3633,1.6537,0.2660,0.1310,0.2130,0.2197,0.6047,-0.3402,-0.1108,-0.0954,0.3890,0.5797,0.2384,0.2530,0.6439,0.7684,0.0156,0.4791,0.6489,0.4670,0.6398,0.2463,,,,,,
9,2024-08-30 0:00:00,2024-08-30 0:00:00,0,LANDSAT_8,Landsat_8_9,3.9,30,QA_PIXEL_AND_MNDWI_gt_0,2,20.21,0.019991624,0.035064207,0.021152208,0.020706555,0.006269892,0.003588363,0.01989,0.0351525,0.021155,0.02070125,0.0062775,0.0036375,0.00023375,5.5E-05,0.00015125,1.375E-05,5.5E-05,1.375E-05,300.7962418,300.8352844,-0.010625872,-0.010508717,0.69664863,0.696958726,,0.5658,0.9402,0.9608,3.1685,5.4680,1.7673,1.6617,1.6981,5.5998,9.6639,1.0636,0.6018,1.0219,3.3700,5.8158,1.0408,0.5889,0.9786,3.2977,5.6911,0.3156,0.1786,0.2967,0.3032,1.7258,0.1829,0.1035,0.1719,0.1757,0.5795,-0.2773,-0.0308,-0.0200,0.5202,0.6908,0.2486,0.2587,0.6970,0.8125,0.0108,0.5423,0.7066,0.5346,0.7011,0.2663,,,,,,
10,2024-08-30 0:00:00,2024-08-30 0:00:00,0,LANDSAT_8,Landsat_8_9,3.9,30,QA_PIXEL_AND_MNDWI_gt_0,3,19.02,0.013220614,0.032979505,0.020763602,0.024041404,0.008813226,0.005030916,0.0127125,0.0329525,0.020605,0.02396,0.0088075,0.005095,0.000359492,0.000337801,0.000230446,0.0001426,0.000140223,0.000135344,301.0688828,301.0506197,0.073183571,0.075283294,0.578062672,0.573885165,,0.3858,0.6170,0.5306,1.4434,2.4951,2.5921,1.5992,1.3753,3.7414,6.4676,1.6208,0.6253,0.8600,2.3395,4.0442,1.8848,0.7271,1.1628,2.7204,4.7026,0.6928,0.2673,0.4274,0.3676,1.7287,0.4008,0.1546,0.2473,0.2126,0.5785,-0.4432,-0.2369,-0.3067,0.1815,0.4278,0.2305,0.1580,0.5782,0.7322,-0.0753,0.4011,0.6035,0.4624,0.6493,0.2670,,,,,,
11,2024-08-30 0:00:00,2024-08-30 0:00:00,0,LANDSAT_8,Landsat_8_9,3.9,30,QA_PIXEL_AND_MNDWI_gt_0,2,27.29,0.020449541,0.036792714,0.025954066,0.028592733,0.010962637,0.006202331,0.0202475,0.0365825,0.0257475,0.0286075,0.01098,0.006195,0.0004125,0.00042625,0.00031625,0.00048125,0.0001925,0.00017875,301.6113232,301.4744542,0.048361756,0.049069526,0.540999337,0.544610918,,0.5535,0.7864,0.7078,1.8440,3.2684,1.8068,1.4208,1.2788,3.3317,5.9052,1.2716,0.7038,0.9000,2.3449,4.1562,1.4129,0.7820,1.1111,2.6054,4.6178,0.5423,0.3001,0.4264,0.3838,1.7724,0.3060,0.1693,0.2406,0.2166,0.5642,-0.2874,-0.1196,-0.1711,0.2968,0.5314,0.1738,0.1223,0.5383,0.7104,-0.0526,0.4021,0.6121,0.4453,0.6440,0.2786,,,,,,
2,2024-10-04 0:00:00,2024-10-09 0:00:00,-5,LANDSAT_9,Landsat_8_9,8.66,30,QA_PIXEL_AND_MNDWI_gt_0,2,7.09363,0.006270274,0.016981173,0.011375418,0.006276237,0.003149445,0.002108268,0.00614,0.016865,0.01142,0.0063325,0.003115,0.00213875,0.00020625,0.0001925,0.0001375,0.00017875,8.25E-05,8.25E-05,292.0962269,292.1005343,-0.288935771,-0.289815179,0.687366344,0.688448445,,0.3641,0.5377,0.9696,1.9711,2.8708,2.7467,1.4768,2.6632,5.4141,7.8854,1.8599,0.6771,1.8034,3.6661,5.3396,1.0314,0.3755,0.5545,2.0329,2.9608,0.5073,0.1847,0.2728,0.4919,1.4565,0.3483,0.1268,0.1873,0.3377,0.6866,-0.4662,-0.3007,-0.0154,0.3269,0.4833,0.1925,0.4540,0.6882,0.7749,0.2866,0.5714,0.6845,0.3406,0.4951,0.1858,,,,,,
3,2024-10-04 0:00:00,2024-10-09 0:00:00,-5,LANDSAT_9,Landsat_8_9,8.66,30,QA_PIXEL_AND_MNDWI_gt_0,3,10.270195,0.010449371,0.019212566,0.013422,0.007062824,0.002863142,0.001886286,0.0104575,0.01912,0.0134,0.0069925,0.002785,0.0018775,0.000252375,0.000131566,0.000193588,0.000202083,0.000123665,8.50082E-05,292.0858669,292.0885713,-0.310659699,-0.319713,0.740971413,0.745080092,,0.5469,0.7804,1.4955,3.7549,5.5699,1.8284,1.4269,2.7344,6.8654,10.1838,1.2814,0.7008,1.9163,4.8115,7.1372,0.6687,0.3657,0.5218,2.5108,3.7244,0.2663,0.1457,0.2078,0.3983,1.4834,0.1795,0.0982,0.1401,0.2685,0.6741,-0.2929,-0.1233,0.1986,0.5794,0.6956,0.1759,0.4644,0.7457,0.8212,0.3142,0.6559,0.7542,0.4303,0.5767,0.1946,,,,,,
4,2024-10-04 0:00:00,2024-10-09 0:00:00,-5,LANDSAT_9,Landsat_8_9,8.66,30,QA_PIXEL_AND_MNDWI_gt_0,3,8.727292,0.012075509,0.019916533,0.014368269,0.007591178,0.002871508,0.001823122,0.0119975,0.019835,0.0144175,0.0075975,0.00285375,0.0017675,0.00017822,5.65071E-05,2.24537E-05,0.000112268,5.65071E-05,9.07454E-05,291.9689706,291.9689406,-0.308650488,-0.310649881,0.74797796,0.747226852,,0.6049,0.8321,1.5791,4.2041,6.7878,1.6533,1.3758,2.6107,6.9505,11.2221,1.2017,0.7269,1.8977,5.0521,8.1570,0.6333,0.3830,0.5270,2.6623,4.2984,0.2379,0.1439,0.1979,0.3756,1.6146,0.1473,0.0891,0.1226,0.2326,0.6194,-0.2462,-0.0916,0.2245,0.6157,0.7432,0.1582,0.4461,0.7484,0.8364,0.3098,0.6695,0.7816,0.4539,0.6225,0.2351,,,,,,
5,2024-10-04 0:00:00,2024-10-09 0:00:00,-5,LANDSAT_9,Landsat_8_9,8.66,30,QA_PIXEL_AND_MNDWI_gt_0,3,13.204736,0.013057816,0.031616453,0.020023218,0.008880218,0.00341207,0.002087335,0.0132075,0.0317975,0.020165,0.0088625,0.003445,0.0022075,0.000118814,0.000123665,8.09578E-05,0.000131566,0.000186964,8.98146E-05,291.0227115,291.0289851,-0.385535314,-0.382941688,0.805289592,0.804497411,,0.4154,0.6550,1.4903,3.8338,5.9830,2.4075,1.5769,3.5879,9.2300,14.4043,1.5268,0.6342,2.2753,5.8534,9.1348,0.6710,0.2787,0.4395,2.5726,4.0147,0.2608,0.1083,0.1708,0.3887,1.5606,0.1671,0.0694,0.1095,0.2491,0.6408,-0.4131,-0.2085,0.1969,0.5862,0.7136,0.2239,0.5641,0.8045,0.8702,0.3894,0.7082,0.8027,0.4402,0.6012,0.2189,,,,,,
6,2024-10-04 0:00:00,2024-10-09 0:00:00,-5,LANDSAT_9,Landsat_8_9,8.66,30,QA_PIXEL_AND_MNDWI_gt_0,3,15.231687,0.009274441,0.017304581,0.012598761,0.006896442,0.002726401,0.001836582,0.0092475,0.017195,0.0126575,0.0067175,0.002675,0.001795,5.18545E-05,0.000196175,0.000311936,0.000162434,1.29636E-05,0.000157709,291.8938527,291.9108342,-0.292439466,-0.29252238,0.728008227,0.731286476,,0.5378,0.7306,1.3766,3.4570,5.1518,1.8594,1.3585,2.5597,6.4280,9.5794,1.3687,0.7361,1.8843,4.7318,7.0515,0.7264,0.3907,0.5307,2.5112,3.7423,0.2893,0.1556,0.2113,0.3982,1.4903,0.1941,0.1044,0.1418,0.2672,0.6710,-0.3006,-0.1557,0.1585,0.5513,0.6749,0.1520,0.4382,0.7307,0.8110,0.3066,0.6511,0.7516,0.4304,0.5783,0.1969,,,,,,
7,2024-10-04 0:00:00,2024-10-09 0:00:00,-5,LANDSAT_9,Landsat_8_9,8.66,30,QA_PIXEL_AND_MNDWI_gt_0,3,22.250383,0.012583323,0.024938799,0.016520504,0.008037431,0.003043805,0.001909369,0.01241,0.0250875,0.0164525,0.0079275,0.00306,0.0018775,0.000263133,0.000352887,0.000102896,9.78732E-05,0.000101249,0.000112268,291.6642196,291.6579007,-0.345443403,-0.351195976,0.782387309,0.783420331,,0.4947,0.7543,1.5654,4.0556,6.6099,2.0216,1.5248,3.1646,8.1985,13.3622,1.3257,0.6558,2.0754,5.3766,8.7630,0.6388,0.3160,0.4818,2.5907,4.2224,0.2466,0.1220,0.1860,0.3860,1.6298,0.1513,0.0748,0.1141,0.2368,0.6136,-0.3381,-0.1401,0.2204,0.6044,0.7372,0.2079,0.5198,0.7826,0.8607,0.3497,0.6864,0.7951,0.4430,0.6170,0.2395,,,,,,
8,2024-10-04 0:00:00,2024-10-09 0:00:00,-5,LANDSAT_9,Landsat_8_9,8.66,30,QA_PIXEL_AND_MNDWI_gt_0,3,29.662368,0.015278958,0.027789271,0.018459167,0.009755694,0.003940208,0.002476701,0.015215,0.0277825,0.0184875,0.0097425,0.0039125,0.00251,0.00013658,8.50082E-05,8.50082E-05,3.88909E-05,2.24537E-05,0.000123665,291.4503855,291.4733277,-0.308493601,-0.309776833,0.751619885,0.753115633,,0.5476,0.8230,1.5617,3.8888,6.0618,1.8260,1.5028,2.8517,7.1010,11.0687,1.2151,0.6654,1.8976,4.7252,7.3655,0.6403,0.3507,0.5270,2.4901,3.8815,0.2571,0.1408,0.2116,0.4016,1.5588,0.1650,0.0903,0.1358,0.2576,0.6415,-0.2923,-0.0971,0.2193,0.5909,0.7168,0.2009,0.4807,0.7531,0.8343,0.3098,0.6507,0.7609,0.4269,0.5903,0.2184,,,,,,
9,2024-10-04 0:00:00,2024-10-09 0:00:00,-5,LANDSAT_9,Landsat_8_9,8.66,30,QA_PIXEL_AND_MNDWI_gt_0,2,13.930808,0.014304429,0.029348709,0.019047865,0.008449791,0.002832113,0.001686361,0.0142525,0.029295,0.019065,0.008285,0.0028675,0.001685,0.0002475,0.00011,9.625E-05,8.25E-05,0,2.75E-05,291.4416416,291.4425655,-0.385625535,-0.389855473,0.82399786,0.820458637,,0.4865,0.7476,1.7203,4.9704,8.4585,2.0554,1.5366,3.5359,10.2162,17.3858,1.3377,0.6508,2.3011,6.6486,11.3145,0.5813,0.2828,0.4346,2.8893,4.9169,0.2012,0.0979,0.1504,0.3461,1.7018,0.1182,0.0575,0.0884,0.2034,0.5876,-0.3454,-0.1444,0.2648,0.6650,0.7885,0.2115,0.5591,0.8217,0.8912,0.3941,0.7385,0.8376,0.4858,0.6620,0.2597,,,,,,
10,2024-10-04 0:00:00,2024-10-09 0:00:00,-5,LANDSAT_9,Landsat_8_9,8.66,30,QA_PIXEL_AND_MNDWI_gt_0,3,19.860396,0.00979704,0.030371883,0.020015835,0.009053621,0.004059897,0.002828194,0.009,0.0299825,0.0194775,0.0090275,0.0040225,0.0028125,0.001092257,0.00060929,0.000850971,0.000473305,0.000311397,0.000102896,291.7938791,291.7946215,-0.377139601,-0.381260527,0.764355791,0.763417145,,0.3002,0.4621,0.9970,2.2374,3.2000,3.3314,1.5393,3.3212,7.4537,10.6604,2.1642,0.6496,2.1576,4.8421,6.9253,1.0031,0.3011,0.4635,2.2443,3.2098,0.4469,0.1342,0.2065,0.4456,1.4302,0.3125,0.0938,0.1444,0.3115,0.6992,-0.5383,-0.3679,-0.0015,0.3822,0.5238,0.2124,0.5372,0.7634,0.8285,0.3666,0.6577,0.7476,0.3835,0.5249,0.1770,,,,,,
11,2024-10-04 0:00:00,2024-10-09 0:00:00,-5,LANDSAT_9,Landsat_8_9,8.66,30,QA_PIXEL_AND_MNDWI_gt_0,2,26.75808,0.009872704,0.033753999,0.021686304,0.008788664,0.004534232,0.003581658,0.0104025,0.0340525,0.0217875,0.0093575,0.004545,0.0035825,0.00078375,0.00075625,0.000825,0.000715,0.000385,0.00017875,291.0202002,290.9708787,-0.424499514,-0.409015552,0.763518404,0.770700637,,0.3055,0.4775,1.1117,2.2888,2.9037,3.2735,1.5629,3.6391,7.4923,9.5052,2.0944,0.6398,2.3283,4.7937,6.0816,0.8995,0.2748,0.4295,2.0589,2.6120,0.4369,0.1335,0.2086,0.4857,1.2687,0.3444,0.1052,0.1644,0.3828,0.7882,-0.5320,-0.3537,0.0529,0.3919,0.4877,0.2196,0.5689,0.7645,0.8096,0.3991,0.6548,0.7176,0.3462,0.4463,0.1184,,,,,,
