location,Field_Date,Satellite_Date,Days Gaps,Satellite,Sensor,Scene_Cloud_Pct,Buffer_m,Water_Mask,valid_pixels,Target Variable(Chlorophyll-a),mean_SR_B2,mean_SR_B3,mean_SR_B4,mean_SR_B5,mean_SR_B6,mean_SR_B7,med_SR_B2,med_SR_B3,med_SR_B4,med_SR_B5,med_SR_B6,med_SR_B7,sd_SR_B2,sd_SR_B3,sd_SR_B4,sd_SR_B5,sd_SR_B6,sd_SR_B7,mean_ST_B10_K,med_ST_B10_K,mean_NDCI_L8,med_NDCI_L8,mean_MNDWI,med_MNDWI,,B2/B3,B2/B4,B2/B5,B2/B6,B2/B7,B3/B2,B3/B4,B3/B5,B3/B6,B3/B7,B4/B2,B4/B3,B4/B5,B4/B6,B4/B7,B5/B2,B5/B3,B5/B4,B5/B6,B5/B7,B6/B2,B6/B3,B6/B4,B6/B5,B6/B7,B7/B2,B7/B3,B7/B4,B7/B5,B7/B6,(B2-B3)/(B2+B3),(B2-B4)/(B2+B4),(B2-B5)/(B2+B5),(B2-B6)/(B2+B6),(B2-B7)/(B2+B7),(B3-B4)/(B3+B4),(B3-B5)/(B3+B5),(B3-B6)/(B3+B6),(B3-B7)/(B3+B7),(B4-B5)/(B4+B5),(B4-B6)/(B4+B6),(B4-B7)/(B4+B7),(B5-B6)/(B5+B6),(B5-B7)/(B5+B7),(B6-B7)/(B6+B7),,,ALL COMBINATIONS vs Chl-a  —  SD Bands L89  (2024 only),,,
1,2024-04-23 0:00:00,2024-04-16 0:00:00,7,LANDSAT_9,Landsat_8_9,8.95,30,QA_PIXEL_AND_MNDWI_gt_0,3,4.13,0.01331474,0.030955448,0.018922503,0.008328259,0.006089997,0.004176179,0.0134275,0.030725,0.01868,0.0083675,0.00603,0.0041875,0.000825713,0.000470456,0.000324867,0.000255025,0.000135344,0.000144357,291.2651021,291.3263528,-0.388901442,-0.391867578,0.671217532,0.677530728,,1.7551,2.5417,3.2378,6.1008,5.7199,0.5698,1.4481,1.8447,3.4760,3.2590,0.3934,0.6905,1.2739,2.4003,2.2504,0.3089,0.5421,0.7850,1.8843,1.7666,0.1639,0.2877,0.4166,0.5307,0.9376,0.1748,0.3068,0.4444,0.5661,1.0666,0.2741,0.4353,0.5281,0.7183,0.7024,0.1831,0.2970,0.5532,0.5304,0.1204,0.4118,0.3847,0.3066,0.2771,-0.0322,,,Band Combination,Pearson R,R˛,Strength
2,2024-04-23 0:00:00,2024-04-16 0:00:00,7,LANDSAT_9,Landsat_8_9,8.95,30,QA_PIXEL_AND_MNDWI_gt_0,2,4.64,0.013466996,0.031307305,0.019300328,0.007402966,0.005202474,0.003593514,0.01349625,0.03128875,0.01924375,0.0073775,0.005205,0.0036375,0.00017875,4.125E-05,8.25E-05,0.00011,4.125E-05,6.875E-05,291.1699784,291.1537428,-0.445576798,-0.443607589,0.714993355,0.715067743,,4.3333,2.1667,1.6250,4.3333,2.6000,0.2308,0.5000,0.3750,1.0000,0.6000,0.4615,2.0000,0.7500,2.0000,1.2000,0.6154,2.6667,1.3333,2.6667,1.6000,0.2308,1.0000,0.5000,0.3750,0.6000,0.3846,1.6667,0.8333,0.6250,1.6667,0.6250,0.3684,0.2381,0.6250,0.4444,-0.3333,-0.4545,0.0000,-0.2500,-0.1429,0.3333,0.0909,0.4545,0.2308,-0.2500,,,B2 (individual),-0.0672,0.0045,? Very weak
3,2024-04-23 0:00:00,2024-04-16 0:00:00,7,LANDSAT_9,Landsat_8_9,8.95,30,QA_PIXEL_AND_MNDWI_gt_0,3,4.3,0.018752261,0.034330233,0.022165547,0.008648346,0.004599481,0.003029594,0.0187075,0.03452,0.022035,0.008615,0.0045725,0.0030325,0.000123665,0.000203739,0.000162434,9.50527E-11,9.3482E-05,3.42985E-05,290.5965991,290.6017326,-0.438704591,-0.437846656,0.763710083,0.765583447,,0.6070,0.7613,1301015.9460,1.3229,3.6056,1.6475,1.2543,2143435.4048,2.1794,5.9402,1.3135,0.7973,1708880.7184,1.7376,4.7359,0.0000,0.0000,0.0000,0.0000,0.0000,0.7559,0.4588,0.5755,983475.6128,2.7255,0.2774,0.1683,0.2112,360836.9003,0.3669,-0.2446,-0.1355,1.0000,0.1390,0.5657,0.1128,1.0000,0.3710,0.7118,1.0000,0.2694,0.6513,-1.0000,-1.0000,0.4632,,,B3 (individual),-0.0943,0.0089,? Very weak
4,2024-04-23 0:00:00,2024-04-16 0:00:00,7,LANDSAT_9,Landsat_8_9,8.95,30,QA_PIXEL_AND_MNDWI_gt_0,3,4.51,0.019907239,0.035089209,0.022775289,0.009164965,0.004847673,0.00305233,0.0198075,0.035125,0.0228325,0.00911,0.00482,0.00310125,0.000168527,0.000113014,0.000181491,9.07454E-05,8.50082E-05,0.000116673,290.4676483,290.4786838,-0.426119957,-0.425941315,0.757237839,0.758668169,,1.4912,0.9286,1.8571,1.9825,1.4444,0.6706,0.6227,1.2454,1.3295,0.9686,1.0769,1.6059,2.0000,2.1350,1.5556,0.5385,0.8030,0.5000,1.0675,0.7778,0.5044,0.7522,0.4684,0.9368,0.7286,0.6923,1.0324,0.6429,1.2857,1.3725,0.1972,-0.0370,0.3000,0.3294,0.1818,-0.2325,0.1093,0.1414,-0.0159,0.3333,0.3620,0.2174,0.0326,-0.1250,-0.1570,,,B4 (individual),-0.0301,0.0009,? Very weak
5,2024-04-23 0:00:00,2024-04-16 0:00:00,7,LANDSAT_9,Landsat_8_9,8.95,30,QA_PIXEL_AND_MNDWI_gt_0,3,5.8,0.021591902,0.041680756,0.02676507,0.009547389,0.005317402,0.003576025,0.0215675,0.0416425,0.0267375,0.0095775,0.005315,0.0035825,0.00025304,0.000291898,0.000129636,0.000135344,9.07454E-05,9.3482E-05,291.4540829,291.4323114,-0.474162318,-0.472532012,0.773727832,0.773625087,,0.8669,1.9519,1.8696,2.7885,2.7068,1.1536,2.2517,2.1567,3.2167,3.1225,0.5123,0.4441,0.9578,1.4286,1.3868,0.5349,0.4637,1.0440,1.4915,1.4478,0.3586,0.3109,0.7000,0.6705,0.9707,0.3694,0.3203,0.7211,0.6907,1.0302,-0.0713,0.3225,0.3030,0.4721,0.4605,0.3849,0.3664,0.5257,0.5149,-0.0215,0.1765,0.1620,0.1973,0.1829,-0.0149,,,B5 (individual),0.0135,0.0002,? Very weak
6,2024-04-23 0:00:00,2024-04-16 0:00:00,7,LANDSAT_9,Landsat_8_9,8.95,30,QA_PIXEL_AND_MNDWI_gt_0,3,5.34,0.021766814,0.03715088,0.024730245,0.010334327,0.005835508,0.00386669,0.021815,0.0372975,0.02473,0.01032,0.00581,0.0038025,0.000314618,0.00024733,0.000326158,0.000262173,0.000202083,5.65071E-05,290.7449333,290.7794696,-0.410658562,-0.417072654,0.728633289,0.726072607,,1.2721,0.9646,1.2000,1.5569,5.5678,0.7861,0.7583,0.9434,1.2239,4.3770,1.0367,1.3187,1.2441,1.6140,5.7720,0.8333,1.0600,0.8038,1.2974,4.6396,0.6423,0.8171,0.6196,0.7708,3.5762,0.1796,0.2285,0.1733,0.2155,0.2796,0.1197,-0.0180,0.0909,0.2178,0.6955,-0.1375,-0.0291,0.1007,0.6280,0.1088,0.2349,0.7047,0.1294,0.6454,0.5630,,,B6 (individual),-0.0505,0.0026,? Very weak
7,2024-04-23 0:00:00,2024-04-16 0:00:00,7,LANDSAT_9,Landsat_8_9,8.95,30,QA_PIXEL_AND_MNDWI_gt_0,3,7.93,0.020341132,0.035010249,0.022977387,0.009230577,0.004949628,0.003150684,0.020275,0.03507,0.0229975,0.00922,0.0049575,0.00317,0.000102896,0.000286082,5.94068E-05,3.42985E-05,6.85971E-05,3.88909E-05,291.0442562,291.0597472,-0.426839483,-0.428125731,0.752258641,0.750233572,,0.3597,1.7321,3.0000,1.5000,2.6458,2.7803,4.8156,8.3409,4.1705,7.3560,0.5774,0.2077,1.7321,0.8660,1.5275,0.3333,0.1199,0.5774,0.5000,0.8819,0.6667,0.2398,1.1547,2.0000,1.7638,0.3780,0.1359,0.6547,1.1339,0.5669,-0.4709,0.2679,0.5000,0.2000,0.4514,0.6561,0.7859,0.6132,0.7607,0.2679,-0.0718,0.2087,-0.3333,-0.0627,0.2764,,,B7 (individual),-0.0454,0.0021,? Very weak
8,2024-04-23 0:00:00,2024-04-16 0:00:00,7,LANDSAT_9,Landsat_8_9,8.95,30,QA_PIXEL_AND_MNDWI_gt_0,3,8.41,0.023505625,0.036905,0.025139792,0.01127191,0.005914861,0.003948819,0.02363,0.036885,0.02517,0.0111725,0.005865,0.003995,0.000293047,6.85971E-05,0.000112268,0.00024009,0.000284314,0.000137194,291.2194577,291.2067221,-0.380894367,-0.383871191,0.723805897,0.725614035,,4.2720,2.6102,1.2206,1.0307,2.1360,0.2341,0.6110,0.2857,0.2413,0.5000,0.3831,1.6366,0.4676,0.3949,0.8183,0.8193,3.5000,2.1385,0.8445,1.7500,0.9702,4.1447,2.5325,1.1842,2.0724,0.4682,2.0000,1.2220,0.5714,0.4825,0.6206,0.4460,0.0993,0.0151,0.3622,-0.2415,-0.5556,-0.6113,-0.3333,-0.3628,-0.4338,-0.0999,-0.0843,0.2727,0.3490,,,?? Ratios & Normalized Differences ??,,,
9,2024-04-23 0:00:00,2024-04-16 0:00:00,7,LANDSAT_9,Landsat_8_9,8.95,30,QA_PIXEL_AND_MNDWI_gt_0,2,6.91,0.022712903,0.037316171,0.025298357,0.011166497,0.005923036,0.003736402,0.0226125,0.0372425,0.025225,0.0111175,0.005865,0.0038025,8.25E-05,0.00015125,0.00017875,0,4.125E-05,0.0001375,290.840647,290.9777148,-0.387544539,-0.387718574,0.726037313,0.729785764,,0.5455,0.4615,,2.0000,0.6000,1.8333,0.8462,,3.6667,1.1000,2.1667,1.1818,,4.3333,1.3000,0.0000,0.0000,0.0000,0.0000,0.0000,0.5000,0.2727,0.2308,,0.3000,1.6667,0.9091,0.7692,,3.3333,-0.2941,-0.3684,1.0000,0.3333,-0.2500,-0.0833,1.0000,0.5714,0.0476,1.0000,0.6250,0.1304,-1.0000,-1.0000,-0.5385,,,B2/B3,0.0191,0.0004,? Very weak
10,2024-04-23 0:00:00,2024-04-16 0:00:00,7,LANDSAT_9,Landsat_8_9,8.95,30,QA_PIXEL_AND_MNDWI_gt_0,3,9.01,0.014318988,0.034055752,0.022728544,0.009778519,0.006339181,0.004254624,0.013895,0.03375,0.022585,0.00966,0.00625,0.0042425,0.002216022,0.001077853,0.000891762,0.000651285,0.000116673,0.000258298,291.3068683,291.2990086,-0.398685969,-0.400837339,0.686023847,0.6875,,2.0560,2.4850,3.4025,18.9935,8.5793,0.4864,1.2087,1.6550,9.2383,4.1729,0.4024,0.8273,1.3692,7.6433,3.4524,0.2939,0.6042,0.7303,5.5822,2.5214,0.0526,0.1082,0.1308,0.1791,0.4517,0.1166,0.2396,0.2896,0.3966,2.2139,0.3455,0.4261,0.5457,0.9000,0.7912,0.0945,0.2467,0.8047,0.6134,0.1558,0.7686,0.5508,0.6961,0.4321,-0.3777,,,B2/B4,-0.1403,0.0197,? Very weak
11,2024-04-23 0:00:00,2024-04-16 0:00:00,7,LANDSAT_9,Landsat_8_9,8.95,30,QA_PIXEL_AND_MNDWI_gt_0,2,9.9,0.019427621,0.038517006,0.026955781,0.011727025,0.007451126,0.005049997,0.019395,0.038755,0.0270675,0.01140625,0.00746,0.004985,0.0002475,0.0005225,0.00050875,0.0004125,0.00017875,5.5E-05,293.1019226,293.2130998,-0.393768995,-0.392730492,0.675930695,0.677544845,,0.4737,0.4865,0.6000,1.3846,4.5000,2.1111,1.0270,1.2667,2.9231,9.5000,2.0556,0.9737,1.2333,2.8462,9.2500,1.6667,0.7895,0.8108,2.3077,7.5000,0.7222,0.3421,0.3514,0.4333,3.2500,0.2222,0.1053,0.1081,0.1333,0.3077,-0.3571,-0.3455,-0.2500,0.1613,0.6364,0.0133,0.1176,0.4902,0.8095,0.1045,0.4800,0.8049,0.3953,0.7647,0.5294,,,B2/B5,-0.1140,0.0130,? Very weak
1,2024-05-08 0:00:00,2024-05-02 0:00:00,6,LANDSAT_9,Landsat_8_9,1.54,30,QA_PIXEL_AND_MNDWI_gt_0,3,1.77,0.013071642,0.035261067,0.017558126,0.012275016,0.006284978,0.00381777,0.01329,0.0353725,0.017525,0.01208,0.0062775,0.0036925,0.000837233,0.000335305,0.000169521,0.000272236,5.94068E-05,9.07454E-05,295.8388428,295.8176311,-0.177235289,-0.184881836,0.697461982,0.698466051,,2.4969,4.9388,3.0754,14.0932,9.2262,0.4005,1.9779,1.2317,5.6442,3.6950,0.2025,0.5056,0.6227,2.8536,1.8681,0.3252,0.8119,1.6059,4.5826,3.0000,0.0710,0.1772,0.3504,0.2182,0.6547,0.1084,0.2706,0.5353,0.3333,1.5275,0.4281,0.6632,0.5092,0.8675,0.8044,0.3284,0.1038,0.6990,0.5740,-0.2325,0.4810,0.3027,0.6417,0.5000,-0.2087,,,B2/B6,-0.1468,0.0216,? Very weak
2,2024-05-08 0:00:00,2024-05-02 0:00:00,6,LANDSAT_9,Landsat_8_9,1.54,30,QA_PIXEL_AND_MNDWI_gt_0,2,2.6,0.009229751,0.034237038,0.016315105,0.009685185,0.004970408,0.003281263,0.008945,0.0342175,0.0164525,0.0098525,0.004985,0.00329375,0.000495,0.00028875,0.00026125,0.00011,0.00015125,8.25E-05,295.9870585,295.9492248,-0.255086003,-0.251190361,0.746429359,0.74464791,,1.7143,1.8947,4.5000,3.2727,6.0000,0.5833,1.1053,2.6250,1.9091,3.5000,0.5278,0.9048,2.3750,1.7273,3.1667,0.2222,0.3810,0.4211,0.7273,1.3333,0.3056,0.5238,0.5789,1.3750,1.8333,0.1667,0.2857,0.3158,0.7500,0.5455,0.2632,0.3091,0.6364,0.5319,0.7143,0.0500,0.4483,0.3125,0.5556,0.4074,0.2667,0.5200,-0.1579,0.1429,0.2941,,,B2/B7,-0.1293,0.0167,? Very weak
3,2024-05-08 0:00:00,2024-05-02 0:00:00,6,LANDSAT_9,Landsat_8_9,1.54,30,QA_PIXEL_AND_MNDWI_gt_0,3,1.85,0.01630867,0.037101195,0.019181261,0.010194261,0.004237588,0.002650164,0.01626,0.0370225,0.01923,0.01021,0.0042975,0.00262,0.000157709,0.000129636,5.94068E-05,0.000140223,5.94068E-05,1.29636E-05,295.9687162,295.9919501,-0.305948119,-0.30638587,0.794998705,0.793364587,,1.2166,2.6547,1.1247,2.6547,12.1655,0.8220,2.1822,0.9245,2.1822,10.0000,0.3767,0.4583,0.4237,1.0000,4.5826,0.8891,1.0817,2.3604,2.3604,10.8167,0.3767,0.4583,1.0000,0.4237,4.5826,0.0822,0.1000,0.2182,0.0925,0.2182,0.0977,0.4528,0.0587,0.4528,0.8481,0.3715,-0.0392,0.3715,0.8182,-0.4048,0.0000,0.6417,0.4048,0.8307,0.6417,,,B3/B2,0.0021,0.0000,? Very weak
4,2024-05-08 0:00:00,2024-05-02 0:00:00,6,LANDSAT_9,Landsat_8_9,1.54,30,QA_PIXEL_AND_MNDWI_gt_0,3,1.53,0.01549957,0.03591756,0.018181822,0.008899501,0.003794727,0.002486577,0.0156,0.03595,0.0183225,0.0088625,0.0037475,0.0024825,0.000331017,0.000281344,0.000234423,0.000118814,9.78732E-05,4.6741E-05,296.0414513,296.0432204,-0.342740888,-0.341274238,0.80890385,0.809348172,,1.1766,1.4120,2.7860,3.3821,7.0819,0.8499,1.2002,2.3679,2.8746,6.0192,0.7082,0.8332,1.9730,2.3952,5.0154,0.3589,0.4223,0.5068,1.2140,2.5420,0.2957,0.3479,0.4175,0.8238,2.0939,0.1412,0.1661,0.1994,0.3934,0.4776,0.0811,0.1708,0.4717,0.5436,0.7525,0.0910,0.4062,0.4838,0.7151,0.3273,0.4109,0.6675,0.0966,0.4353,0.3536,,,B3/B4,-0.0835,0.0070,? Very weak
5,2024-05-08 0:00:00,2024-05-02 0:00:00,6,LANDSAT_9,Landsat_8_9,1.54,30,QA_PIXEL_AND_MNDWI_gt_0,3,2.76,0.018916222,0.044651661,0.024325924,0.010664237,0.004226174,0.002707339,0.019835,0.0452175,0.024895,0.0112825,0.00438,0.002675,0.000698233,0.000450754,0.00039342,0.000314618,0.000110761,5.94068E-05,296.057602,296.0261303,-0.39153893,-0.376269781,0.827290089,0.823378194,,1.5490,1.7748,2.2193,6.3039,11.7534,0.6456,1.1457,1.4327,4.0696,7.5876,0.5635,0.8728,1.2505,3.5520,6.6225,0.4506,0.6980,0.7997,2.8405,5.2960,0.1586,0.2457,0.2815,0.3520,1.8645,0.0851,0.1318,0.1510,0.1888,0.5363,0.2154,0.2792,0.3787,0.7262,0.8432,0.0679,0.1779,0.6055,0.7671,0.1113,0.5606,0.7376,0.4792,0.6823,0.3018,,,B3/B5,-0.1140,0.0130,? Very weak
6,2024-05-08 0:00:00,2024-05-02 0:00:00,6,LANDSAT_9,Landsat_8_9,1.54,30,QA_PIXEL_AND_MNDWI_gt_0,3,2.33,0.018198593,0.038554603,0.020398208,0.010845435,0.004720168,0.003100324,0.01813,0.038645,0.020385,0.0107875,0.00471,0.00306,0.000685113,0.000381932,0.000237981,0.000146093,9.07454E-05,0.000101249,296.3915414,296.4328747,-0.305780418,-0.30685155,0.781930025,0.782724023,,1.7938,2.8789,4.6896,7.5498,6.7666,0.5575,1.6049,2.6143,4.2088,3.7722,0.3474,0.6231,1.6290,2.6225,2.3504,0.2132,0.3825,0.6139,1.6099,1.4429,0.1325,0.2376,0.3813,0.6211,0.8963,0.1478,0.2651,0.4255,0.6930,1.1157,0.2841,0.4844,0.6485,0.7661,0.7425,0.2322,0.4466,0.6160,0.5809,0.2392,0.4479,0.4031,0.2337,0.1813,-0.0547,,,B3/B6,-0.1547,0.0239,? Very weak
7,2024-05-08 0:00:00,2024-05-02 0:00:00,6,LANDSAT_9,Landsat_8_9,1.54,30,QA_PIXEL_AND_MNDWI_gt_0,3,3.23,0.016837049,0.034417282,0.01810087,0.010895454,0.004345183,0.00268419,0.01681,0.034355,0.01813,0.010925,0.00438,0.0026475,0.000134722,0.00017822,7.88546E-05,0.000157176,0.00013658,0.000115223,295.3665817,295.3561984,-0.248538489,-0.247977973,0.775856214,0.775251705,,0.7559,1.7085,0.8571,0.9864,1.1692,1.3229,2.2601,1.1339,1.3049,1.5467,0.5853,0.4425,0.5017,0.5774,0.6844,1.1667,0.8819,1.9932,1.1508,1.3641,1.0138,0.7664,1.7321,0.8690,1.1854,0.8553,0.6465,1.4612,0.7331,0.8436,-0.1390,0.2616,-0.0769,-0.0068,0.0780,0.3865,0.0627,0.1323,0.2147,-0.3318,-0.2679,-0.1874,0.0701,0.1540,0.0848,,,B3/B7,-0.1610,0.0259,? Very weak
8,2024-05-08 0:00:00,2024-05-02 0:00:00,6,LANDSAT_9,Landsat_8_9,1.54,30,QA_PIXEL_AND_MNDWI_gt_0,3,3.29,0.021491771,0.038838299,0.021707847,0.013993264,0.005650556,0.003344306,0.0216225,0.0388375,0.021705,0.0139775,0.005645,0.003335,0.000218082,0.000116673,0.000149504,0.00024733,0.000152839,6.48181E-05,296.1720047,296.1867772,-0.216162013,-0.214140136,0.746001219,0.746192323,,1.8692,1.4587,0.8817,1.4269,3.3645,0.5350,0.7804,0.4717,0.7634,1.8000,0.6855,1.2814,0.6045,0.9782,2.3065,1.1341,2.1199,1.6543,1.6182,3.8158,0.7008,1.3100,1.0223,0.6180,2.3580,0.2972,0.5556,0.4336,0.2621,0.4241,0.3029,0.1866,-0.0628,0.1759,0.5418,-0.1233,-0.3589,-0.1342,0.2857,-0.2465,-0.0110,0.3951,0.2361,0.5847,0.4044,,,B4/B2,0.0818,0.0067,? Very weak
9,2024-05-08 0:00:00,2024-05-02 0:00:00,6,LANDSAT_9,Landsat_8_9,1.54,30,QA_PIXEL_AND_MNDWI_gt_0,2,4.12,0.020534086,0.038600225,0.021482976,0.013142414,0.005174569,0.003007443,0.0203025,0.0383975,0.02132,0.0132625,0.00515,0.00295,0.00017875,0.000165,0.00022,0.00011,1.375E-05,1.375E-05,296.2042057,296.2756458,-0.240918777,-0.235924933,0.763619196,0.763476663,,1.0833,0.8125,1.6250,13.0000,13.0000,0.9231,0.7500,1.5000,12.0000,12.0000,1.2308,1.3333,2.0000,16.0000,16.0000,0.6154,0.6667,0.5000,8.0000,8.0000,0.0769,0.0833,0.0625,0.1250,1.0000,0.0769,0.0833,0.0625,0.1250,1.0000,0.0400,-0.1034,0.2381,0.8571,0.8571,-0.1429,0.2000,0.8462,0.8462,0.3333,0.8824,0.8824,0.7778,0.7778,0.0000,,,B4/B3,0.0927,0.0086,? Very weak
10,2024-05-08 0:00:00,2024-05-02 0:00:00,6,LANDSAT_9,Landsat_8_9,1.54,30,QA_PIXEL_AND_MNDWI_gt_0,3,3.7,0.011217956,0.030563535,0.017968287,0.012371401,0.006401957,0.004200402,0.009935,0.0291575,0.0166725,0.0111725,0.0057,0.0036375,0.002274479,0.002406036,0.002430844,0.002152079,0.001744511,0.001238077,296.467648,296.4362927,-0.187219431,-0.199892047,0.657851473,0.679579493,,0.9453,0.9357,1.0569,1.3038,1.8371,1.0578,0.9898,1.1180,1.3792,1.9434,1.0687,1.0103,1.1295,1.3934,1.9634,0.9462,0.8944,0.8853,1.2336,1.7382,0.7670,0.7251,0.7177,0.8106,1.4090,0.5443,0.5146,0.5093,0.5753,0.7097,-0.0281,-0.0332,0.0277,0.1319,0.2951,-0.0051,0.0557,0.1594,0.3205,0.0608,0.1644,0.3251,0.1046,0.2696,0.1698,,,B4/B5,-0.1140,0.0130,? Very weak
11,2024-05-08 0:00:00,2024-05-02 0:00:00,6,LANDSAT_9,Landsat_8_9,1.54,30,QA_PIXEL_AND_MNDWI_gt_0,2,11.8,0.017228884,0.036262672,0.021769365,0.014174314,0.007163919,0.004550788,0.0174975,0.0362525,0.02187,0.0141425,0.0072675,0.0044625,0.00011,0.00020625,4.125E-05,0.00015125,0.000165,4.125E-05,297.2034943,297.0549543,-0.211355269,-0.216373459,0.67003772,0.666015625,,0.5333,2.6667,0.7273,0.6667,2.6667,1.8750,5.0000,1.3636,1.2500,5.0000,0.3750,0.2000,0.2727,0.2500,1.0000,1.3750,0.7333,3.6667,0.9167,3.6667,1.5000,0.8000,4.0000,1.0909,4.0000,0.3750,0.2000,1.0000,0.2727,0.2500,-0.3043,0.4545,-0.1579,-0.2000,0.4545,0.6667,0.1538,0.1111,0.6667,-0.5714,-0.6000,0.0000,-0.0435,0.5714,0.6000,,,B4/B6,-0.1104,0.0122,? Very weak
3,2024-05-21 0:00:00,2024-05-18 0:00:00,3,LANDSAT_9,Landsat_8_9,43.88,30,QA_PIXEL_AND_MNDWI_gt_0,1,2.62,0.014568312,0.036683742,0.009523551,0.000277771,9.54299E-05,0.001724061,0.0147475,0.0368575,0.009605,0.0003375,9E-05,0.0017675,0,0,0,0,0,0,294.8687278,294.8640035,-0.944016859,-0.93210963,0.994804634,0.995128222,,,,,,,,,,,,,,,,,,,,,,,,,,,,,,,,,,,,,,,,,,,,,,,,,B4/B7,-0.1275,0.0163,? Very weak
4,2024-05-21 0:00:00,2024-05-18 0:00:00,3,LANDSAT_9,Landsat_8_9,43.88,30,QA_PIXEL_AND_MNDWI_gt_0,3,2.65,0.012306161,0.04616069,0.019003726,0.033289525,0.03094252,0.024294621,0.0082575,0.0439525,0.01659,0.0296525,0.0302025,0.023465,0.001481941,0.000950243,0.00035526,0.000706845,0.002166865,0.001406598,294.6033001,294.5837259,0.271956423,0.28247824,0.18679248,0.185422426,,1.5595,4.1714,2.0966,0.6839,1.0536,0.6412,2.6748,1.3443,0.4385,0.6756,0.2397,0.3739,0.5026,0.1640,0.2526,0.4770,0.7439,1.9897,0.3262,0.5025,1.4622,2.2803,6.0994,3.0655,1.5405,0.9492,1.4803,3.9593,1.9900,0.6491,0.2186,0.6133,0.3541,-0.1877,0.0261,0.4558,0.1469,-0.3903,-0.1936,-0.3310,-0.7183,-0.5967,-0.5081,-0.3311,0.2128,,,B5/B2,0.1723,0.0297,? Very weak
5,2024-05-21 0:00:00,2024-05-18 0:00:00,3,LANDSAT_9,Landsat_8_9,43.88,30,QA_PIXEL_AND_MNDWI_gt_0,3,3.78,0.024041804,0.05097318,0.023527449,0.007975677,0.002803797,0.002563329,0.025225,0.0513775,0.0243725,0.0088625,0.0028125,0.00262,0.00024733,0.000352887,0.000205791,0.00020125,0.000237627,7.77817E-05,295.5021954,295.4758291,-0.49937475,-0.470183829,0.895984095,0.89572227,,0.7009,1.2019,1.2290,1.0408,3.1798,1.4268,1.7148,1.7535,1.4850,4.5369,0.8321,0.5832,1.0226,0.8660,2.6458,0.8137,0.5703,0.9779,0.8469,2.5874,0.9608,0.6734,1.1547,1.1808,3.0551,0.3145,0.2204,0.3780,0.3865,0.3273,-0.1759,0.0917,0.1027,0.0200,0.5215,0.2633,0.2736,0.1952,0.6388,0.0112,-0.0718,0.4514,-0.0829,0.4425,0.5068,,,B5/B3,0.0226,0.0005,? Very weak
7,2024-05-21 0:00:00,2024-05-18 0:00:00,3,LANDSAT_9,Landsat_8_9,43.88,30,QA_PIXEL_AND_MNDWI_gt_0,1,2.11,0.007150608,0.027894069,0.006127717,9.45037E-05,0.000171818,0.001418803,0.0068275,0.02781,0.0060025,-0.0001025,0.0001175,0.0014375,0,0,0,0,0,0,295.4476113,295.455321,-0.718433395,-0.724199288,0.98799128,0.991585355,,,,,,,,,,,,,,,,,,,,,,,,,,,,,,,,,,,,,,,,,,,,,,,,,B5/B4,-0.0060,0.0000,? Very weak
8,2024-05-21 0:00:00,2024-05-18 0:00:00,3,LANDSAT_9,Landsat_8_9,43.88,30,QA_PIXEL_AND_MNDWI_gt_0,3,2.22,0.024248576,0.03912625,0.018352326,0.012300521,0.003901806,0.002917639,0.0240975,0.0388925,0.01835,0.0125475,0.003445,0.002675,0.001095177,0.001043149,0.00069219,0.000505249,0.000742783,0.000641798,295.6458108,295.62964,-0.197634175,-0.201948295,0.819869756,0.842676105,,1.0499,1.5822,2.1676,1.4744,1.7064,0.9525,1.5070,2.0646,1.4044,1.6254,0.6320,0.6636,1.3700,0.9319,1.0785,0.4613,0.4843,0.7299,0.6802,0.7872,0.6782,0.7121,1.0731,1.4701,1.1573,0.5860,0.6153,0.9272,1.2703,0.8640,0.0243,0.2255,0.3686,0.1917,0.2610,0.2022,0.3474,0.1682,0.2382,0.1561,-0.0353,0.0378,-0.1903,-0.1190,0.0729,,,B5/B6,-0.0899,0.0081,? Very weak
9,2024-05-21 0:00:00,2024-05-18 0:00:00,3,LANDSAT_9,Landsat_8_9,43.88,30,QA_PIXEL_AND_MNDWI_gt_0,2,3.91,0.021113785,0.033646596,0.014954622,0.009610863,0.00258224,0.002119242,0.01923,0.0323475,0.0140325,0.009,0.002565,0.0019875,0.00297,0.001925,0.00163625,0.00100375,2.75E-05,1.375E-05,295.7698048,295.7766148,-0.219121125,-0.218495604,0.857887616,0.853061224,,1.5429,1.8151,2.9589,108.0000,216.0000,0.6481,1.1765,1.9178,70.0000,140.0000,0.5509,0.8500,1.6301,59.5000,119.0000,0.3380,0.5214,0.6134,36.5000,73.0000,0.0093,0.0143,0.0168,0.0274,2.0000,0.0046,0.0071,0.0084,0.0137,0.5000,0.2135,0.2896,0.4948,0.9817,0.9908,0.0811,0.3146,0.9718,0.9858,0.2396,0.9669,0.9833,0.9467,0.9730,0.3333,,,B5/B7,-0.1098,0.0121,? Very weak
10,2024-05-21 0:00:00,2024-05-18 0:00:00,3,LANDSAT_9,Landsat_8_9,43.88,30,QA_PIXEL_AND_MNDWI_gt_0,3,8.01,0.010975935,0.027712831,0.010666754,0.008925736,0.003456099,0.002949328,0.0098525,0.027315,0.010265,0.0088075,0.003445,0.00295,0.001438846,0.00044926,0.000563731,0.00047649,4.6741E-05,2.24537E-05,295.7197211,295.7082544,-0.088664024,-0.096491228,0.778174097,0.778607584,,3.2027,2.5524,3.0197,30.7834,64.0807,0.3122,0.7969,0.9429,9.6117,20.0083,0.3918,1.2548,1.1831,12.0607,25.1064,0.3312,1.0606,0.8452,10.1943,21.2211,0.0325,0.1040,0.0829,0.0981,2.0817,0.0156,0.0500,0.0398,0.0471,0.4804,0.5241,0.4370,0.5024,0.9371,0.9693,-0.1130,-0.0294,0.8115,0.9048,0.0839,0.8469,0.9234,0.8213,0.9100,0.3510,,,B6/B2,-0.0106,0.0001,? Very weak
11,2024-05-21 0:00:00,2024-05-18 0:00:00,3,LANDSAT_9,Landsat_8_9,43.88,30,QA_PIXEL_AND_MNDWI_gt_0,2,16.28,0.026476496,0.039903862,0.025846065,0.021738182,0.014345137,0.011776307,0.0261875,0.04079,0.0268475,0.02275,0.01494,0.0120525,0.00119625,0.000715,0.00077,0.00066,0.000715,0.00050875,296.6081049,296.6140297,-0.087417575,-0.082615051,0.474690574,0.463843531,,1.6731,1.5536,1.8125,1.6731,2.3514,0.5977,0.9286,1.0833,1.0000,1.4054,0.6437,1.0769,1.1667,1.0769,1.5135,0.5517,0.9231,0.8571,0.9231,1.2973,0.5977,1.0000,0.9286,1.0833,1.4054,0.4253,0.7115,0.6607,0.7708,0.7115,0.2518,0.2168,0.2889,0.2518,0.4032,-0.0370,0.0400,0.0000,0.1685,0.0769,0.0370,0.2043,-0.0400,0.1294,0.1685,,,B6/B3,-0.0132,0.0002,? Very weak
1,2024-06-11 0:00:00,2024-06-11 0:00:00,0,LANDSAT_8,Landsat_8_9,42.78,30,QA_PIXEL_AND_MNDWI_gt_0,3,4.3,0.023192691,0.052503043,0.03203581,0.028011341,0.02341,0.021015893,0.0246475,0.052285,0.03122,0.0283325,0.0237125,0.0214025,0.00167291,0.001348529,0.001550658,0.001932624,0.001496555,0.001059454,294.7800166,294.7682989,-0.06770141,-0.068004817,0.384356915,0.375966315,,1.2405,1.0788,0.8656,1.1178,1.5790,0.8061,0.8696,0.6978,0.9011,1.2729,0.9269,1.1499,0.8024,1.0362,1.4636,1.1552,1.4331,1.2463,1.2914,1.8242,0.8946,1.1098,0.9651,0.7744,1.4126,0.6333,0.7856,0.6832,0.5482,0.7079,0.1074,0.0379,-0.0720,0.0556,0.2245,-0.0697,-0.1780,-0.0520,0.1200,-0.1097,0.0178,0.1882,0.1272,0.2918,0.1710,,,B6/B4,-0.0926,0.0086,? Very weak
2,2024-06-11 0:00:00,2024-06-11 0:00:00,0,LANDSAT_8,Landsat_8_9,42.78,30,QA_PIXEL_AND_MNDWI_gt_0,2,4.63,0.000755051,0.020399241,0.003699094,0.002655357,0.003285717,0.004017624,0.002785,0.0236575,0.0058375,0.0027025,0.0025925,0.0034725,0.00396,0.00559625,0.00367125,0.0008525,0.000165,0.00015125,294.6415793,294.6247421,-0.324079722,-0.336876007,0.734717931,0.72651842,,0.7076,1.0787,4.6452,24.0000,26.1818,1.4132,1.5243,6.5645,33.9167,37.0000,0.9271,0.6560,4.3065,22.2500,24.2727,0.2153,0.1523,0.2322,5.1667,5.6364,0.0417,0.0295,0.0449,0.1935,1.0909,0.0382,0.0270,0.0412,0.1774,0.9167,-0.1712,0.0378,0.6457,0.9200,0.9264,0.2077,0.7356,0.9427,0.9474,0.6231,0.9140,0.9209,0.6757,0.6986,0.0435,,,B6/B5,-0.1140,0.0130,? Very weak
4,2024-06-11 0:00:00,2024-06-11 0:00:00,0,LANDSAT_8,Landsat_8_9,42.78,30,QA_PIXEL_AND_MNDWI_gt_0,3,5.72,0.022051168,0.045789714,0.026553153,0.017867126,0.016094274,0.015154921,0.022035,0.0457125,0.02704,0.0175525,0.01593,0.015325,0.000909581,0.000863031,0.001021662,0.001218925,0.001410535,0.001107537,294.9776698,294.9733801,-0.196557142,-0.196240421,0.481113642,0.475251119,,1.0539,0.8903,0.7462,0.6448,0.8213,0.9488,0.8447,0.7080,0.6118,0.7792,1.1232,1.1838,0.8382,0.7243,0.9225,1.3401,1.4124,1.1931,0.8642,1.1006,1.5508,1.6344,1.3806,1.1572,1.2736,1.2176,1.2833,1.0841,0.9086,0.7852,0.0263,-0.0580,-0.1453,-0.2159,-0.0981,-0.0842,-0.1709,-0.2408,-0.1241,-0.0880,-0.1599,-0.0403,-0.0729,0.0479,0.1203,,,B6/B7,0.0015,0.0000,? Very weak
6,2024-06-11 0:00:00,2024-06-11 0:00:00,0,LANDSAT_8,Landsat_8_9,42.78,30,QA_PIXEL_AND_MNDWI_gt_0,3,5.13,0.0302546,0.056037824,0.037472319,0.03049277,0.02635533,0.023368907,0.0308625,0.0568225,0.0381225,0.03133,0.0272325,0.0241525,0.005423213,0.004030853,0.00440521,0.004210065,0.003182748,0.002845006,294.9403248,294.9152738,-0.103981668,-0.097800655,0.36208511,0.352031408,,1.3454,1.2311,1.2882,1.7039,1.9062,0.7433,0.9150,0.9574,1.2665,1.4168,0.8123,1.0929,1.0464,1.3841,1.5484,0.7763,1.0445,0.9557,1.3228,1.4798,0.5869,0.7896,0.7225,0.7560,1.1187,0.5246,0.7058,0.6458,0.6758,0.8939,0.1473,0.1036,0.1259,0.2603,0.3118,-0.0444,-0.0217,0.1176,0.1725,0.0227,0.1611,0.2152,0.1390,0.1935,0.0560,,,B7/B2,0.0980,0.0096,? Very weak
7,2024-06-11 0:00:00,2024-06-11 0:00:00,0,LANDSAT_8,Landsat_8_9,42.78,30,QA_PIXEL_AND_MNDWI_gt_0,3,7.47,0.031198846,0.051983679,0.037017298,0.02819181,0.023853433,0.021615079,0.0303675,0.05113,0.0356475,0.0279475,0.024235,0.02198,0.001739446,0.00143867,0.001692088,0.001600207,0.001733785,0.001284053,295.1737201,295.1750433,-0.135862645,-0.129779331,0.371980607,0.357174505,,1.2091,1.0280,1.0870,1.0033,1.3547,0.8271,0.8502,0.8991,0.8298,1.1204,0.9728,1.1761,1.0574,0.9760,1.3178,0.9200,1.1123,0.9457,0.9230,1.2462,0.9967,1.2051,1.0246,1.0835,1.3502,0.7382,0.8925,0.7589,0.8024,0.7406,0.0946,0.0138,0.0417,0.0016,0.1506,-0.0809,-0.0532,-0.0930,0.0568,0.0279,-0.0122,0.1371,-0.0401,0.1096,0.1490,,,B7/B3,0.0233,0.0005,? Very weak
8,2024-06-11 0:00:00,2024-06-11 0:00:00,0,LANDSAT_8,Landsat_8_9,42.78,30,QA_PIXEL_AND_MNDWI_gt_0,3,9.63,0.034562882,0.049569375,0.036977465,0.029747049,0.021514861,0.019121146,0.0357575,0.0503875,0.038095,0.0302025,0.021815,0.019505,0.002813106,0.001893621,0.001718695,0.001057231,0.000129636,0.000383031,295.3120878,295.3322722,-0.108594022,-0.113535158,0.394293812,0.390431513,,1.4856,1.6368,2.6608,21.7000,7.3443,0.6731,1.1018,1.7911,14.6072,4.9438,0.6110,0.9076,1.6257,13.2578,4.4871,0.3758,0.5583,0.6151,8.1554,2.7602,0.0461,0.0685,0.0754,0.1226,0.3384,0.1362,0.2023,0.2229,0.3623,2.9547,0.1954,0.2415,0.4537,0.9119,0.7603,0.0484,0.2834,0.8719,0.6635,0.2383,0.8597,0.6355,0.7815,0.4681,-0.4943,,,B7/B4,-0.0102,0.0001,? Very weak
9,2024-06-11 0:00:00,2024-06-11 0:00:00,0,LANDSAT_8,Landsat_8_9,42.78,30,QA_PIXEL_AND_MNDWI_gt_0,2,8.85,0.024297364,0.044611907,0.031776735,0.025878683,0.021954594,0.020573277,0.02627,0.046015,0.0334475,0.02737,0.0221725,0.0205225,0.00328625,0.0021175,0.00215875,0.00177375,0.00081125,0.00070125,295.2299876,295.2331497,-0.102488878,-0.100231339,0.340093671,0.343363666,,1.5519,1.5223,1.8527,4.0508,4.6863,0.6444,0.9809,1.1938,2.6102,3.0196,0.6569,1.0195,1.2171,2.6610,3.0784,0.5397,0.8377,0.8217,2.1864,2.5294,0.2469,0.3831,0.3758,0.4574,1.1569,0.2134,0.3312,0.3248,0.3953,0.8644,0.2163,0.2071,0.2989,0.6040,0.6483,-0.0096,0.0883,0.4460,0.5024,0.0979,0.4537,0.5096,0.3723,0.4333,0.0727,,,B7/B5,-0.1140,0.0130,? Very weak
10,2024-06-11 0:00:00,2024-06-11 0:00:00,0,LANDSAT_8,Landsat_8_9,42.78,30,QA_PIXEL_AND_MNDWI_gt_0,3,14.81,0.024492503,0.049555325,0.035719184,0.023409682,0.014308384,0.012002767,0.023245,0.04948,0.03573,0.0236575,0.0148575,0.0123825,0.000471705,0.000564029,0.000792691,0.001280121,0.001534479,0.001202966,295.8228372,295.8142131,-0.209225355,-0.203283519,0.554134679,0.538138722,,0.8363,0.5951,0.3685,0.3074,0.3921,1.1957,0.7115,0.4406,0.3676,0.4689,1.6805,1.4054,0.6192,0.5166,0.6589,2.7138,2.2696,1.6149,0.8342,1.0641,3.2530,2.7206,1.9358,1.1987,1.2756,2.5503,2.1328,1.5176,0.9397,0.7840,-0.0891,-0.2539,-0.4615,-0.5297,-0.4367,-0.1685,-0.3883,-0.4624,-0.3616,-0.2352,-0.3188,-0.2056,-0.0904,0.0311,0.1211,,,B7/B6,0.1688,0.0285,? Very weak
3,2024-06-28 0:00:00,2024-06-27 0:00:00,1,LANDSAT_8,Landsat_8_9,41.08,30,QA_PIXEL_AND_MNDWI_gt_0,3,13.45,0.013483953,0.055092145,0.027094031,0.011309931,0.01318339,0.013358318,0.012355,0.054815,0.02638,0.010705,0.01318,0.0134,0.001990792,0.001659597,0.001623354,0.001566454,0.001034169,0.00096629,299.187141,299.1877988,-0.413989483,-0.422677632,0.614471145,0.612324436,,1.1996,1.2263,1.2709,1.9250,2.0602,0.8336,1.0223,1.0595,1.6048,1.7175,0.8154,0.9782,1.0363,1.5697,1.6800,0.7868,0.9439,0.9649,1.5147,1.6211,0.5195,0.6231,0.6371,0.6602,1.0702,0.4854,0.5822,0.5952,0.6169,0.9344,0.0907,0.1017,0.1193,0.3162,0.3465,0.0110,0.0289,0.2322,0.2640,0.0178,0.2217,0.2537,0.2047,0.2370,0.0339,,,(B2-B3)/(B2+B3),0.0291,0.0008,? Very weak
4,2024-06-28 0:00:00,2024-06-27 0:00:00,1,LANDSAT_8,Landsat_8_9,41.08,30,QA_PIXEL_AND_MNDWI_gt_0,3,14.74,0.035930861,0.066458106,0.042661071,0.025147164,0.021031388,0.01885989,0.03628,0.06675,0.0428525,0.0254725,0.0212375,0.01879,0.000221143,0.00024009,8.09578E-05,0.000118814,0.00022788,0.000203739,299.2044552,299.2117249,-0.258488978,-0.254972214,0.519298384,0.517411805,,0.9211,2.7316,1.8613,0.9704,1.0854,1.0857,2.9656,2.0207,1.0536,1.1784,0.3661,0.3372,0.6814,0.3553,0.3974,0.5373,0.4949,1.4676,0.5214,0.5832,1.0305,0.9491,2.8148,1.9180,1.1185,0.9213,0.8486,2.5166,1.7148,0.8941,-0.0411,0.4640,0.3010,-0.0150,0.0410,0.4957,0.3379,0.0261,0.0819,-0.1895,-0.4757,-0.4313,-0.3146,-0.2633,0.0559,,,(B2-B4)/(B2+B4),-0.0743,0.0055,? Very weak
5,2024-06-28 0:00:00,2024-06-27 0:00:00,1,LANDSAT_8,Landsat_8_9,41.08,30,QA_PIXEL_AND_MNDWI_gt_0,1,16.69,0.00685617,0.015281897,0.004227872,0.004026791,0.003165904,0.003889096,0.00702,0.0152975,0.00438,0.0040775,0.0031425,0.0039125,0,0,0,0,0,0,298.8117439,298.8015625,-0.022367774,-0.035767071,0.713198875,0.703666245,,,,,,,,,,,,,,,,,,,,,,,,,,,,,,,,,,,,,,,,,,,,,,,,,(B2-B5)/(B2+B5),-0.1456,0.0212,? Very weak
6,2024-06-28 0:00:00,2024-06-27 0:00:00,1,LANDSAT_8,Landsat_8_9,41.08,30,QA_PIXEL_AND_MNDWI_gt_0,3,13.55,0.013228798,0.051396247,0.024320087,0.007259385,0.008753953,0.008752323,0.0127675,0.0513775,0.02407,0.00669,0.0093025,0.0089725,0.005962718,0.005409048,0.005916457,0.005809223,0.004651015,0.003956965,299.2999019,299.3040115,-0.520256554,-0.565019506,0.7267651,0.693391562,,1.1024,1.0078,1.0264,1.2820,1.5069,0.9071,0.9142,0.9311,1.1630,1.3670,0.9922,1.0938,1.0185,1.2721,1.4952,0.9743,1.0740,0.9819,1.2490,1.4681,0.7800,0.8599,0.7861,0.8006,1.1754,0.6636,0.7315,0.6688,0.6812,0.8508,0.0487,0.0039,0.0130,0.1236,0.2022,-0.0448,-0.0357,0.0754,0.1550,0.0091,0.1197,0.1985,0.1107,0.1897,0.0806,,,(B2-B6)/(B2+B6),0.0128,0.0002,? Very weak
1,2024-07-18 0:00:00,2024-07-13 0:00:00,5,LANDSAT_8,Landsat_8_9,20.63,30,QA_PIXEL_AND_MNDWI_gt_0,3,11.59,0.01829472,0.050172357,0.026079666,0.023158132,0.006156074,0.004191169,0.0176075,0.049315,0.0252525,0.02264,0.0059475,0.00416,0.001146969,0.000832402,0.000744365,0.000465789,0.000293047,0.000135344,303.0184351,302.9681289,-0.059281275,-0.063711036,0.7819353,0.782918149,,1.3779,1.5409,2.4624,3.9139,8.4745,0.7257,1.1183,1.7871,2.8405,6.1503,0.6490,0.8942,1.5981,2.5401,5.4998,0.4061,0.5596,0.6258,1.5895,3.4415,0.2555,0.3520,0.3937,0.6291,2.1652,0.1180,0.1626,0.1818,0.2906,0.4619,0.1589,0.2129,0.4224,0.5930,0.7889,0.0558,0.2824,0.4792,0.7203,0.2302,0.4350,0.6923,0.2276,0.5497,0.3681,,,(B2-B7)/(B2+B7),-0.0907,0.0082,? Very weak
2,2024-07-18 0:00:00,2024-07-13 0:00:00,5,LANDSAT_8,Landsat_8_9,20.63,30,QA_PIXEL_AND_MNDWI_gt_0,2,9.78,0.006656221,0.040852366,0.016638862,0.011775957,0.001846983,0.002279302,0.0064425,0.04145,0.016535,0.01168125,0.00189125,0.0022625,0.0004675,0.00121,0.00099,0.0005775,0.000165,0.000385,303.0952235,303.0552884,-0.170599431,-0.175095341,0.913504129,0.913989206,,0.3864,0.4722,0.8095,2.8333,1.2143,2.5882,1.2222,2.0952,7.3333,3.1429,2.1176,0.8182,1.7143,6.0000,2.5714,1.2353,0.4773,0.5833,3.5000,1.5000,0.3529,0.1364,0.1667,0.2857,0.4286,0.8235,0.3182,0.3889,0.6667,2.3333,-0.4426,-0.3585,-0.1053,0.4783,0.0968,0.1000,0.3538,0.7600,0.5172,0.2632,0.7143,0.4400,0.5556,0.2000,-0.4000,,,(B3-B4)/(B3+B4),-0.1120,0.0126,? Very weak
4,2024-07-18 0:00:00,2024-07-13 0:00:00,5,LANDSAT_8,Landsat_8_9,20.63,30,QA_PIXEL_AND_MNDWI_gt_0,3,12.76,0.016423584,0.047684692,0.023342079,0.015085377,0.00323305,0.002497563,0.016425,0.04805,0.023355,0.0150775,0.00328,0.0024,0.000866432,0.000348815,0.000580765,0.000587382,0.000291898,0.000195746,303.45171,303.4056355,-0.214983918,-0.21537761,0.87325574,0.872199493,,2.4839,1.4919,1.4751,2.9683,4.4263,0.4026,0.6006,0.5938,1.1950,1.7820,0.6703,1.6650,0.9887,1.9896,2.9669,0.6779,1.6839,1.0114,2.0123,3.0007,0.3369,0.8368,0.5026,0.4969,1.4912,0.2259,0.5612,0.3370,0.3333,0.6706,0.4259,0.1974,0.1919,0.4960,0.6314,-0.2495,-0.2548,0.0888,0.2811,-0.0057,0.3310,0.4958,0.3361,0.5001,0.1972,,,(B3-B5)/(B3+B5),-0.1201,0.0144,? Very weak
5,2024-07-18 0:00:00,2024-07-13 0:00:00,5,LANDSAT_8,Landsat_8_9,20.63,30,QA_PIXEL_AND_MNDWI_gt_0,3,14.25,0.022646684,0.046852601,0.026070016,0.019822782,0.004116557,0.00246332,0.0223925,0.046895,0.0259125,0.01978,0.004105,0.0023725,0.000830886,0.000436164,0.000789718,0.000598717,0.000191844,0.000123665,304.9657236,304.9198183,-0.136223107,-0.134212398,0.838556405,0.839106364,,1.9050,1.0521,1.3878,4.3310,6.7188,0.5249,0.5523,0.7285,2.2735,3.5270,0.9505,1.8106,1.3190,4.1165,6.3859,0.7206,1.3727,0.7581,3.1209,4.8414,0.2309,0.4398,0.2429,0.3204,1.5513,0.1488,0.2835,0.1566,0.2066,0.6446,0.3115,0.0254,0.1624,0.6248,0.7409,-0.2884,-0.1571,0.3890,0.5582,0.1376,0.6091,0.7292,0.5147,0.6576,0.2161,,,(B3-B6)/(B3+B6),-0.0252,0.0006,? Very weak
6,2024-07-18 0:00:00,2024-07-13 0:00:00,5,LANDSAT_8,Landsat_8_9,20.63,30,QA_PIXEL_AND_MNDWI_gt_0,3,9.51,0.01695987,0.047893456,0.023902624,0.015968507,0.003607729,0.002660429,0.0173875,0.04761,0.023905,0.016315,0.00372,0.002565,0.000611356,3.42985E-05,0.000233705,0.000673734,0.000343719,0.000190966,304.8480573,304.8412039,-0.19972294,-0.196841368,0.860079392,0.857965638,,17.8245,2.6159,0.9074,1.7786,3.2014,0.0561,0.1468,0.0509,0.0998,0.1796,0.3823,6.8139,0.3469,0.6799,1.2238,1.1020,19.6432,2.8828,1.9601,3.5280,0.5622,10.0214,1.4707,0.5102,1.7999,0.3124,5.5678,0.8171,0.2834,0.5556,0.8938,0.4469,-0.0485,0.2802,0.5240,-0.7440,-0.9031,-0.8185,-0.6955,-0.4849,-0.1905,0.1006,0.3244,0.5583,0.2857,,,(B3-B7)/(B3+B7),-0.0815,0.0066,? Very weak
7,2024-07-18 0:00:00,2024-07-13 0:00:00,5,LANDSAT_8,Landsat_8_9,20.63,30,QA_PIXEL_AND_MNDWI_gt_0,3,14.14,0.017784117,0.038603421,0.020747286,0.019330914,0.005022418,0.003542967,0.0167275,0.0391125,0.0199725,0.0174425,0.004655,0.00306,0.001594526,0.001231271,0.00198017,0.003014064,0.001338961,0.000899362,303.509676,303.5081761,-0.038999215,-0.054726368,0.77339858,0.787285086,,1.2950,0.8052,0.5290,1.1909,1.7730,0.7722,0.6218,0.4085,0.9196,1.3691,1.2419,1.6082,0.6570,1.4789,2.2018,1.8903,2.4479,1.5221,2.2510,3.3513,0.8397,1.0875,0.6762,0.4442,1.4888,0.5640,0.7304,0.4542,0.2984,0.6717,0.1285,-0.1079,-0.3080,0.0871,0.2787,-0.2332,-0.4199,-0.0419,0.1558,-0.2070,0.1932,0.3753,0.3848,0.5404,0.1964,,,(B4-B5)/(B4+B5),-0.0462,0.0021,? Very weak
8,2024-07-18 0:00:00,2024-07-13 0:00:00,5,LANDSAT_8,Landsat_8_9,20.63,30,QA_PIXEL_AND_MNDWI_gt_0,3,15.21,0.025979861,0.04128309,0.024251562,0.022577257,0.005275764,0.003445972,0.02605,0.0414225,0.024345,0.022255,0.00515,0.003335,0.000327187,0.000370995,0.000390418,0.000710165,7.88546E-05,0.000125017,303.3945658,303.3646192,-0.035963149,-0.039938387,0.773654342,0.77699594,,0.8819,0.8380,0.4607,4.1492,2.6171,1.1339,0.9503,0.5224,4.7048,2.9676,1.1933,1.0524,0.5498,4.9511,3.1229,2.1705,1.9142,1.8190,9.0060,5.6806,0.2410,0.2125,0.2020,0.1110,0.6308,0.3821,0.3370,0.3202,0.1760,1.5854,-0.0627,-0.0881,-0.3692,0.6116,0.4471,-0.0255,-0.3137,0.6494,0.4959,-0.2905,0.6639,0.5149,0.8001,0.7006,-0.2264,,,(B4-B6)/(B4+B6),0.0315,0.0010,? Very weak
9,2024-07-18 0:00:00,2024-07-13 0:00:00,5,LANDSAT_8,Landsat_8_9,20.63,30,QA_PIXEL_AND_MNDWI_gt_0,2,13.7,0.029067078,0.044302462,0.026991037,0.022612814,0.00456566,0.002503404,0.02902,0.0445025,0.0272325,0.0226125,0.00449,0.002455,0.00015125,2.75E-05,0,9.625E-05,8.25E-05,2.75E-05,303.5479388,303.5423563,-0.088240961,-0.092687331,0.813178642,0.816706639,,5.5000,,1.5714,1.8333,5.5000,0.1818,,0.2857,0.3333,1.0000,0.0000,0.0000,0.0000,0.0000,0.0000,0.6364,3.5000,,1.1667,3.5000,0.5455,3.0000,,0.8571,3.0000,0.1818,1.0000,,0.2857,0.3333,0.6923,1.0000,0.2222,0.2941,0.6923,1.0000,-0.5556,-0.5000,0.0000,-1.0000,-1.0000,-1.0000,0.0769,0.5556,0.5000,,,(B4-B7)/(B4+B7),-0.0565,0.0032,? Very weak
10,2024-08-07 0:00:00,2024-08-06 0:00:00,1,LANDSAT_9,Landsat_8_9,46.62,30,QA_PIXEL_AND_MNDWI_gt_0,3,18.46,-0.015990112,0.033242346,0.004802397,0.02340134,0.012602641,0.010655373,-0.01905,0.032485,0.00427,0.02297,0.0127125,0.01076,0.003456721,0.001103965,0.001695263,0.00074954,0.000195746,0.000175369,302.5301259,302.5272043,0.682415302,0.686490455,0.449607601,0.437468887,,3.1312,2.0390,4.6118,17.6592,19.7112,0.3194,0.6512,1.4729,5.6398,6.2951,0.4904,1.5356,2.2617,8.6605,9.6669,0.2168,0.6790,0.4421,3.8291,4.2741,0.0566,0.1773,0.1155,0.2612,1.1162,0.0507,0.1589,0.1034,0.2340,0.8959,0.5159,0.3419,0.6436,0.8928,0.9034,-0.2112,0.1912,0.6988,0.7258,0.3868,0.7930,0.8125,0.5858,0.6208,0.0549,,,(B5-B6)/(B5+B6),0.0747,0.0056,? Very weak
1,2024-08-30 0:00:00,2024-08-30 0:00:00,0,LANDSAT_8,Landsat_8_9,3.9,30,QA_PIXEL_AND_MNDWI_gt_0,3,14.9,0.006926283,0.036503215,0.017390435,0.016762897,0.006340222,0.003949155,0.0068825,0.0361975,0.01703,0.0166175,0.0062775,0.00394,0.000663935,0.00039555,0.000525147,0.000707557,0.000236564,5.94068E-05,300.4669418,300.3772698,-0.018443649,-0.016968167,0.704124622,0.702681902,,1.6785,1.2643,0.9383,2.8066,11.1761,0.5958,0.7532,0.5590,1.6721,6.6583,0.7910,1.3276,0.7422,2.2199,8.8398,1.0657,1.7888,1.3474,2.9910,11.9104,0.3563,0.5981,0.4505,0.3343,3.9821,0.0895,0.1502,0.1131,0.0840,0.2511,0.2533,0.1167,-0.0318,0.4746,0.8357,-0.1408,-0.2828,0.2515,0.7388,-0.1480,0.3789,0.7967,0.4989,0.8451,0.5986,,,(B5-B7)/(B5+B7),0.0017,0.0000,? Very weak
2,2024-08-30 0:00:00,2024-08-30 0:00:00,0,LANDSAT_8,Landsat_8_9,3.9,30,QA_PIXEL_AND_MNDWI_gt_0,2,17.2,0.00825045,0.039825325,0.020449751,0.017943147,0.006035858,0.003455383,0.0082025,0.0397725,0.020495,0.01813,0.0061125,0.0034175,0.00042625,0.00011,0.0002475,0.000385,0.00012375,4.125E-05,300.574159,300.5515888,-0.065348493,-0.064335576,0.736828456,0.733573063,,3.8750,1.7222,1.1071,3.4444,10.3333,0.2581,0.4444,0.2857,0.8889,2.6667,0.5806,2.2500,0.6429,2.0000,6.0000,0.9032,3.5000,1.5556,3.1111,9.3333,0.2903,1.1250,0.5000,0.3214,3.0000,0.0968,0.3750,0.1667,0.1071,0.3333,0.5897,0.2653,0.0508,0.5500,0.8235,-0.3846,-0.5556,-0.0588,0.4545,-0.2174,0.3333,0.7143,0.5135,0.8065,0.5000,,,(B6-B7)/(B6+B7),-0.0884,0.0078,? Very weak
4,2024-08-30 0:00:00,2024-08-30 0:00:00,0,LANDSAT_8,Landsat_8_9,3.9,30,QA_PIXEL_AND_MNDWI_gt_0,3,11.62,0.00918407,0.036269083,0.018243835,0.016673364,0.005422996,0.003136212,0.00922,0.036225,0.01835,0.0167,0.00537,0.0031425,7.21784E-05,0.000215758,0.0001593,0.000135344,0.000118814,0.000157176,300.136046,300.1448444,-0.045022207,-0.042103771,0.739858553,0.74076756,,0.3345,0.4531,0.5333,0.6075,0.4592,2.9892,1.3544,1.5941,1.8159,1.3727,2.2070,0.7383,1.1770,1.3408,1.0135,1.8751,0.6273,0.8496,1.1391,0.8611,1.6461,0.5507,0.7458,0.8779,0.7559,2.1776,0.7285,0.9867,1.1613,1.3229,-0.4986,-0.3764,-0.3044,-0.2442,-0.3706,0.1505,0.2290,0.2898,0.1571,0.0813,0.1456,0.0067,0.0650,-0.0746,-0.1390,,,,,,
5,2024-08-30 0:00:00,2024-08-30 0:00:00,0,LANDSAT_8,Landsat_8_9,3.9,30,QA_PIXEL_AND_MNDWI_gt_0,3,12.31,0.015852095,0.037657576,0.021148212,0.018283617,0.005805788,0.003253301,0.0156275,0.0376275,0.021045,0.01824,0.005865,0.0031975,0.000373928,0.000348574,0.00024009,0.000421467,0.000182874,2.24537E-05,301.022791,301.0027674,-0.07269327,-0.072939691,0.732888361,0.730298327,,1.0727,1.5575,0.8872,2.0447,16.6533,0.9322,1.4519,0.8270,1.9061,15.5242,0.6421,0.6888,0.5697,1.3129,10.6927,1.1271,1.2091,1.7555,2.3047,18.7705,0.4891,0.5246,0.7617,0.4339,8.1445,0.0600,0.0644,0.0935,0.0533,0.1228,0.0351,0.2180,-0.0598,0.3431,0.8867,0.1843,-0.0947,0.3118,0.8790,-0.2742,0.1353,0.8290,0.3948,0.8988,0.7813,,,?? TIP: Click any cell in Pearson R column ? Data ? Sort Largest to Smallest to rank all combinations.,,,
6,2024-08-30 0:00:00,2024-08-30 0:00:00,0,LANDSAT_8,Landsat_8_9,3.9,30,QA_PIXEL_AND_MNDWI_gt_0,3,19.77,0.012780604,0.037586547,0.020331747,0.019395629,0.006504908,0.003858304,0.0128775,0.0375725,0.020275,0.0195325,0.00658,0.0038025,0.000316748,0.000248347,0.000146093,0.000202083,0.000140223,7.77817E-05,300.546073,300.5686789,-0.023570732,-0.021790269,0.704964053,0.701182934,,1.2754,2.1681,1.5674,2.2589,4.0723,0.7841,1.6999,1.2289,1.7711,3.1929,0.4612,0.5883,0.7229,1.0419,1.8782,0.6380,0.8137,1.3833,1.4412,2.5981,0.4427,0.5646,0.9598,0.6939,1.8028,0.2456,0.3132,0.5324,0.3849,0.5547,0.1210,0.3687,0.2210,0.3863,0.6057,0.2592,0.1027,0.2783,0.5230,-0.1608,0.0205,0.3051,0.1807,0.4441,0.2864,,,,,,
7,2024-08-30 0:00:00,2024-08-30 0:00:00,0,LANDSAT_8,Landsat_8_9,3.9,30,QA_PIXEL_AND_MNDWI_gt_0,3,14.12,0.015525025,0.038751428,0.022304001,0.021169426,0.007224152,0.004017437,0.016535,0.03947,0.0238225,0.022695,0.008285,0.0046,0.001550928,0.001796713,0.001909529,0.001905829,0.00119603,0.000738927,300.4322038,300.4387941,-0.026595548,-0.030714558,0.687675026,0.661543053,,0.8632,0.8122,0.8138,1.2967,2.0989,1.1585,0.9409,0.9427,1.5022,2.4315,1.2312,1.0628,1.0019,1.5966,2.5842,1.2288,1.0607,0.9981,1.5935,2.5792,0.7712,0.6657,0.6263,0.6276,1.6186,0.4764,0.4113,0.3870,0.3877,0.6178,-0.0734,-0.1036,-0.1027,0.1292,0.3546,-0.0304,-0.0295,0.2007,0.4172,0.0010,0.2297,0.4420,0.2288,0.4412,0.2362,,,,,,
8,2024-08-30 0:00:00,2024-08-30 0:00:00,0,LANDSAT_8,Landsat_8_9,3.9,30,QA_PIXEL_AND_MNDWI_gt_0,3,17.21,0.020163299,0.040869931,0.025078403,0.024085764,0.008678264,0.005198819,0.0200825,0.04079,0.0250875,0.0243175,0.008835,0.0053425,0.000539044,0.000322531,0.000260243,0.000624007,0.000425041,0.000350737,300.3481993,300.3499256,-0.020328194,-0.015585467,0.649831246,0.648218196,,1.6713,2.0713,0.8638,1.2682,1.5369,0.5983,1.2393,0.5169,0.7588,0.9196,0.4828,0.8069,0.4171,0.6123,0.7420,1.1576,1.9347,2.3978,1.4681,1.7791,0.7885,1.3178,1.6332,0.6811,1.2118,0.6507,1.0875,1.3477,0.5621,0.8252,0.2513,0.3488,-0.0731,0.1182,0.2116,0.1069,-0.3185,-0.1371,-0.0419,-0.4114,-0.2405,-0.1481,0.1897,0.2804,0.0958,,,,,,
9,2024-08-30 0:00:00,2024-08-30 0:00:00,0,LANDSAT_8,Landsat_8_9,3.9,30,QA_PIXEL_AND_MNDWI_gt_0,2,20.21,0.019991624,0.035064207,0.021152208,0.020706555,0.006269892,0.003588363,0.01989,0.0351525,0.021155,0.02070125,0.0062775,0.0036375,0.00023375,5.5E-05,0.00015125,1.375E-05,5.5E-05,1.375E-05,300.7962418,300.8352844,-0.010625872,-0.010508717,0.69664863,0.696958726,,4.2500,1.5455,17.0000,4.2500,17.0000,0.2353,0.3636,4.0000,1.0000,4.0000,0.6471,2.7500,11.0000,2.7500,11.0000,0.0588,0.2500,0.0909,0.2500,1.0000,0.2353,1.0000,0.3636,4.0000,4.0000,0.0588,0.2500,0.0909,1.0000,0.2500,0.6190,0.2143,0.8889,0.6190,0.8889,-0.4667,0.6000,0.0000,0.6000,0.8333,0.4667,0.8333,-0.6000,0.0000,0.6000,,,,,,
10,2024-08-30 0:00:00,2024-08-30 0:00:00,0,LANDSAT_8,Landsat_8_9,3.9,30,QA_PIXEL_AND_MNDWI_gt_0,3,19.02,0.013220614,0.032979505,0.020763602,0.024041404,0.008813226,0.005030916,0.0127125,0.0329525,0.020605,0.02396,0.0088075,0.005095,0.000359492,0.000337801,0.000230446,0.0001426,0.000140223,0.000135344,301.0688828,301.0506197,0.073183571,0.075283294,0.578062672,0.573885165,,1.0642,1.5600,2.5210,2.5637,2.6561,0.9397,1.4659,2.3689,2.4090,2.4959,0.6410,0.6822,1.6160,1.6434,1.7027,0.3967,0.4221,0.6188,1.0170,1.0536,0.3901,0.4151,0.6085,0.9833,1.0360,0.3765,0.4007,0.5873,0.9491,0.9652,0.0311,0.2187,0.4320,0.4388,0.4530,0.1889,0.4063,0.4133,0.4279,0.2355,0.2434,0.2600,0.0084,0.0261,0.0177,,,,,,
11,2024-08-30 0:00:00,2024-08-30 0:00:00,0,LANDSAT_8,Landsat_8_9,3.9,30,QA_PIXEL_AND_MNDWI_gt_0,2,27.29,0.020449541,0.036792714,0.025954066,0.028592733,0.010962637,0.006202331,0.0202475,0.0365825,0.0257475,0.0286075,0.01098,0.006195,0.0004125,0.00042625,0.00031625,0.00048125,0.0001925,0.00017875,301.6113232,301.4744542,0.048361756,0.049069526,0.540999337,0.544610918,,0.9677,1.3043,0.8571,2.1429,2.3077,1.0333,1.3478,0.8857,2.2143,2.3846,0.7667,0.7419,0.6571,1.6429,1.7692,1.1667,1.1290,1.5217,2.5000,2.6923,0.4667,0.4516,0.6087,0.4000,1.0769,0.4333,0.4194,0.5652,0.3714,0.9286,-0.0164,0.1321,-0.0769,0.3636,0.3953,0.1481,-0.0606,0.3778,0.4091,-0.2069,0.2432,0.2778,0.4286,0.4583,0.0370,,,,,,
2,2024-10-04 0:00:00,2024-10-09 0:00:00,-5,LANDSAT_9,Landsat_8_9,8.66,30,QA_PIXEL_AND_MNDWI_gt_0,2,7.09363,0.006270274,0.016981173,0.011375418,0.006276237,0.003149445,0.002108268,0.00614,0.016865,0.01142,0.0063325,0.003115,0.00213875,0.00020625,0.0001925,0.0001375,0.00017875,8.25E-05,8.25E-05,292.0962269,292.1005343,-0.288935771,-0.289815179,0.687366344,0.688448445,,1.0714,1.5000,1.1538,2.5000,2.5000,0.9333,1.4000,1.0769,2.3333,2.3333,0.6667,0.7143,0.7692,1.6667,1.6667,0.8667,0.9286,1.3000,2.1667,2.1667,0.4000,0.4286,0.6000,0.4615,1.0000,0.4000,0.4286,0.6000,0.4615,1.0000,0.0345,0.2000,0.0714,0.4286,0.4286,0.1667,0.0370,0.4000,0.4000,-0.1304,0.2500,0.2500,0.3684,0.3684,0.0000,,,,,,
3,2024-10-04 0:00:00,2024-10-09 0:00:00,-5,LANDSAT_9,Landsat_8_9,8.66,30,QA_PIXEL_AND_MNDWI_gt_0,3,10.270195,0.010449371,0.019212566,0.013422,0.007062824,0.002863142,0.001886286,0.0104575,0.01912,0.0134,0.0069925,0.002785,0.0018775,0.000252375,0.000131566,0.000193588,0.000202083,0.000123665,8.50082E-05,292.0858669,292.0885713,-0.310659699,-0.319713,0.740971413,0.745080092,,1.9182,1.3037,1.2489,2.0408,2.9688,0.5213,0.6796,0.6511,1.0639,1.5477,0.7671,1.4714,0.9580,1.5654,2.2773,0.8007,1.5360,1.0439,1.6341,2.3772,0.4900,0.9399,0.6388,0.6120,1.4547,0.3368,0.6461,0.4391,0.4207,0.6874,0.3147,0.1318,0.1107,0.3423,0.4961,-0.1907,-0.2113,0.0310,0.2150,-0.0215,0.2204,0.3897,0.2407,0.4078,0.1853,,,,,,
4,2024-10-04 0:00:00,2024-10-09 0:00:00,-5,LANDSAT_9,Landsat_8_9,8.66,30,QA_PIXEL_AND_MNDWI_gt_0,3,8.727292,0.012075509,0.019916533,0.014368269,0.007591178,0.002871508,0.001823122,0.0119975,0.019835,0.0144175,0.0075975,0.00285375,0.0017675,0.00017822,5.65071E-05,2.24537E-05,0.000112268,5.65071E-05,9.07454E-05,291.9689706,291.9689406,-0.308650488,-0.310649881,0.74797796,0.747226852,,3.1539,7.9373,1.5875,3.1539,1.9640,0.3171,2.5166,0.5033,1.0000,0.6227,0.1260,0.3974,0.2000,0.3974,0.2474,0.6299,1.9868,5.0000,1.9868,1.2372,0.3171,1.0000,2.5166,0.5033,0.6227,0.5092,1.6059,4.0415,0.8083,1.6059,0.5185,0.7762,0.2270,0.5185,0.3252,0.4313,-0.3304,0.0000,-0.2325,-0.6667,-0.4313,-0.6033,0.3304,0.1060,-0.2325,,,,,,
5,2024-10-04 0:00:00,2024-10-09 0:00:00,-5,LANDSAT_9,Landsat_8_9,8.66,30,QA_PIXEL_AND_MNDWI_gt_0,3,13.204736,0.013057816,0.031616453,0.020023218,0.008880218,0.00341207,0.002087335,0.0132075,0.0317975,0.020165,0.0088625,0.003445,0.0022075,0.000118814,0.000123665,8.09578E-05,0.000131566,0.000186964,8.98146E-05,291.0227115,291.0289851,-0.385535314,-0.382941688,0.805289592,0.804497411,,0.9608,1.4676,0.9031,0.6355,1.3229,1.0408,1.5275,0.9399,0.6614,1.3769,0.6814,0.6547,0.6153,0.4330,0.9014,1.1073,1.0639,1.6251,0.7037,1.4649,1.5736,1.5119,2.3094,1.4211,2.0817,0.7559,0.7263,1.1094,0.6827,0.4804,-0.0200,0.1895,-0.0509,-0.2229,0.1390,0.2087,-0.0310,-0.2038,0.1586,-0.2381,-0.3957,-0.0519,-0.1739,0.1886,0.3510,,,,,,
6,2024-10-04 0:00:00,2024-10-09 0:00:00,-5,LANDSAT_9,Landsat_8_9,8.66,30,QA_PIXEL_AND_MNDWI_gt_0,3,15.231687,0.009274441,0.017304581,0.012598761,0.006896442,0.002726401,0.001836582,0.0092475,0.017195,0.0126575,0.0067175,0.002675,0.001795,5.18545E-05,0.000196175,0.000311936,0.000162434,1.29636E-05,0.000157709,291.8938527,291.9108342,-0.292439466,-0.29252238,0.728008227,0.731286476,,0.2643,0.1662,0.3192,4.0000,0.3288,3.7832,0.6289,1.2077,15.1327,1.2439,6.0156,1.5901,1.9204,24.0624,1.9779,3.1325,0.8280,0.5207,12.5300,1.0300,0.2500,0.0661,0.0416,0.0798,0.0822,3.0414,0.8039,0.5056,0.9709,12.1655,-0.5819,-0.7149,-0.5160,0.6000,-0.5051,-0.2278,0.0941,0.8760,0.1087,0.3152,0.9202,0.3284,0.8522,0.0148,-0.8481,,,,,,
7,2024-10-04 0:00:00,2024-10-09 0:00:00,-5,LANDSAT_9,Landsat_8_9,8.66,30,QA_PIXEL_AND_MNDWI_gt_0,3,22.250383,0.012583323,0.024938799,0.016520504,0.008037431,0.003043805,0.001909369,0.01241,0.0250875,0.0164525,0.0079275,0.00306,0.0018775,0.000263133,0.000352887,0.000102896,9.78732E-05,0.000101249,0.000112268,291.6642196,291.6579007,-0.345443403,-0.351195976,0.782387309,0.783420331,,0.7457,2.5573,2.6885,2.5989,2.3438,1.3411,3.4296,3.6056,3.4853,3.1432,0.3910,0.2916,1.0513,1.0163,0.9165,0.3720,0.2774,0.9512,0.9667,0.8718,0.3848,0.2869,0.9840,1.0345,0.9018,0.4267,0.3181,1.0911,1.1471,1.1088,-0.1457,0.4378,0.4578,0.4443,0.4019,0.5485,0.5657,0.5541,0.5173,0.0250,0.0081,-0.0436,-0.0170,-0.0685,-0.0516,,,,,,
8,2024-10-04 0:00:00,2024-10-09 0:00:00,-5,LANDSAT_9,Landsat_8_9,8.66,30,QA_PIXEL_AND_MNDWI_gt_0,3,29.662368,0.015278958,0.027789271,0.018459167,0.009755694,0.003940208,0.002476701,0.015215,0.0277825,0.0184875,0.0097425,0.0039125,0.00251,0.00013658,8.50082E-05,8.50082E-05,3.88909E-05,2.24537E-05,0.000123665,291.4503855,291.4733277,-0.308493601,-0.309776833,0.751619885,0.753115633,,1.6067,1.6067,3.5119,6.0828,1.1044,0.6224,1.0000,2.1858,3.7859,0.6874,0.6224,1.0000,2.1858,3.7859,0.6874,0.2847,0.4575,0.4575,1.7321,0.3145,0.1644,0.2641,0.2641,0.5774,0.1816,0.9054,1.4547,1.4547,3.1798,5.5076,0.2327,0.2327,0.5567,0.7176,0.0496,0.0000,0.3722,0.5821,-0.1853,0.3722,0.5821,-0.1853,0.2679,-0.5215,-0.6927,,,,,,
9,2024-10-04 0:00:00,2024-10-09 0:00:00,-5,LANDSAT_9,Landsat_8_9,8.66,30,QA_PIXEL_AND_MNDWI_gt_0,2,13.930808,0.014304429,0.029348709,0.019047865,0.008449791,0.002832113,0.001686361,0.0142525,0.029295,0.019065,0.008285,0.0028675,0.001685,0.0002475,0.00011,9.625E-05,8.25E-05,0,2.75E-05,291.4416416,291.4425655,-0.385625535,-0.389855473,0.82399786,0.820458637,,2.2500,2.5714,3.0000,,9.0000,0.4444,1.1429,1.3333,,4.0000,0.3889,0.8750,1.1667,,3.5000,0.3333,0.7500,0.8571,,3.0000,0.0000,0.0000,0.0000,0.0000,0.0000,0.1111,0.2500,0.2857,0.3333,,0.3846,0.4400,0.5000,1.0000,0.8000,0.0667,0.1429,1.0000,0.6000,0.0769,1.0000,0.5556,1.0000,0.5000,-1.0000,,,,,,
10,2024-10-04 0:00:00,2024-10-09 0:00:00,-5,LANDSAT_9,Landsat_8_9,8.66,30,QA_PIXEL_AND_MNDWI_gt_0,3,19.860396,0.00979704,0.030371883,0.020015835,0.009053621,0.004059897,0.002828194,0.009,0.0299825,0.0194775,0.0090275,0.0040225,0.0028125,0.001092257,0.00060929,0.000850971,0.000473305,0.000311397,0.000102896,291.7938791,291.7946215,-0.377139601,-0.381260527,0.764355791,0.763417145,,1.7927,1.2835,2.3077,3.5076,10.6152,0.5578,0.7160,1.2873,1.9566,5.9214,0.7791,1.3967,1.7979,2.7328,8.2702,0.4333,0.7768,0.5562,1.5199,4.5999,0.2851,0.5111,0.3659,0.6579,3.0263,0.0942,0.1689,0.1209,0.2174,0.3304,0.2838,0.1242,0.3954,0.5563,0.8278,-0.1655,0.1256,0.3236,0.7110,0.2852,0.4642,0.7843,0.2063,0.6428,0.5033,,,,,,
11,2024-10-04 0:00:00,2024-10-09 0:00:00,-5,LANDSAT_9,Landsat_8_9,8.66,30,QA_PIXEL_AND_MNDWI_gt_0,2,26.75808,0.009872704,0.033753999,0.021686304,0.008788664,0.004534232,0.003581658,0.0104025,0.0340525,0.0217875,0.0093575,0.004545,0.0035825,0.00078375,0.00075625,0.000825,0.000715,0.000385,0.00017875,291.0202002,290.9708787,-0.424499514,-0.409015552,0.763518404,0.770700637,,1.0364,0.9500,1.0962,2.0357,4.3846,0.9649,0.9167,1.0577,1.9643,4.2308,1.0526,1.0909,1.1538,2.1429,4.6154,0.9123,0.9455,0.8667,1.8571,4.0000,0.4912,0.5091,0.4667,0.5385,2.1538,0.2281,0.2364,0.2167,0.2500,0.4643,0.0179,-0.0256,0.0459,0.3412,0.6286,-0.0435,0.0280,0.3253,0.6176,0.0714,0.3636,0.6438,0.3000,0.6000,0.3659,,,,,,
