location,Field_Date,Satellite_Date,Days Gaps,Satellite,Sensor,Scene_Cloud_Pct,Buffer_m,Water_Mask,valid_pixels,Target Variable(Chlorophyll-a),mean_SR_B2,mean_SR_B3,mean_SR_B4,mean_SR_B5,mean_SR_B6,mean_SR_B7,med_SR_B2,med_SR_B3,med_SR_B4,med_SR_B5,med_SR_B6,med_SR_B7,sd_SR_B2,sd_SR_B3,sd_SR_B4,sd_SR_B5,sd_SR_B6,sd_SR_B7,mean_ST_B10_K,med_ST_B10_K,mean_NDCI_L8,med_NDCI_L8,mean_MNDWI,med_MNDWI,,B2/B3,B2/B4,B2/B5,B2/B6,B2/B7,B3/B2,B3/B4,B3/B5,B3/B6,B3/B7,B4/B2,B4/B3,B4/B5,B4/B6,B4/B7,B5/B2,B5/B3,B5/B4,B5/B6,B5/B7,B6/B2,B6/B3,B6/B4,B6/B5,B6/B7,B7/B2,B7/B3,B7/B4,B7/B5,B7/B6,(B2-B3)/(B2+B3),(B2-B4)/(B2+B4),(B2-B5)/(B2+B5),(B2-B6)/(B2+B6),(B2-B7)/(B2+B7),(B3-B4)/(B3+B4),(B3-B5)/(B3+B5),(B3-B6)/(B3+B6),(B3-B7)/(B3+B7),(B4-B5)/(B4+B5),(B4-B6)/(B4+B6),(B4-B7)/(B4+B7),(B5-B6)/(B5+B6),(B5-B7)/(B5+B7),(B6-B7)/(B6+B7),,,ALL COMBINATIONS vs Chl-a  —  Mean Bands L89  (2024 only),,,
1,2024-04-23 0:00:00,2024-04-16 0:00:00,7,LANDSAT_9,Landsat_8_9,8.95,30,QA_PIXEL_AND_MNDWI_gt_0,3,4.13,0.01331474,0.030955448,0.018922503,0.008328259,0.006089997,0.004176179,0.0134275,0.030725,0.01868,0.0083675,0.00603,0.0041875,0.000825713,0.000470456,0.000324867,0.000255025,0.000135344,0.000144357,291.2651021,291.3263528,-0.388901442,-0.391867578,0.671217532,0.677530728,,0.4301,0.7036,1.5987,2.1863,3.1883,2.3249,1.6359,3.7169,5.0830,7.4124,1.4212,0.6113,2.2721,3.1071,4.5311,0.6255,0.2690,0.4401,1.3675,1.9942,0.4574,0.1967,0.3218,0.7312,1.4583,0.3137,0.1349,0.2207,0.5014,0.6857,-0.3985,-0.1740,0.2304,0.3723,0.5225,0.2412,0.5760,0.6712,0.7623,0.3888,0.5130,0.6384,0.1552,0.3320,0.1864,,,Band Combination,Pearson R,R˛,Strength
2,2024-04-23 0:00:00,2024-04-16 0:00:00,7,LANDSAT_9,Landsat_8_9,8.95,30,QA_PIXEL_AND_MNDWI_gt_0,2,4.64,0.013466996,0.031307305,0.019300328,0.007402966,0.005202474,0.003593514,0.01349625,0.03128875,0.01924375,0.0073775,0.005205,0.0036375,0.00017875,4.125E-05,8.25E-05,0.00011,4.125E-05,6.875E-05,291.1699784,291.1537428,-0.445576798,-0.443607589,0.714993355,0.715067743,,0.4302,0.6978,1.8191,2.5886,3.7476,2.3247,1.6221,4.2290,6.0178,8.7122,1.4332,0.6165,2.6071,3.7098,5.3709,0.5497,0.2365,0.3836,1.4230,2.0601,0.3863,0.1662,0.2696,0.7028,1.4477,0.2668,0.1148,0.1862,0.4854,0.6907,-0.3984,-0.1780,0.2906,0.4427,0.5787,0.2373,0.6175,0.7150,0.7941,0.4455,0.5754,0.6861,0.1746,0.3464,0.1829,,,B2 (individual),-0.1376,0.0189,? Very weak
3,2024-04-23 0:00:00,2024-04-16 0:00:00,7,LANDSAT_9,Landsat_8_9,8.95,30,QA_PIXEL_AND_MNDWI_gt_0,3,4.3,0.018752261,0.034330233,0.022165547,0.008648346,0.004599481,0.003029594,0.0187075,0.03452,0.022035,0.008615,0.0045725,0.0030325,0.000123665,0.000203739,0.000162434,9.50527E-11,9.3482E-05,3.42985E-05,290.5965991,290.6017326,-0.438704591,-0.437846656,0.763710083,0.765583447,,0.5462,0.8460,2.1683,4.0770,6.1897,1.8307,1.5488,3.9696,7.4639,11.3316,1.1820,0.6457,2.5630,4.8191,7.3163,0.4612,0.2519,0.3902,1.8803,2.8546,0.2453,0.1340,0.2075,0.5318,1.5182,0.1616,0.0882,0.1367,0.3503,0.6587,-0.2935,-0.0834,0.3687,0.6061,0.7218,0.2153,0.5976,0.7637,0.8378,0.4387,0.6563,0.7595,0.3056,0.4811,0.2058,,,B3 (individual),-0.0860,0.0074,? Very weak
4,2024-04-23 0:00:00,2024-04-16 0:00:00,7,LANDSAT_9,Landsat_8_9,8.95,30,QA_PIXEL_AND_MNDWI_gt_0,3,4.51,0.019907239,0.035089209,0.022775289,0.009164965,0.004847673,0.00305233,0.0198075,0.035125,0.0228325,0.00911,0.00482,0.00310125,0.000168527,0.000113014,0.000181491,9.07454E-05,8.50082E-05,0.000116673,290.4676483,290.4786838,-0.426119957,-0.425941315,0.757237839,0.758668169,,0.5673,0.8741,2.1721,4.1066,6.5220,1.7626,1.5407,3.8286,7.2384,11.4959,1.1441,0.6491,2.4850,4.6982,7.4616,0.4604,0.2612,0.4024,1.8906,3.0026,0.2435,0.1382,0.2128,0.5289,1.5882,0.1533,0.0870,0.1340,0.3330,0.6296,-0.2761,-0.0672,0.3695,0.6083,0.7341,0.2128,0.5858,0.7572,0.8399,0.4261,0.6490,0.7636,0.3081,0.5003,0.2273,,,B4 (individual),0.0619,0.0038,? Very weak
5,2024-04-23 0:00:00,2024-04-16 0:00:00,7,LANDSAT_9,Landsat_8_9,8.95,30,QA_PIXEL_AND_MNDWI_gt_0,3,5.8,0.021591902,0.041680756,0.02676507,0.009547389,0.005317402,0.003576025,0.0215675,0.0416425,0.0267375,0.0095775,0.005315,0.0035825,0.00025304,0.000291898,0.000129636,0.000135344,9.07454E-05,9.3482E-05,291.4540829,291.4323114,-0.474162318,-0.472532012,0.773727832,0.773625087,,0.5180,0.8067,2.2616,4.0606,6.0380,1.9304,1.5573,4.3657,7.8386,11.6556,1.2396,0.6421,2.8034,5.0335,7.4846,0.4422,0.2291,0.3567,1.7955,2.6698,0.2463,0.1276,0.1987,0.5569,1.4870,0.1656,0.0858,0.1336,0.3746,0.6725,-0.3175,-0.1070,0.3868,0.6048,0.7158,0.2179,0.6273,0.7737,0.8420,0.4742,0.6685,0.7643,0.2846,0.4550,0.1958,,,B5 (individual),0.2553,0.0652,? Very weak
6,2024-04-23 0:00:00,2024-04-16 0:00:00,7,LANDSAT_9,Landsat_8_9,8.95,30,QA_PIXEL_AND_MNDWI_gt_0,3,5.34,0.021766814,0.03715088,0.024730245,0.010334327,0.005835508,0.00386669,0.021815,0.0372975,0.02473,0.01032,0.00581,0.0038025,0.000314618,0.00024733,0.000326158,0.000262173,0.000202083,5.65071E-05,290.7449333,290.7794696,-0.410658562,-0.417072654,0.728633289,0.726072607,,0.5859,0.8802,2.1063,3.7301,5.6293,1.7068,1.5022,3.5949,6.3663,9.6079,1.1361,0.6657,2.3930,4.2379,6.3957,0.4748,0.2782,0.4179,1.7709,2.6727,0.2681,0.1571,0.2360,0.5647,1.5092,0.1776,0.1041,0.1564,0.3742,0.6626,-0.2611,-0.0637,0.3561,0.5772,0.6983,0.2007,0.5647,0.7285,0.8115,0.4106,0.6182,0.7296,0.2782,0.4554,0.2029,,,B6 (individual),-0.0161,0.0003,? Very weak
7,2024-04-23 0:00:00,2024-04-16 0:00:00,7,LANDSAT_9,Landsat_8_9,8.95,30,QA_PIXEL_AND_MNDWI_gt_0,3,7.93,0.020341132,0.035010249,0.022977387,0.009230577,0.004949628,0.003150684,0.020275,0.03507,0.0229975,0.00922,0.0049575,0.00317,0.000102896,0.000286082,5.94068E-05,3.42985E-05,6.85971E-05,3.88909E-05,291.0442562,291.0597472,-0.426839483,-0.428125731,0.752258641,0.750233572,,0.5810,0.8853,2.2037,4.1096,6.4561,1.7212,1.5237,3.7929,7.0733,11.1120,1.1296,0.6563,2.4893,4.6422,7.2928,0.4538,0.2637,0.4017,1.8649,2.9297,0.2433,0.1414,0.2154,0.5362,1.5710,0.1549,0.0900,0.1371,0.3413,0.6365,-0.2650,-0.0609,0.3757,0.6086,0.7318,0.2075,0.5827,0.7523,0.8349,0.4268,0.6455,0.7588,0.3019,0.4911,0.2221,,,B7 (individual),-0.0543,0.0030,? Very weak
8,2024-04-23 0:00:00,2024-04-16 0:00:00,7,LANDSAT_9,Landsat_8_9,8.95,30,QA_PIXEL_AND_MNDWI_gt_0,3,8.41,0.023505625,0.036905,0.025139792,0.01127191,0.005914861,0.003948819,0.02363,0.036885,0.02517,0.0111725,0.005865,0.003995,0.000293047,6.85971E-05,0.000112268,0.00024009,0.000284314,0.000137194,291.2194577,291.2067221,-0.380894367,-0.383871191,0.723805897,0.725614035,,0.6369,0.9350,2.0853,3.9740,5.9526,1.5700,1.4680,3.2741,6.2394,9.3458,1.0695,0.6812,2.2303,4.2503,6.3664,0.4795,0.3054,0.4484,1.9057,2.8545,0.2516,0.1603,0.2353,0.5247,1.4979,0.1680,0.1070,0.1571,0.3503,0.6676,-0.2218,-0.0336,0.3518,0.5979,0.7123,0.1896,0.5321,0.7237,0.8067,0.3809,0.6191,0.7285,0.3117,0.4811,0.1993,,,?? Ratios & Normalized Differences ??,,,
9,2024-04-23 0:00:00,2024-04-16 0:00:00,7,LANDSAT_9,Landsat_8_9,8.95,30,QA_PIXEL_AND_MNDWI_gt_0,2,6.91,0.022712903,0.037316171,0.025298357,0.011166497,0.005923036,0.003736402,0.0226125,0.0372425,0.025225,0.0111175,0.005865,0.0038025,8.25E-05,0.00015125,0.00017875,0,4.125E-05,0.0001375,290.840647,290.9777148,-0.387544539,-0.387718574,0.726037313,0.729785764,,0.6087,0.8978,2.0340,3.8347,6.0788,1.6430,1.4750,3.3418,6.3002,9.9872,1.1138,0.6779,2.2656,4.2712,6.7708,0.4916,0.2992,0.4414,1.8853,2.9886,0.2608,0.1587,0.2341,0.5304,1.5852,0.1645,0.1001,0.1477,0.3346,0.6308,-0.2433,-0.0539,0.3408,0.5863,0.7175,0.1919,0.5394,0.7260,0.8180,0.3875,0.6206,0.7426,0.3068,0.4986,0.2264,,,B2/B3,-0.0930,0.0086,? Very weak
10,2024-04-23 0:00:00,2024-04-16 0:00:00,7,LANDSAT_9,Landsat_8_9,8.95,30,QA_PIXEL_AND_MNDWI_gt_0,3,9.01,0.014318988,0.034055752,0.022728544,0.009778519,0.006339181,0.004254624,0.013895,0.03375,0.022585,0.00966,0.00625,0.0042425,0.002216022,0.001077853,0.000891762,0.000651285,0.000116673,0.000258298,291.3068683,291.2990086,-0.398685969,-0.400837339,0.686023847,0.6875,,0.4205,0.6300,1.4643,2.2588,3.3655,2.3784,1.4984,3.4827,5.3723,8.0044,1.5873,0.6674,2.3243,3.5854,5.3421,0.6829,0.2871,0.4302,1.5426,2.2983,0.4427,0.1861,0.2789,0.6483,1.4900,0.2971,0.1249,0.1872,0.4351,0.6712,-0.4080,-0.2270,0.1884,0.3863,0.5419,0.1995,0.5538,0.6861,0.7779,0.3984,0.5638,0.6846,0.2134,0.3936,0.1968,,,B2/B4,-0.2266,0.0514,? Very weak
11,2024-04-23 0:00:00,2024-04-16 0:00:00,7,LANDSAT_9,Landsat_8_9,8.95,30,QA_PIXEL_AND_MNDWI_gt_0,2,9.9,0.019427621,0.038517006,0.026955781,0.011727025,0.007451126,0.005049997,0.019395,0.038755,0.0270675,0.01140625,0.00746,0.004985,0.0002475,0.0005225,0.00050875,0.0004125,0.00017875,5.5E-05,293.1019226,293.2130998,-0.393768995,-0.392730492,0.675930695,0.677544845,,0.5044,0.7207,1.6567,2.6073,3.8471,1.9826,1.4289,3.2845,5.1693,7.6271,1.3875,0.6998,2.2986,3.6177,5.3378,0.6036,0.3045,0.4350,1.5739,2.3222,0.3835,0.1935,0.2764,0.6354,1.4755,0.2599,0.1311,0.1873,0.4306,0.6777,-0.3294,-0.1623,0.2472,0.4456,0.5874,0.1766,0.5332,0.6758,0.7682,0.3937,0.5669,0.6844,0.2230,0.3980,0.1921,,,B2/B5,-0.2190,0.0480,? Very weak
1,2024-05-08 0:00:00,2024-05-02 0:00:00,6,LANDSAT_9,Landsat_8_9,1.54,30,QA_PIXEL_AND_MNDWI_gt_0,3,1.77,0.013071642,0.035261067,0.017558126,0.012275016,0.006284978,0.00381777,0.01329,0.0353725,0.017525,0.01208,0.0062775,0.0036925,0.000837233,0.000335305,0.000169521,0.000272236,5.94068E-05,9.07454E-05,295.8388428,295.8176311,-0.177235289,-0.184881836,0.697461982,0.698466051,,0.3707,0.7445,1.0649,2.0798,3.4239,2.6975,2.0082,2.8726,5.6104,9.2360,1.3432,0.4979,1.4304,2.7937,4.5991,0.9391,0.3481,0.6991,1.9531,3.2152,0.4808,0.1782,0.3580,0.5120,1.6462,0.2921,0.1083,0.2174,0.3110,0.6074,-0.4591,-0.1465,0.0314,0.3506,0.5479,0.3352,0.4835,0.6974,0.8046,0.1771,0.4728,0.6428,0.3227,0.5255,0.2442,,,B2/B6,-0.1869,0.0349,? Very weak
2,2024-05-08 0:00:00,2024-05-02 0:00:00,6,LANDSAT_9,Landsat_8_9,1.54,30,QA_PIXEL_AND_MNDWI_gt_0,2,2.6,0.009229751,0.034237038,0.016315105,0.009685185,0.004970408,0.003281263,0.008945,0.0342175,0.0164525,0.0098525,0.004985,0.00329375,0.000495,0.00028875,0.00026125,0.00011,0.00015125,8.25E-05,295.9870585,295.9492248,-0.255086003,-0.251190361,0.746429359,0.74464791,,0.2696,0.5657,0.9530,1.8569,2.8129,3.7094,2.0985,3.5350,6.8882,10.4341,1.7677,0.4765,1.6845,3.2824,4.9722,1.0493,0.2829,0.5936,1.9486,2.9517,0.5385,0.1452,0.3047,0.5132,1.5148,0.3555,0.0958,0.2011,0.3388,0.6602,-0.5753,-0.2774,-0.0241,0.3000,0.4755,0.3545,0.5590,0.7465,0.8251,0.2550,0.5330,0.6651,0.3217,0.4939,0.2047,,,B2/B7,-0.1622,0.0263,? Very weak
3,2024-05-08 0:00:00,2024-05-02 0:00:00,6,LANDSAT_9,Landsat_8_9,1.54,30,QA_PIXEL_AND_MNDWI_gt_0,3,1.85,0.01630867,0.037101195,0.019181261,0.010194261,0.004237588,0.002650164,0.01626,0.0370225,0.01923,0.01021,0.0042975,0.00262,0.000157709,0.000129636,5.94068E-05,0.000140223,5.94068E-05,1.29636E-05,295.9687162,295.9919501,-0.305948119,-0.30638587,0.794998705,0.793364587,,0.4396,0.8502,1.5998,3.8486,6.1538,2.2749,1.9342,3.6394,8.7553,13.9996,1.1761,0.5170,1.8816,4.5265,7.2378,0.6251,0.2748,0.5315,2.4057,3.8467,0.2598,0.1142,0.2209,0.4157,1.5990,0.1625,0.0714,0.1382,0.2600,0.6254,-0.3893,-0.0809,0.2307,0.5875,0.7204,0.3184,0.5689,0.7950,0.8667,0.3059,0.6381,0.7572,0.4127,0.5873,0.2305,,,B3/B2,-0.1003,0.0101,? Very weak
4,2024-05-08 0:00:00,2024-05-02 0:00:00,6,LANDSAT_9,Landsat_8_9,1.54,30,QA_PIXEL_AND_MNDWI_gt_0,3,1.53,0.01549957,0.03591756,0.018181822,0.008899501,0.003794727,0.002486577,0.0156,0.03595,0.0183225,0.0088625,0.0037475,0.0024825,0.000331017,0.000281344,0.000234423,0.000118814,9.78732E-05,4.6741E-05,296.0414513,296.0432204,-0.342740888,-0.341274238,0.80890385,0.809348172,,0.4315,0.8525,1.7416,4.0845,6.2333,2.3173,1.9755,4.0359,9.4651,14.4446,1.1731,0.5062,2.0430,4.7913,7.3120,0.5742,0.2478,0.4895,2.3452,3.5790,0.2448,0.1057,0.2087,0.4264,1.5261,0.1604,0.0692,0.1368,0.2794,0.6553,-0.3971,-0.0796,0.2705,0.6066,0.7235,0.3278,0.6029,0.8089,0.8705,0.3428,0.6547,0.7594,0.4021,0.5632,0.2083,,,B3/B4,-0.0977,0.0096,? Very weak
5,2024-05-08 0:00:00,2024-05-02 0:00:00,6,LANDSAT_9,Landsat_8_9,1.54,30,QA_PIXEL_AND_MNDWI_gt_0,3,2.76,0.018916222,0.044651661,0.024325924,0.010664237,0.004226174,0.002707339,0.019835,0.0452175,0.024895,0.0112825,0.00438,0.002675,0.000698233,0.000450754,0.00039342,0.000314618,0.000110761,5.94068E-05,296.057602,296.0261303,-0.39153893,-0.376269781,0.827290089,0.823378194,,0.4236,0.7776,1.7738,4.4760,6.9870,2.3605,1.8356,4.1870,10.5655,16.4928,1.2860,0.5448,2.2811,5.7560,8.9852,0.5638,0.2388,0.4384,2.5234,3.9390,0.2234,0.0946,0.1737,0.3963,1.5610,0.1431,0.0606,0.1113,0.2539,0.6406,-0.4048,-0.1251,0.2790,0.6348,0.7496,0.2947,0.6144,0.8271,0.8857,0.3904,0.7040,0.7997,0.4324,0.5951,0.2191,,,B3/B5,-0.2002,0.0401,? Very weak
6,2024-05-08 0:00:00,2024-05-02 0:00:00,6,LANDSAT_9,Landsat_8_9,1.54,30,QA_PIXEL_AND_MNDWI_gt_0,3,2.33,0.018198593,0.038554603,0.020398208,0.010845435,0.004720168,0.003100324,0.01813,0.038645,0.020385,0.0107875,0.00471,0.00306,0.000685113,0.000381932,0.000237981,0.000146093,9.07454E-05,0.000101249,296.3915414,296.4328747,-0.305780418,-0.30685155,0.781930025,0.782724023,,0.4720,0.8922,1.6780,3.8555,5.8699,2.1185,1.8901,3.5549,8.1681,12.4357,1.1209,0.5291,1.8808,4.3215,6.5794,0.5959,0.2813,0.5317,2.2977,3.4982,0.2594,0.1224,0.2314,0.4352,1.5225,0.1704,0.0804,0.1520,0.2859,0.6568,-0.3587,-0.0570,0.2532,0.5881,0.7089,0.3080,0.5609,0.7819,0.8511,0.3058,0.6242,0.7361,0.3935,0.5554,0.2071,,,B3/B6,-0.1924,0.0370,? Very weak
7,2024-05-08 0:00:00,2024-05-02 0:00:00,6,LANDSAT_9,Landsat_8_9,1.54,30,QA_PIXEL_AND_MNDWI_gt_0,3,3.23,0.016837049,0.034417282,0.01810087,0.010895454,0.004345183,0.00268419,0.01681,0.034355,0.01813,0.010925,0.00438,0.0026475,0.000134722,0.00017822,7.88546E-05,0.000157176,0.00013658,0.000115223,295.3665817,295.3561984,-0.248538489,-0.247977973,0.775856214,0.775251705,,0.4892,0.9302,1.5453,3.8749,6.2727,2.0441,1.9014,3.1589,7.9208,12.8222,1.0751,0.5259,1.6613,4.1657,6.7435,0.6471,0.3166,0.6019,2.5075,4.0591,0.2581,0.1263,0.2401,0.3988,1.6188,0.1594,0.0780,0.1483,0.2464,0.6177,-0.3430,-0.0362,0.2142,0.5897,0.7250,0.3107,0.5191,0.7758,0.8553,0.2485,0.6128,0.7417,0.4298,0.6047,0.2363,,,B3/B7,-0.1546,0.0239,? Very weak
8,2024-05-08 0:00:00,2024-05-02 0:00:00,6,LANDSAT_9,Landsat_8_9,1.54,30,QA_PIXEL_AND_MNDWI_gt_0,3,3.29,0.021491771,0.038838299,0.021707847,0.013993264,0.005650556,0.003344306,0.0216225,0.0388375,0.021705,0.0139775,0.005645,0.003335,0.000218082,0.000116673,0.000149504,0.00024733,0.000152839,6.48181E-05,296.1720047,296.1867772,-0.216162013,-0.214140136,0.746001219,0.746192323,,0.5534,0.9900,1.5359,3.8035,6.4264,1.8071,1.7891,2.7755,6.8734,11.6133,1.0101,0.5589,1.5513,3.8417,6.4910,0.6511,0.3603,0.6446,2.4764,4.1842,0.2629,0.1455,0.2603,0.4038,1.6896,0.1556,0.0861,0.1541,0.2390,0.5919,-0.2875,-0.0050,0.2113,0.5836,0.7307,0.2829,0.4703,0.7460,0.8414,0.2161,0.5869,0.7330,0.4247,0.6142,0.2564,,,B4/B2,0.0713,0.0051,? Very weak
9,2024-05-08 0:00:00,2024-05-02 0:00:00,6,LANDSAT_9,Landsat_8_9,1.54,30,QA_PIXEL_AND_MNDWI_gt_0,2,4.12,0.020534086,0.038600225,0.021482976,0.013142414,0.005174569,0.003007443,0.0203025,0.0383975,0.02132,0.0132625,0.00515,0.00295,0.00017875,0.000165,0.00022,0.00011,1.375E-05,1.375E-05,296.2042057,296.2756458,-0.240918777,-0.235924933,0.763619196,0.763476663,,0.5320,0.9558,1.5624,3.9683,6.8278,1.8798,1.7968,2.9371,7.4596,12.8349,1.0462,0.5566,1.6346,4.1516,7.1433,0.6400,0.3405,0.6118,2.5398,4.3700,0.2520,0.1341,0.2409,0.3937,1.7206,0.1465,0.0779,0.1400,0.2288,0.5812,-0.3055,-0.0226,0.2195,0.5974,0.7445,0.2849,0.4920,0.7636,0.8554,0.2409,0.6118,0.7544,0.4350,0.6276,0.2649,,,B4/B3,0.2189,0.0479,? Very weak
10,2024-05-08 0:00:00,2024-05-02 0:00:00,6,LANDSAT_9,Landsat_8_9,1.54,30,QA_PIXEL_AND_MNDWI_gt_0,3,3.7,0.011217956,0.030563535,0.017968287,0.012371401,0.006401957,0.004200402,0.009935,0.0291575,0.0166725,0.0111725,0.0057,0.0036375,0.002274479,0.002406036,0.002430844,0.002152079,0.001744511,0.001238077,296.467648,296.4362927,-0.187219431,-0.199892047,0.657851473,0.679579493,,0.3670,0.6243,0.9068,1.7523,2.6707,2.7245,1.7010,2.4705,4.7741,7.2763,1.6017,0.5879,1.4524,2.8067,4.2778,1.1028,0.4048,0.6885,1.9324,2.9453,0.5707,0.2095,0.3563,0.5175,1.5241,0.3744,0.1374,0.2338,0.3395,0.6561,-0.4630,-0.2313,-0.0489,0.2733,0.4551,0.2595,0.4237,0.6536,0.7583,0.1845,0.4746,0.6211,0.3180,0.4931,0.2076,,,B4/B5,-0.2102,0.0442,? Very weak
11,2024-05-08 0:00:00,2024-05-02 0:00:00,6,LANDSAT_9,Landsat_8_9,1.54,30,QA_PIXEL_AND_MNDWI_gt_0,2,11.8,0.017228884,0.036262672,0.021769365,0.014174314,0.007163919,0.004550788,0.0174975,0.0362525,0.02187,0.0141425,0.0072675,0.0044625,0.00011,0.00020625,4.125E-05,0.00015125,0.000165,4.125E-05,297.2034943,297.0549543,-0.211355269,-0.216373459,0.67003772,0.666015625,,0.4751,0.7914,1.2155,2.4050,3.7859,2.1048,1.6658,2.5583,5.0618,7.9684,1.2635,0.6003,1.5358,3.0388,4.7836,0.8227,0.3909,0.6511,1.9786,3.1147,0.4158,0.1976,0.3291,0.5054,1.5742,0.2641,0.1255,0.2090,0.3211,0.6352,-0.3558,-0.1164,0.0973,0.4126,0.5821,0.2497,0.4379,0.6701,0.7770,0.2113,0.5048,0.6542,0.3285,0.5139,0.2231,,,B4/B6,-0.1815,0.0329,? Very weak
3,2024-05-21 0:00:00,2024-05-18 0:00:00,3,LANDSAT_9,Landsat_8_9,43.88,30,QA_PIXEL_AND_MNDWI_gt_0,1,2.62,0.014568312,0.036683742,0.009523551,0.000277771,9.54299E-05,0.001724061,0.0147475,0.0368575,0.009605,0.0003375,9E-05,0.0017675,0,0,0,0,0,0,294.8687278,294.8640035,-0.944016859,-0.93210963,0.994804634,0.995128222,,0.3971,1.5297,52.4473,152.6598,8.4500,2.5181,3.8519,132.0648,384.4050,21.2775,0.6537,0.2596,34.2857,99.7963,5.5239,0.0191,0.0076,0.0292,2.9107,0.1611,0.0066,0.0026,0.0100,0.3436,0.0554,0.1183,0.0470,0.1810,6.2068,18.0662,-0.4315,0.2094,0.9626,0.9870,0.7884,0.5878,0.9850,0.9948,0.9102,0.9433,0.9802,0.6934,0.4886,-0.7225,-0.8951,,,B4/B7,0.0184,0.0003,? Very weak
4,2024-05-21 0:00:00,2024-05-18 0:00:00,3,LANDSAT_9,Landsat_8_9,43.88,30,QA_PIXEL_AND_MNDWI_gt_0,3,2.65,0.012306161,0.04616069,0.019003726,0.033289525,0.03094252,0.024294621,0.0082575,0.0439525,0.01659,0.0296525,0.0302025,0.023465,0.001481941,0.000950243,0.00035526,0.000706845,0.002166865,0.001406598,294.6033001,294.5837259,0.271956423,0.28247824,0.18679248,0.185422426,,0.2666,0.6476,0.3697,0.3977,0.5065,3.7510,2.4290,1.3866,1.4918,1.9000,1.5442,0.4117,0.5709,0.6142,0.7822,2.7051,0.7212,1.7517,1.0759,1.3702,2.5144,0.6703,1.6282,0.9295,1.2736,1.9742,0.5263,1.2784,0.7298,0.7852,-0.5790,-0.2139,-0.4602,-0.4309,-0.3275,0.4167,0.1620,0.1974,0.3104,-0.2732,-0.2390,-0.1222,0.0365,0.1562,0.1204,,,B5/B2,0.1092,0.0119,? Very weak
5,2024-05-21 0:00:00,2024-05-18 0:00:00,3,LANDSAT_9,Landsat_8_9,43.88,30,QA_PIXEL_AND_MNDWI_gt_0,3,3.78,0.024041804,0.05097318,0.023527449,0.007975677,0.002803797,0.002563329,0.025225,0.0513775,0.0243725,0.0088625,0.0028125,0.00262,0.00024733,0.000352887,0.000205791,0.00020125,0.000237627,7.77817E-05,295.5021954,295.4758291,-0.49937475,-0.470183829,0.895984095,0.89572227,,0.4717,1.0219,3.0144,8.5747,9.3791,2.1202,2.1665,6.3911,18.1801,19.8855,0.9786,0.4616,2.9499,8.3913,9.1785,0.3317,0.1565,0.3390,2.8446,3.1115,0.1166,0.0550,0.1192,0.3515,1.0938,0.1066,0.0503,0.1090,0.3214,0.9142,-0.3590,0.0108,0.5018,0.7911,0.8073,0.3684,0.7294,0.8957,0.9042,0.4937,0.7870,0.8035,0.4798,0.5136,0.0448,,,B5/B3,0.4233,0.1792,? Weak
7,2024-05-21 0:00:00,2024-05-18 0:00:00,3,LANDSAT_9,Landsat_8_9,43.88,30,QA_PIXEL_AND_MNDWI_gt_0,1,2.11,0.007150608,0.027894069,0.006127717,9.45037E-05,0.000171818,0.001418803,0.0068275,0.02781,0.0060025,-0.0001025,0.0001175,0.0014375,0,0,0,0,0,0,295.4476113,295.455321,-0.718433395,-0.724199288,0.98799128,0.991585355,,0.2563,1.1669,75.6648,41.6174,5.0399,3.9009,4.5521,295.1637,162.3470,19.6603,0.8570,0.2197,64.8410,35.6641,4.3189,0.0132,0.0034,0.0154,0.5500,0.0666,0.0240,0.0062,0.0280,1.8181,0.1211,0.1984,0.0509,0.2315,15.0132,8.2576,-0.5919,0.0770,0.9739,0.9531,0.6689,0.6398,0.9932,0.9878,0.9032,0.9696,0.9455,0.6240,-0.2903,-0.8751,-0.7840,,,B5/B4,0.2558,0.0654,? Very weak
8,2024-05-21 0:00:00,2024-05-18 0:00:00,3,LANDSAT_9,Landsat_8_9,43.88,30,QA_PIXEL_AND_MNDWI_gt_0,3,2.22,0.024248576,0.03912625,0.018352326,0.012300521,0.003901806,0.002917639,0.0240975,0.0388925,0.01835,0.0125475,0.003445,0.002675,0.001095177,0.001043149,0.00069219,0.000505249,0.000742783,0.000641798,295.6458108,295.62964,-0.197634175,-0.201948295,0.819869756,0.842676105,,0.6198,1.3213,1.9713,6.2147,8.3110,1.6135,2.1320,3.1809,10.0277,13.4102,0.7568,0.4691,1.4920,4.7035,6.2901,0.5073,0.3144,0.6702,3.1525,4.2159,0.1609,0.0997,0.2126,0.3172,1.3373,0.1203,0.0746,0.1590,0.2372,0.7478,-0.2348,0.1384,0.3269,0.7228,0.7852,0.3614,0.5216,0.8186,0.8612,0.1974,0.6493,0.7257,0.5184,0.6166,0.1443,,,B5/B6,0.2107,0.0444,? Very weak
9,2024-05-21 0:00:00,2024-05-18 0:00:00,3,LANDSAT_9,Landsat_8_9,43.88,30,QA_PIXEL_AND_MNDWI_gt_0,2,3.91,0.021113785,0.033646596,0.014954622,0.009610863,0.00258224,0.002119242,0.01923,0.0323475,0.0140325,0.009,0.002565,0.0019875,0.00297,0.001925,0.00163625,0.00100375,2.75E-05,1.375E-05,295.7698048,295.7766148,-0.219121125,-0.218495604,0.857887616,0.853061224,,0.6275,1.4119,2.1969,8.1765,9.9629,1.5936,2.2499,3.5009,13.0300,15.8767,0.7083,0.4445,1.5560,5.7913,7.0566,0.4552,0.2856,0.6427,3.7219,4.5350,0.1223,0.0767,0.1727,0.2687,1.2185,0.1004,0.0630,0.1417,0.2205,0.8207,-0.2289,0.1708,0.3744,0.7821,0.8176,0.3846,0.5556,0.8574,0.8815,0.2175,0.7055,0.7518,0.5764,0.6387,0.0985,,,B5/B7,0.3020,0.0912,? Weak
10,2024-05-21 0:00:00,2024-05-18 0:00:00,3,LANDSAT_9,Landsat_8_9,43.88,30,QA_PIXEL_AND_MNDWI_gt_0,3,8.01,0.010975935,0.027712831,0.010666754,0.008925736,0.003456099,0.002949328,0.0098525,0.027315,0.010265,0.0088075,0.003445,0.00295,0.001438846,0.00044926,0.000563731,0.00047649,4.6741E-05,2.24537E-05,295.7197211,295.7082544,-0.088664024,-0.096491228,0.778174097,0.778607584,,0.3961,1.0290,1.2297,3.1758,3.7215,2.5249,2.5981,3.1048,8.0185,9.3963,0.9718,0.3849,1.1951,3.0864,3.6167,0.8132,0.3221,0.8368,2.5826,3.0264,0.3149,0.1247,0.3240,0.3872,1.1718,0.2687,0.1064,0.2765,0.3304,0.8534,-0.4326,0.0143,0.1030,0.5211,0.5764,0.4441,0.5128,0.7782,0.8076,0.0889,0.5106,0.5668,0.4417,0.5033,0.0791,,,B6/B2,-0.1072,0.0115,? Very weak
11,2024-05-21 0:00:00,2024-05-18 0:00:00,3,LANDSAT_9,Landsat_8_9,43.88,30,QA_PIXEL_AND_MNDWI_gt_0,2,16.28,0.026476496,0.039903862,0.025846065,0.021738182,0.014345137,0.011776307,0.0261875,0.04079,0.0268475,0.02275,0.01494,0.0120525,0.00119625,0.000715,0.00077,0.00066,0.000715,0.00050875,296.6081049,296.6140297,-0.087417575,-0.082615051,0.474690574,0.463843531,,0.6635,1.0244,1.2180,1.8457,2.2483,1.5071,1.5439,1.8357,2.7817,3.3885,0.9762,0.6477,1.1890,1.8017,2.1948,0.8210,0.5448,0.8411,1.5154,1.8459,0.5418,0.3595,0.5550,0.6599,1.2181,0.4448,0.2951,0.4556,0.5417,0.8209,-0.2023,0.0120,0.0983,0.2972,0.3843,0.2138,0.2947,0.4711,0.5443,0.0863,0.2862,0.3740,0.2049,0.2972,0.0983,,,B6/B3,0.0480,0.0023,? Very weak
1,2024-06-11 0:00:00,2024-06-11 0:00:00,0,LANDSAT_8,Landsat_8_9,42.78,30,QA_PIXEL_AND_MNDWI_gt_0,3,4.3,0.023192691,0.052503043,0.03203581,0.028011341,0.02341,0.021015893,0.0246475,0.052285,0.03122,0.0283325,0.0237125,0.0214025,0.00167291,0.001348529,0.001550658,0.001932624,0.001496555,0.001059454,294.7800166,294.7682989,-0.06770141,-0.068004817,0.384356915,0.375966315,,0.4417,0.7240,0.8280,0.9907,1.1036,2.2638,1.6389,1.8743,2.2428,2.4983,1.3813,0.6102,1.1437,1.3685,1.5244,1.2078,0.5335,0.8744,1.1966,1.3329,1.0094,0.4459,0.7307,0.8357,1.1139,0.9061,0.4003,0.6560,0.7503,0.8977,-0.3872,-0.1601,-0.0941,-0.0047,0.0492,0.2421,0.3042,0.3832,0.4283,0.0670,0.1556,0.2077,0.0895,0.1427,0.0539,,,B6/B4,0.0734,0.0054,? Very weak
2,2024-06-11 0:00:00,2024-06-11 0:00:00,0,LANDSAT_8,Landsat_8_9,42.78,30,QA_PIXEL_AND_MNDWI_gt_0,2,4.63,0.000755051,0.020399241,0.003699094,0.002655357,0.003285717,0.004017624,0.002785,0.0236575,0.0058375,0.0027025,0.0025925,0.0034725,0.00396,0.00559625,0.00367125,0.0008525,0.000165,0.00015125,294.6415793,294.6247421,-0.324079722,-0.336876007,0.734717931,0.72651842,,0.0370,0.2041,0.2844,0.2298,0.1879,27.0170,5.5147,7.6823,6.2085,5.0774,4.8991,0.1813,1.3931,1.1258,0.9207,3.5168,0.1302,0.7178,0.8082,0.6609,4.3516,0.1611,0.8882,1.2374,0.8178,5.3210,0.1969,1.0861,1.5130,1.2228,-0.9286,-0.6610,-0.5572,-0.6263,-0.6836,0.6930,0.7696,0.7225,0.6709,0.1643,0.0592,-0.0413,-0.1061,-0.2041,-0.1002,,,B6/B5,-0.2299,0.0528,? Very weak
4,2024-06-11 0:00:00,2024-06-11 0:00:00,0,LANDSAT_8,Landsat_8_9,42.78,30,QA_PIXEL_AND_MNDWI_gt_0,3,5.72,0.022051168,0.045789714,0.026553153,0.017867126,0.016094274,0.015154921,0.022035,0.0457125,0.02704,0.0175525,0.01593,0.015325,0.000909581,0.000863031,0.001021662,0.001218925,0.001410535,0.001107537,294.9776698,294.9733801,-0.196557142,-0.196240421,0.481113642,0.475251119,,0.4816,0.8305,1.2342,1.3701,1.4550,2.0765,1.7245,2.5628,2.8451,3.0214,1.2042,0.5799,1.4861,1.6499,1.7521,0.8103,0.3902,0.6729,1.1102,1.1790,0.7299,0.3515,0.6061,0.9008,1.0620,0.6873,0.3310,0.5707,0.8482,0.9416,-0.3499,-0.0926,0.1048,0.1562,0.1854,0.2659,0.4386,0.4799,0.5027,0.1955,0.2452,0.2733,0.0522,0.0821,0.0301,,,B6/B7,0.2362,0.0558,? Very weak
6,2024-06-11 0:00:00,2024-06-11 0:00:00,0,LANDSAT_8,Landsat_8_9,42.78,30,QA_PIXEL_AND_MNDWI_gt_0,3,5.13,0.0302546,0.056037824,0.037472319,0.03049277,0.02635533,0.023368907,0.0308625,0.0568225,0.0381225,0.03133,0.0272325,0.0241525,0.005423213,0.004030853,0.00440521,0.004210065,0.003182748,0.002845006,294.9403248,294.9152738,-0.103981668,-0.097800655,0.36208511,0.352031408,,0.5399,0.8074,0.9922,1.1479,1.2947,1.8522,1.4954,1.8377,2.1262,2.3980,1.2386,0.6687,1.2289,1.4218,1.6035,1.0079,0.5441,0.8137,1.1570,1.3048,0.8711,0.4703,0.7033,0.8643,1.1278,0.7724,0.4170,0.6236,0.7664,0.8867,-0.2988,-0.1066,-0.0039,0.0689,0.1284,0.1985,0.2952,0.3603,0.4114,0.1027,0.1742,0.2318,0.0728,0.1323,0.0601,,,B7/B2,-0.1307,0.0171,? Very weak
7,2024-06-11 0:00:00,2024-06-11 0:00:00,0,LANDSAT_8,Landsat_8_9,42.78,30,QA_PIXEL_AND_MNDWI_gt_0,3,7.47,0.031198846,0.051983679,0.037017298,0.02819181,0.023853433,0.021615079,0.0303675,0.05113,0.0356475,0.0279475,0.024235,0.02198,0.001739446,0.00143867,0.001692088,0.001600207,0.001733785,0.001284053,295.1737201,295.1750433,-0.135862645,-0.129779331,0.371980607,0.357174505,,0.6002,0.8428,1.1067,1.3079,1.4434,1.6662,1.4043,1.8439,2.1793,2.4050,1.1865,0.7121,1.3131,1.5519,1.7126,0.9036,0.5423,0.7616,1.1819,1.3043,0.7646,0.4589,0.6444,0.8461,1.1036,0.6928,0.4158,0.5839,0.7667,0.9062,-0.2499,-0.0853,0.0506,0.1334,0.1815,0.1682,0.2967,0.3709,0.4126,0.1353,0.2163,0.2627,0.0834,0.1320,0.0492,,,B7/B3,-0.0147,0.0002,? Very weak
8,2024-06-11 0:00:00,2024-06-11 0:00:00,0,LANDSAT_8,Landsat_8_9,42.78,30,QA_PIXEL_AND_MNDWI_gt_0,3,9.63,0.034562882,0.049569375,0.036977465,0.029747049,0.021514861,0.019121146,0.0357575,0.0503875,0.038095,0.0302025,0.021815,0.019505,0.002813106,0.001893621,0.001718695,0.001057231,0.000129636,0.000383031,295.3120878,295.3322722,-0.108594022,-0.113535158,0.394293812,0.390431513,,0.6973,0.9347,1.1619,1.6065,1.8076,1.4342,1.3405,1.6664,2.3040,2.5924,1.0699,0.7460,1.2431,1.7187,1.9339,0.8607,0.6001,0.8045,1.3826,1.5557,0.6225,0.4340,0.5818,0.7233,1.1252,0.5532,0.3857,0.5171,0.6428,0.8887,-0.1784,-0.0338,0.0749,0.2327,0.2876,0.1455,0.2499,0.3947,0.4433,0.1084,0.2644,0.3183,0.1606,0.2174,0.0589,,,B7/B4,0.0279,0.0008,? Very weak
9,2024-06-11 0:00:00,2024-06-11 0:00:00,0,LANDSAT_8,Landsat_8_9,42.78,30,QA_PIXEL_AND_MNDWI_gt_0,2,8.85,0.024297364,0.044611907,0.031776735,0.025878683,0.021954594,0.020573277,0.02627,0.046015,0.0334475,0.02737,0.0221725,0.0205225,0.00328625,0.0021175,0.00215875,0.00177375,0.00081125,0.00070125,295.2299876,295.2331497,-0.102488878,-0.100231339,0.340093671,0.343363666,,0.5446,0.7646,0.9389,1.1067,1.1810,1.8361,1.4039,1.7239,2.0320,2.1684,1.3078,0.7123,1.2279,1.4474,1.5446,1.0651,0.5801,0.8144,1.1787,1.2579,0.9036,0.4921,0.6909,0.8484,1.0671,0.8467,0.4612,0.6474,0.7950,0.9371,-0.2948,-0.1334,-0.0315,0.0507,0.0830,0.1680,0.2658,0.3404,0.3688,0.1023,0.1828,0.2140,0.0820,0.1142,0.0325,,,B7/B5,-0.2057,0.0423,? Very weak
10,2024-06-11 0:00:00,2024-06-11 0:00:00,0,LANDSAT_8,Landsat_8_9,42.78,30,QA_PIXEL_AND_MNDWI_gt_0,3,14.81,0.024492503,0.049555325,0.035719184,0.023409682,0.014308384,0.012002767,0.023245,0.04948,0.03573,0.0236575,0.0148575,0.0123825,0.000471705,0.000564029,0.000792691,0.001280121,0.001534479,0.001202966,295.8228372,295.8142131,-0.209225355,-0.203283519,0.554134679,0.538138722,,0.4942,0.6857,1.0463,1.7118,2.0406,2.0233,1.3874,2.1169,3.4634,4.1287,1.4584,0.7208,1.5258,2.4964,2.9759,0.9558,0.4724,0.6554,1.6361,1.9504,0.5842,0.2887,0.4006,0.6112,1.1921,0.4901,0.2422,0.3360,0.5127,0.8389,-0.3385,-0.1865,0.0226,0.2625,0.3422,0.1623,0.3583,0.5519,0.6100,0.2082,0.4280,0.4970,0.2413,0.3221,0.0876,,,B7/B6,-0.1914,0.0366,? Very weak
3,2024-06-28 0:00:00,2024-06-27 0:00:00,1,LANDSAT_8,Landsat_8_9,41.08,30,QA_PIXEL_AND_MNDWI_gt_0,3,13.45,0.013483953,0.055092145,0.027094031,0.011309931,0.01318339,0.013358318,0.012355,0.054815,0.02638,0.010705,0.01318,0.0134,0.001990792,0.001659597,0.001623354,0.001566454,0.001034169,0.00096629,299.187141,299.1877988,-0.413989483,-0.422677632,0.614471145,0.612324436,,0.2448,0.4977,1.1922,1.0228,1.0094,4.0858,2.0334,4.8711,4.1789,4.1242,2.0094,0.4918,2.3956,2.0552,2.0283,0.8388,0.2053,0.4174,0.8579,0.8467,0.9777,0.2393,0.4866,1.1656,0.9869,0.9907,0.2425,0.4930,1.1811,1.0133,-0.6067,-0.3354,0.0877,0.0113,0.0047,0.3407,0.6594,0.6138,0.6097,0.4110,0.3454,0.3396,-0.0765,-0.0830,-0.0066,,,(B2-B3)/(B2+B3),-0.1307,0.0171,? Very weak
4,2024-06-28 0:00:00,2024-06-27 0:00:00,1,LANDSAT_8,Landsat_8_9,41.08,30,QA_PIXEL_AND_MNDWI_gt_0,3,14.74,0.035930861,0.066458106,0.042661071,0.025147164,0.021031388,0.01885989,0.03628,0.06675,0.0428525,0.0254725,0.0212375,0.01879,0.000221143,0.00024009,8.09578E-05,0.000118814,0.00022788,0.000203739,299.2044552,299.2117249,-0.258488978,-0.254972214,0.519298384,0.517411805,,0.5407,0.8422,1.4288,1.7084,1.9051,1.8496,1.5578,2.6428,3.1599,3.5238,1.1873,0.6419,1.6965,2.0284,2.2620,0.6999,0.3784,0.5895,1.1957,1.3334,0.5853,0.3165,0.4930,0.8363,1.1151,0.5249,0.2838,0.4421,0.7500,0.8967,-0.2981,-0.0856,0.1766,0.2616,0.3116,0.2181,0.4510,0.5192,0.5579,0.2583,0.3396,0.3869,0.0891,0.1429,0.0544,,,(B2-B4)/(B2+B4),0.0106,0.0001,? Very weak
5,2024-06-28 0:00:00,2024-06-27 0:00:00,1,LANDSAT_8,Landsat_8_9,41.08,30,QA_PIXEL_AND_MNDWI_gt_0,1,16.69,0.00685617,0.015281897,0.004227872,0.004026791,0.003165904,0.003889096,0.00702,0.0152975,0.00438,0.0040775,0.0031425,0.0039125,0,0,0,0,0,0,298.8117439,298.8015625,-0.022367774,-0.035767071,0.713198875,0.703666245,,0.4486,1.6217,1.7026,2.1656,1.7629,2.2289,3.6146,3.7951,4.8270,3.9294,0.6167,0.2767,1.0499,1.3354,1.0871,0.5873,0.2635,0.9524,1.2719,1.0354,0.4618,0.2072,0.7488,0.7862,0.8140,0.5672,0.2545,0.9199,0.9658,1.2284,-0.3806,0.2371,0.2600,0.3682,0.2761,0.5666,0.5829,0.6568,0.5943,0.0244,0.1436,0.0417,0.1197,0.0174,-0.1025,,,(B2-B5)/(B2+B5),-0.2604,0.0678,? Very weak
6,2024-06-28 0:00:00,2024-06-27 0:00:00,1,LANDSAT_8,Landsat_8_9,41.08,30,QA_PIXEL_AND_MNDWI_gt_0,3,13.55,0.013228798,0.051396247,0.024320087,0.007259385,0.008753953,0.008752323,0.0127675,0.0513775,0.02407,0.00669,0.0093025,0.0089725,0.005962718,0.005409048,0.005916457,0.005809223,0.004651015,0.003956965,299.2999019,299.3040115,-0.520256554,-0.565019506,0.7267651,0.693391562,,0.2574,0.5439,1.8223,1.5112,1.5115,3.8852,2.1133,7.0800,5.8712,5.8723,1.8384,0.4732,3.3502,2.7782,2.7787,0.5488,0.1412,0.2985,0.8293,0.8294,0.6617,0.1703,0.3599,1.2059,1.0002,0.6616,0.1703,0.3599,1.2057,0.9998,-0.5906,-0.2954,0.2914,0.2036,0.2037,0.3576,0.7525,0.7089,0.7090,0.5402,0.4706,0.4707,-0.0933,-0.0932,0.0001,,,(B2-B6)/(B2+B6),0.1197,0.0143,? Very weak
1,2024-07-18 0:00:00,2024-07-13 0:00:00,5,LANDSAT_8,Landsat_8_9,20.63,30,QA_PIXEL_AND_MNDWI_gt_0,3,11.59,0.01829472,0.050172357,0.026079666,0.023158132,0.006156074,0.004191169,0.0176075,0.049315,0.0252525,0.02264,0.0059475,0.00416,0.001146969,0.000832402,0.000744365,0.000465789,0.000293047,0.000135344,303.0184351,302.9681289,-0.059281275,-0.063711036,0.7819353,0.782918149,,0.3646,0.7015,0.7900,2.9718,4.3651,2.7425,1.9238,2.1665,8.1501,11.9710,1.4255,0.5198,1.1262,4.2364,6.2225,1.2658,0.4616,0.8880,3.7618,5.5255,0.3365,0.1227,0.2360,0.2658,1.4688,0.2291,0.0835,0.1607,0.1810,0.6808,-0.4656,-0.1754,-0.1173,0.4965,0.6272,0.3160,0.3684,0.7814,0.8458,0.0593,0.6181,0.7231,0.5800,0.6935,0.1899,,,(B2-B7)/(B2+B7),0.1373,0.0188,? Very weak
2,2024-07-18 0:00:00,2024-07-13 0:00:00,5,LANDSAT_8,Landsat_8_9,20.63,30,QA_PIXEL_AND_MNDWI_gt_0,2,9.78,0.006656221,0.040852366,0.016638862,0.011775957,0.001846983,0.002279302,0.0064425,0.04145,0.016535,0.01168125,0.00189125,0.0022625,0.0004675,0.00121,0.00099,0.0005775,0.000165,0.000385,303.0952235,303.0552884,-0.170599431,-0.175095341,0.913504129,0.913989206,,0.1629,0.4000,0.5652,3.6038,2.9203,6.1375,2.4552,3.4691,22.1184,17.9232,2.4997,0.4073,1.4130,9.0087,7.3000,1.7692,0.2883,0.7077,6.3758,5.1665,0.2775,0.0452,0.1110,0.1568,0.8103,0.3424,0.0558,0.1370,0.1936,1.2341,-0.7198,-0.4285,-0.2778,0.5656,0.4898,0.4212,0.5525,0.9135,0.8943,0.1711,0.8002,0.7590,0.7288,0.6757,-0.1048,,,(B3-B4)/(B3+B4),-0.1942,0.0377,? Very weak
4,2024-07-18 0:00:00,2024-07-13 0:00:00,5,LANDSAT_8,Landsat_8_9,20.63,30,QA_PIXEL_AND_MNDWI_gt_0,3,12.76,0.016423584,0.047684692,0.023342079,0.015085377,0.00323305,0.002497563,0.016425,0.04805,0.023355,0.0150775,0.00328,0.0024,0.000866432,0.000348815,0.000580765,0.000587382,0.000291898,0.000195746,303.45171,303.4056355,-0.214983918,-0.21537761,0.87325574,0.872199493,,0.3444,0.7036,1.0887,5.0799,6.5758,2.9034,2.0429,3.1610,14.7491,19.0925,1.4213,0.4895,1.5473,7.2198,9.3459,0.9185,0.3164,0.6463,4.6660,6.0400,0.1969,0.0678,0.1385,0.2143,1.2945,0.1521,0.0524,0.1070,0.1656,0.7725,-0.4876,-0.1740,0.0425,0.6710,0.7360,0.3427,0.5193,0.8730,0.9005,0.2149,0.7567,0.8067,0.6470,0.7159,0.1283,,,(B3-B5)/(B3+B5),-0.4182,0.1749,? Weak
5,2024-07-18 0:00:00,2024-07-13 0:00:00,5,LANDSAT_8,Landsat_8_9,20.63,30,QA_PIXEL_AND_MNDWI_gt_0,3,14.25,0.022646684,0.046852601,0.026070016,0.019822782,0.004116557,0.00246332,0.0223925,0.046895,0.0259125,0.01978,0.004105,0.0023725,0.000830886,0.000436164,0.000789718,0.000598717,0.000191844,0.000123665,304.9657236,304.9198183,-0.136223107,-0.134212398,0.838556405,0.839106364,,0.4834,0.8687,1.1425,5.5014,9.1936,2.0689,1.7972,2.3636,11.3815,19.0201,1.1512,0.5564,1.3152,6.3330,10.5833,0.8753,0.4231,0.7604,4.8154,8.0472,0.1818,0.0879,0.1579,0.2077,1.6711,0.1088,0.0526,0.0945,0.1243,0.5984,-0.3483,-0.0703,0.0665,0.6924,0.8038,0.2850,0.4054,0.8385,0.9001,0.1361,0.7273,0.8273,0.6561,0.7789,0.2513,,,(B3-B6)/(B3+B6),-0.0958,0.0092,? Very weak
6,2024-07-18 0:00:00,2024-07-13 0:00:00,5,LANDSAT_8,Landsat_8_9,20.63,30,QA_PIXEL_AND_MNDWI_gt_0,3,9.51,0.01695987,0.047893456,0.023902624,0.015968507,0.003607729,0.002660429,0.0173875,0.04761,0.023905,0.016315,0.00372,0.002565,0.000611356,3.42985E-05,0.000233705,0.000673734,0.000343719,0.000190966,304.8480573,304.8412039,-0.19972294,-0.196841368,0.860079392,0.857965638,,0.3541,0.7095,1.0621,4.7010,6.3749,2.8239,2.0037,2.9992,13.2752,18.0022,1.4094,0.4991,1.4969,6.6254,8.9845,0.9415,0.3334,0.6681,4.4262,6.0022,0.2127,0.0753,0.1509,0.2259,1.3561,0.1569,0.0555,0.1113,0.1666,0.7374,-0.4770,-0.1699,0.0301,0.6492,0.7288,0.3342,0.4999,0.8599,0.8947,0.1990,0.7377,0.7997,0.6314,0.7144,0.1511,,,(B3-B7)/(B3+B7),-0.0148,0.0002,? Very weak
7,2024-07-18 0:00:00,2024-07-13 0:00:00,5,LANDSAT_8,Landsat_8_9,20.63,30,QA_PIXEL_AND_MNDWI_gt_0,3,14.14,0.017784117,0.038603421,0.020747286,0.019330914,0.005022418,0.003542967,0.0167275,0.0391125,0.0199725,0.0174425,0.004655,0.00306,0.001594526,0.001231271,0.00198017,0.003014064,0.001338961,0.000899362,303.509676,303.5081761,-0.038999215,-0.054726368,0.77339858,0.787285086,,0.4607,0.8572,0.9200,3.5409,5.0196,2.1707,1.8606,1.9970,7.6862,10.8958,1.1666,0.5374,1.0733,4.1309,5.8559,1.0870,0.5008,0.9317,3.8489,5.4561,0.2824,0.1301,0.2421,0.2598,1.4176,0.1992,0.0918,0.1708,0.1833,0.7054,-0.3692,-0.0769,-0.0417,0.5596,0.6677,0.3009,0.3327,0.7698,0.8319,0.0353,0.6102,0.7083,0.5875,0.6902,0.1727,,,(B4-B5)/(B4+B5),-0.3309,0.1095,? Weak
8,2024-07-18 0:00:00,2024-07-13 0:00:00,5,LANDSAT_8,Landsat_8_9,20.63,30,QA_PIXEL_AND_MNDWI_gt_0,3,15.21,0.025979861,0.04128309,0.024251562,0.022577257,0.005275764,0.003445972,0.02605,0.0414225,0.024345,0.022255,0.00515,0.003335,0.000327187,0.000370995,0.000390418,0.000710165,7.88546E-05,0.000125017,303.3945658,303.3646192,-0.035963149,-0.039938387,0.773654342,0.77699594,,0.6293,1.0713,1.1507,4.9244,7.5392,1.5890,1.7023,1.8285,7.8250,11.9801,0.9335,0.5874,1.0742,4.5968,7.0377,0.8690,0.5469,0.9310,4.2794,6.5518,0.2031,0.1278,0.2175,0.2337,1.5310,0.1326,0.0835,0.1421,0.1526,0.6532,-0.2275,0.0344,0.0701,0.6624,0.7658,0.2599,0.2929,0.7734,0.8459,0.0358,0.6427,0.7512,0.6212,0.7352,0.2098,,,(B4-B6)/(B4+B6),-0.0846,0.0072,? Very weak
9,2024-07-18 0:00:00,2024-07-13 0:00:00,5,LANDSAT_8,Landsat_8_9,20.63,30,QA_PIXEL_AND_MNDWI_gt_0,2,13.7,0.029067078,0.044302462,0.026991037,0.022612814,0.00456566,0.002503404,0.02902,0.0445025,0.0272325,0.0226125,0.00449,0.002455,0.00015125,2.75E-05,0,9.625E-05,8.25E-05,2.75E-05,303.5479388,303.5423563,-0.088240961,-0.092687331,0.813178642,0.816706639,,0.6561,1.0769,1.2854,6.3665,11.6110,1.5241,1.6414,1.9592,9.7034,17.6969,0.9286,0.6092,1.1936,5.9117,10.7817,0.7780,0.5104,0.8378,4.9528,9.0328,0.1571,0.1031,0.1692,0.2019,1.8238,0.0861,0.0565,0.0927,0.1107,0.5483,-0.2077,0.0370,0.1249,0.7285,0.8414,0.2428,0.3241,0.8131,0.8930,0.0883,0.7106,0.8302,0.6640,0.8007,0.2917,,,(B4-B7)/(B4+B7),0.0046,0.0000,? Very weak
10,2024-08-07 0:00:00,2024-08-06 0:00:00,1,LANDSAT_9,Landsat_8_9,46.62,30,QA_PIXEL_AND_MNDWI_gt_0,3,18.46,-0.015990112,0.033242346,0.004802397,0.02340134,0.012602641,0.010655373,-0.01905,0.032485,0.00427,0.02297,0.0127125,0.01076,0.003456721,0.001103965,0.001695263,0.00074954,0.000195746,0.000175369,302.5301259,302.5272043,0.682415302,0.686490455,0.449607601,0.437468887,,-0.4810,-3.3296,-0.6833,-1.2688,-1.5007,-2.0789,6.9220,1.4205,2.6377,3.1198,-0.3003,0.1445,0.2052,0.3811,0.4507,-1.4635,0.7040,4.8728,1.8569,2.1962,-0.7882,0.3791,2.6242,0.5385,1.1827,-0.6664,0.3205,2.2188,0.4553,0.8455,-2.8537,1.8585,-5.3151,8.4407,4.9947,0.7475,0.1737,0.4502,0.5145,-0.6594,-0.4482,-0.3786,0.2999,0.3743,0.0837,,,(B5-B6)/(B5+B6),0.2365,0.0559,? Very weak
1,2024-08-30 0:00:00,2024-08-30 0:00:00,0,LANDSAT_8,Landsat_8_9,3.9,30,QA_PIXEL_AND_MNDWI_gt_0,3,14.9,0.006926283,0.036503215,0.017390435,0.016762897,0.006340222,0.003949155,0.0068825,0.0361975,0.01703,0.0166175,0.0062775,0.00394,0.000663935,0.00039555,0.000525147,0.000707557,0.000236564,5.94068E-05,300.4669418,300.3772698,-0.018443649,-0.016968167,0.704124622,0.702681902,,0.1897,0.3983,0.4132,1.0924,1.7539,5.2702,2.0990,2.1776,5.7574,9.2433,2.5108,0.4764,1.0374,2.7429,4.4036,2.4202,0.4592,0.9639,2.6439,4.2447,0.9154,0.1737,0.3646,0.3782,1.6055,0.5702,0.1082,0.2271,0.2356,0.6229,-0.6810,-0.4303,-0.4152,0.0442,0.2737,0.3546,0.3706,0.7040,0.8048,0.0184,0.4657,0.6299,0.4511,0.6187,0.2324,,,(B5-B7)/(B5+B7),0.2659,0.0707,? Very weak
2,2024-08-30 0:00:00,2024-08-30 0:00:00,0,LANDSAT_8,Landsat_8_9,3.9,30,QA_PIXEL_AND_MNDWI_gt_0,2,17.2,0.00825045,0.039825325,0.020449751,0.017943147,0.006035858,0.003455383,0.0082025,0.0397725,0.020495,0.01813,0.0061125,0.0034175,0.00042625,0.00011,0.0002475,0.000385,0.00012375,4.125E-05,300.574159,300.5515888,-0.065348493,-0.064335576,0.736828456,0.733573063,,0.2072,0.4034,0.4598,1.3669,2.3877,4.8270,1.9475,2.2195,6.5981,11.5256,2.4786,0.5135,1.1397,3.3880,5.9182,2.1748,0.4505,0.8774,2.9728,5.1928,0.7316,0.1516,0.2952,0.3364,1.7468,0.4188,0.0868,0.1690,0.1926,0.5725,-0.6568,-0.4251,-0.3700,0.1550,0.4096,0.3215,0.3788,0.7368,0.8403,0.0653,0.5442,0.7109,0.4966,0.6770,0.2719,,,(B6-B7)/(B6+B7),0.2303,0.0530,? Very weak
4,2024-08-30 0:00:00,2024-08-30 0:00:00,0,LANDSAT_8,Landsat_8_9,3.9,30,QA_PIXEL_AND_MNDWI_gt_0,3,11.62,0.00918407,0.036269083,0.018243835,0.016673364,0.005422996,0.003136212,0.00922,0.036225,0.01835,0.0167,0.00537,0.0031425,7.21784E-05,0.000215758,0.0001593,0.000135344,0.000118814,0.000157176,300.136046,300.1448444,-0.045022207,-0.042103771,0.739858553,0.74076756,,0.2532,0.5034,0.5508,1.6935,2.9284,3.9491,1.9880,2.1753,6.6880,11.5646,1.9865,0.5030,1.0942,3.3642,5.8172,1.8155,0.4597,0.9139,3.0746,5.3164,0.5905,0.1495,0.2973,0.3252,1.7292,0.3415,0.0865,0.1719,0.1881,0.5783,-0.5959,-0.3303,-0.2896,0.2575,0.4909,0.3307,0.3701,0.7399,0.8408,0.0450,0.5417,0.7066,0.5092,0.6834,0.2672,,,,,,
5,2024-08-30 0:00:00,2024-08-30 0:00:00,0,LANDSAT_8,Landsat_8_9,3.9,30,QA_PIXEL_AND_MNDWI_gt_0,3,12.31,0.015852095,0.037657576,0.021148212,0.018283617,0.005805788,0.003253301,0.0156275,0.0376275,0.021045,0.01824,0.005865,0.0031975,0.000373928,0.000348574,0.00024009,0.000421467,0.000182874,2.24537E-05,301.022791,301.0027674,-0.07269327,-0.072939691,0.732888361,0.730298327,,0.4210,0.7496,0.8670,2.7304,4.8726,2.3756,1.7807,2.0596,6.4862,11.5752,1.3341,0.5616,1.1567,3.6426,6.5005,1.1534,0.4855,0.8645,3.1492,5.6200,0.3662,0.1542,0.2745,0.3175,1.7846,0.2052,0.0864,0.1538,0.1779,0.5604,-0.4075,-0.1431,-0.0712,0.4639,0.6594,0.2807,0.3463,0.7328,0.8410,0.0726,0.5692,0.7334,0.5180,0.6979,0.2818,,,?? TIP: Click any cell in Pearson R column ? Data ? Sort Largest to Smallest to rank all combinations.,,,
6,2024-08-30 0:00:00,2024-08-30 0:00:00,0,LANDSAT_8,Landsat_8_9,3.9,30,QA_PIXEL_AND_MNDWI_gt_0,3,19.77,0.012780604,0.037586547,0.020331747,0.019395629,0.006504908,0.003858304,0.0128775,0.0375725,0.020275,0.0195325,0.00658,0.0038025,0.000316748,0.000248347,0.000146093,0.000202083,0.000140223,7.77817E-05,300.546073,300.5686789,-0.023570732,-0.021790269,0.704964053,0.701182934,,0.3400,0.6286,0.6589,1.9648,3.3125,2.9409,1.8487,1.9379,5.7782,9.7417,1.5908,0.5409,1.0483,3.1256,5.2696,1.5176,0.5160,0.9540,2.9817,5.0270,0.5090,0.1731,0.3199,0.3354,1.6860,0.3019,0.1027,0.1898,0.1989,0.5931,-0.4925,-0.2280,-0.2056,0.3254,0.5362,0.2979,0.3192,0.7049,0.8138,0.0236,0.5152,0.6810,0.4977,0.6682,0.2554,,,,,,
7,2024-08-30 0:00:00,2024-08-30 0:00:00,0,LANDSAT_8,Landsat_8_9,3.9,30,QA_PIXEL_AND_MNDWI_gt_0,3,14.12,0.015525025,0.038751428,0.022304001,0.021169426,0.007224152,0.004017437,0.016535,0.03947,0.0238225,0.022695,0.008285,0.0046,0.001550928,0.001796713,0.001909529,0.001905829,0.00119603,0.000738927,300.4322038,300.4387941,-0.026595548,-0.030714558,0.687675026,0.661543053,,0.4006,0.6961,0.7334,2.1490,3.8644,2.4961,1.7374,1.8305,5.3641,9.6458,1.4366,0.5756,1.0536,3.0874,5.5518,1.3636,0.5463,0.9491,2.9304,5.2694,0.4653,0.1864,0.3239,0.3413,1.7982,0.2588,0.1037,0.1801,0.1898,0.5561,-0.4279,-0.1792,-0.1538,0.3649,0.5889,0.2694,0.2934,0.6857,0.8121,0.0261,0.5107,0.6947,0.4911,0.6810,0.2853,,,,,,
8,2024-08-30 0:00:00,2024-08-30 0:00:00,0,LANDSAT_8,Landsat_8_9,3.9,30,QA_PIXEL_AND_MNDWI_gt_0,3,17.21,0.020163299,0.040869931,0.025078403,0.024085764,0.008678264,0.005198819,0.0200825,0.04079,0.0250875,0.0243175,0.008835,0.0053425,0.000539044,0.000322531,0.000260243,0.000624007,0.000425041,0.000350737,300.3481993,300.3499256,-0.020328194,-0.015585467,0.649831246,0.648218196,,0.4934,0.8040,0.8371,2.3234,3.8784,2.0269,1.6297,1.6969,4.7095,7.8614,1.2438,0.6136,1.0412,2.8898,4.8239,1.1945,0.5893,0.9604,2.7754,4.6329,0.4304,0.2123,0.3460,0.3603,1.6693,0.2578,0.1272,0.2073,0.2158,0.5991,-0.3393,-0.1086,-0.0886,0.3982,0.5900,0.2395,0.2584,0.6497,0.7743,0.0202,0.4858,0.6566,0.4703,0.6449,0.2507,,,,,,
9,2024-08-30 0:00:00,2024-08-30 0:00:00,0,LANDSAT_8,Landsat_8_9,3.9,30,QA_PIXEL_AND_MNDWI_gt_0,2,20.21,0.019991624,0.035064207,0.021152208,0.020706555,0.006269892,0.003588363,0.01989,0.0351525,0.021155,0.02070125,0.0062775,0.0036375,0.00023375,5.5E-05,0.00015125,1.375E-05,5.5E-05,1.375E-05,300.7962418,300.8352844,-0.010625872,-0.010508717,0.69664863,0.696958726,,0.5701,0.9451,0.9655,3.1885,5.5712,1.7539,1.6577,1.6934,5.5925,9.7716,1.0581,0.6032,1.0215,3.3736,5.8947,1.0358,0.5905,0.9789,3.3025,5.7705,0.3136,0.1788,0.2964,0.3028,1.7473,0.1795,0.1023,0.1696,0.1733,0.5723,-0.2738,-0.0282,-0.0176,0.5225,0.6956,0.2475,0.2574,0.6966,0.8143,0.0106,0.5427,0.7099,0.5352,0.7046,0.2720,,,,,,
10,2024-08-30 0:00:00,2024-08-30 0:00:00,0,LANDSAT_8,Landsat_8_9,3.9,30,QA_PIXEL_AND_MNDWI_gt_0,3,19.02,0.013220614,0.032979505,0.020763602,0.024041404,0.008813226,0.005030916,0.0127125,0.0329525,0.020605,0.02396,0.0088075,0.005095,0.000359492,0.000337801,0.000230446,0.0001426,0.000140223,0.000135344,301.0688828,301.0506197,0.073183571,0.075283294,0.578062672,0.573885165,,0.4009,0.6367,0.5499,1.5001,2.6279,2.4946,1.5883,1.3718,3.7420,6.5554,1.5705,0.6296,0.8637,2.3560,4.1272,1.8185,0.7290,1.1579,2.7279,4.7787,0.6666,0.2672,0.4245,0.3666,1.7518,0.3805,0.1525,0.2423,0.2093,0.5708,-0.4277,-0.2220,-0.2904,0.2000,0.4487,0.2273,0.1568,0.5782,0.7353,-0.0732,0.4040,0.6099,0.4635,0.6539,0.2732,,,,,,
11,2024-08-30 0:00:00,2024-08-30 0:00:00,0,LANDSAT_8,Landsat_8_9,3.9,30,QA_PIXEL_AND_MNDWI_gt_0,2,27.29,0.020449541,0.036792714,0.025954066,0.028592733,0.010962637,0.006202331,0.0202475,0.0365825,0.0257475,0.0286075,0.01098,0.006195,0.0004125,0.00042625,0.00031625,0.00048125,0.0001925,0.00017875,301.6113232,301.4744542,0.048361756,0.049069526,0.540999337,0.544610918,,0.5558,0.7879,0.7152,1.8654,3.2971,1.7992,1.4176,1.2868,3.3562,5.9321,1.2692,0.7054,0.9077,2.3675,4.1846,1.3982,0.7771,1.1017,2.6082,4.6100,0.5361,0.2980,0.4224,0.3834,1.7675,0.3033,0.1686,0.2390,0.2169,0.5658,-0.2855,-0.1186,-0.1660,0.3020,0.5346,0.1727,0.1254,0.5409,0.7115,-0.0484,0.4061,0.6142,0.4457,0.6435,0.2773,,,,,,
2,2024-10-04 0:00:00,2024-10-09 0:00:00,-5,LANDSAT_9,Landsat_8_9,8.66,30,QA_PIXEL_AND_MNDWI_gt_0,2,7.09363,0.006270274,0.016981173,0.011375418,0.006276237,0.003149445,0.002108268,0.00614,0.016865,0.01142,0.0063325,0.003115,0.00213875,0.00020625,0.0001925,0.0001375,0.00017875,8.25E-05,8.25E-05,292.0962269,292.1005343,-0.288935771,-0.289815179,0.687366344,0.688448445,,0.3692,0.5512,0.9990,1.9909,2.9741,2.7082,1.4928,2.7056,5.3918,8.0546,1.8142,0.6699,1.8125,3.6119,5.3956,1.0010,0.3696,0.5517,1.9928,2.9770,0.5023,0.1855,0.2769,0.5018,1.4939,0.3362,0.1242,0.1853,0.3359,0.6694,-0.4607,-0.2893,-0.0005,0.3313,0.4967,0.1977,0.4603,0.6871,0.7791,0.2889,0.5663,0.6873,0.3317,0.4971,0.1980,,,,,,
3,2024-10-04 0:00:00,2024-10-09 0:00:00,-5,LANDSAT_9,Landsat_8_9,8.66,30,QA_PIXEL_AND_MNDWI_gt_0,3,10.270195,0.010449371,0.019212566,0.013422,0.007062824,0.002863142,0.001886286,0.0104575,0.01912,0.0134,0.0069925,0.002785,0.0018775,0.000252375,0.000131566,0.000193588,0.000202083,0.000123665,8.50082E-05,292.0858669,292.0885713,-0.310659699,-0.319713,0.740971413,0.745080092,,0.5439,0.7785,1.4795,3.6496,5.5397,1.8386,1.4314,2.7202,6.7103,10.1854,1.2845,0.6986,1.9004,4.6879,7.1156,0.6759,0.3676,0.5262,2.4668,3.7443,0.2740,0.1490,0.2133,0.4054,1.5179,0.1805,0.0982,0.1405,0.2671,0.6588,-0.2954,-0.1245,0.1934,0.5699,0.6942,0.1774,0.4624,0.7406,0.8212,0.3104,0.6484,0.7536,0.4231,0.5784,0.2057,,,,,,
4,2024-10-04 0:00:00,2024-10-09 0:00:00,-5,LANDSAT_9,Landsat_8_9,8.66,30,QA_PIXEL_AND_MNDWI_gt_0,3,8.727292,0.012075509,0.019916533,0.014368269,0.007591178,0.002871508,0.001823122,0.0119975,0.019835,0.0144175,0.0075975,0.00285375,0.0017675,0.00017822,5.65071E-05,2.24537E-05,0.000112268,5.65071E-05,9.07454E-05,291.9689706,291.9689406,-0.308650488,-0.310649881,0.74797796,0.747226852,,0.6063,0.8404,1.5907,4.2053,6.6235,1.6493,1.3861,2.6236,6.9359,10.9244,1.1899,0.7214,1.8928,5.0037,7.8811,0.6286,0.3811,0.5283,2.6436,4.1638,0.2378,0.1442,0.1999,0.3783,1.5750,0.1510,0.0915,0.1269,0.2402,0.6349,-0.2451,-0.0867,0.2280,0.6158,0.7377,0.1618,0.4481,0.7480,0.8323,0.3086,0.6669,0.7748,0.4511,0.6127,0.2233,,,,,,
5,2024-10-04 0:00:00,2024-10-09 0:00:00,-5,LANDSAT_9,Landsat_8_9,8.66,30,QA_PIXEL_AND_MNDWI_gt_0,3,13.204736,0.013057816,0.031616453,0.020023218,0.008880218,0.00341207,0.002087335,0.0132075,0.0317975,0.020165,0.0088625,0.003445,0.0022075,0.000118814,0.000123665,8.09578E-05,0.000131566,0.000186964,8.98146E-05,291.0227115,291.0289851,-0.385535314,-0.382941688,0.805289592,0.804497411,,0.4130,0.6521,1.4704,3.8269,6.2557,2.4213,1.5790,3.5603,9.2661,15.1468,1.5334,0.6333,2.2548,5.8683,9.5927,0.6801,0.2809,0.4435,2.6026,4.2543,0.2613,0.1079,0.1704,0.3842,1.6347,0.1599,0.0660,0.1042,0.2351,0.6118,-0.4154,-0.2106,0.1904,0.5857,0.7244,0.2245,0.5614,0.8052,0.8761,0.3855,0.7088,0.8112,0.4448,0.6194,0.2409,,,,,,
6,2024-10-04 0:00:00,2024-10-09 0:00:00,-5,LANDSAT_9,Landsat_8_9,8.66,30,QA_PIXEL_AND_MNDWI_gt_0,3,15.231687,0.009274441,0.017304581,0.012598761,0.006896442,0.002726401,0.001836582,0.0092475,0.017195,0.0126575,0.0067175,0.002675,0.001795,5.18545E-05,0.000196175,0.000311936,0.000162434,1.29636E-05,0.000157709,291.8938527,291.9108342,-0.292439466,-0.29252238,0.728008227,0.731286476,,0.5360,0.7361,1.3448,3.4017,5.0498,1.8658,1.3735,2.5092,6.3470,9.4222,1.3584,0.7281,1.8268,4.6210,6.8599,0.7436,0.3985,0.5474,2.5295,3.7550,0.2940,0.1576,0.2164,0.3953,1.4845,0.1980,0.1061,0.1458,0.2663,0.6736,-0.3021,-0.1520,0.1471,0.5456,0.6694,0.1574,0.4301,0.7278,0.8081,0.2925,0.6442,0.7455,0.4333,0.5794,0.1950,,,,,,
7,2024-10-04 0:00:00,2024-10-09 0:00:00,-5,LANDSAT_9,Landsat_8_9,8.66,30,QA_PIXEL_AND_MNDWI_gt_0,3,22.250383,0.012583323,0.024938799,0.016520504,0.008037431,0.003043805,0.001909369,0.01241,0.0250875,0.0164525,0.0079275,0.00306,0.0018775,0.000263133,0.000352887,0.000102896,9.78732E-05,0.000101249,0.000112268,291.6642196,291.6579007,-0.345443403,-0.351195976,0.782387309,0.783420331,,0.5046,0.7617,1.5656,4.1341,6.5903,1.9819,1.5096,3.1028,8.1933,13.0613,1.3129,0.6624,2.0554,5.4276,8.6523,0.6387,0.3223,0.4865,2.6406,4.2095,0.2419,0.1221,0.1842,0.3787,1.5941,0.1517,0.0766,0.1156,0.2376,0.6273,-0.3293,-0.1353,0.2205,0.6104,0.7365,0.2030,0.5125,0.7825,0.8578,0.3454,0.6888,0.7928,0.4506,0.6161,0.2290,,,,,,
8,2024-10-04 0:00:00,2024-10-09 0:00:00,-5,LANDSAT_9,Landsat_8_9,8.66,30,QA_PIXEL_AND_MNDWI_gt_0,3,29.662368,0.015278958,0.027789271,0.018459167,0.009755694,0.003940208,0.002476701,0.015215,0.0277825,0.0184875,0.0097425,0.0039125,0.00251,0.00013658,8.50082E-05,8.50082E-05,3.88909E-05,2.24537E-05,0.000123665,291.4503855,291.4733277,-0.308493601,-0.309776833,0.751619885,0.753115633,,0.5498,0.8277,1.5662,3.8777,6.1691,1.8188,1.5054,2.8485,7.0527,11.2203,1.2081,0.6643,1.8921,4.6848,7.4531,0.6385,0.3511,0.5285,2.4759,3.9390,0.2579,0.1418,0.2135,0.4039,1.5909,0.1621,0.0891,0.1342,0.2539,0.6286,-0.2905,-0.0943,0.2206,0.5900,0.7210,0.2017,0.4803,0.7516,0.8363,0.3085,0.6482,0.7634,0.4246,0.5951,0.2281,,,,,,
9,2024-10-04 0:00:00,2024-10-09 0:00:00,-5,LANDSAT_9,Landsat_8_9,8.66,30,QA_PIXEL_AND_MNDWI_gt_0,2,13.930808,0.014304429,0.029348709,0.019047865,0.008449791,0.002832113,0.001686361,0.0142525,0.029295,0.019065,0.008285,0.0028675,0.001685,0.0002475,0.00011,9.625E-05,8.25E-05,0,2.75E-05,291.4416416,291.4425655,-0.385625535,-0.389855473,0.82399786,0.820458637,,0.4874,0.7510,1.6929,5.0508,8.4824,2.0517,1.5408,3.4733,10.3628,17.4036,1.3316,0.6490,2.2542,6.7257,11.2952,0.5907,0.2879,0.4436,2.9836,5.0107,0.1980,0.0965,0.1487,0.3352,1.6794,0.1179,0.0575,0.0885,0.1996,0.5954,-0.3446,-0.1422,0.2573,0.6695,0.7891,0.2128,0.5529,0.8240,0.8913,0.3854,0.7411,0.8373,0.4979,0.6673,0.2536,,,,,,
10,2024-10-04 0:00:00,2024-10-09 0:00:00,-5,LANDSAT_9,Landsat_8_9,8.66,30,QA_PIXEL_AND_MNDWI_gt_0,3,19.860396,0.00979704,0.030371883,0.020015835,0.009053621,0.004059897,0.002828194,0.009,0.0299825,0.0194775,0.0090275,0.0040225,0.0028125,0.001092257,0.00060929,0.000850971,0.000473305,0.000311397,0.000102896,291.7938791,291.7946215,-0.377139601,-0.381260527,0.764355791,0.763417145,,0.3226,0.4895,1.0821,2.4131,3.4641,3.1001,1.5174,3.3547,7.4809,10.7390,2.0430,0.6590,2.2108,4.9301,7.0772,0.9241,0.2981,0.4523,2.2300,3.2012,0.4144,0.1337,0.2028,0.4484,1.4355,0.2887,0.0931,0.1413,0.3124,0.6966,-0.5122,-0.3428,0.0394,0.4140,0.5520,0.2055,0.5407,0.7642,0.8296,0.3771,0.6627,0.7524,0.3808,0.5239,0.1788,,,,,,
11,2024-10-04 0:00:00,2024-10-09 0:00:00,-5,LANDSAT_9,Landsat_8_9,8.66,30,QA_PIXEL_AND_MNDWI_gt_0,2,26.75808,0.009872704,0.033753999,0.021686304,0.008788664,0.004534232,0.003581658,0.0104025,0.0340525,0.0217875,0.0093575,0.004545,0.0035825,0.00078375,0.00075625,0.000825,0.000715,0.000385,0.00017875,291.0202002,290.9708787,-0.424499514,-0.409015552,0.763518404,0.770700637,,0.2925,0.4553,1.1233,2.1774,2.7565,3.4189,1.5565,3.8406,7.4443,9.4241,2.1966,0.6425,2.4675,4.7828,6.0548,0.8902,0.2604,0.4053,1.9383,2.4538,0.4593,0.1343,0.2091,0.5159,1.2660,0.3628,0.1061,0.1652,0.4075,0.7899,-0.5474,-0.3743,0.0581,0.3705,0.4676,0.2177,0.5868,0.7632,0.8081,0.4232,0.6541,0.7165,0.3193,0.4209,0.1174,,,,,,
