location,Field_Date,Satellite_Date,Days Gaps,Satellite,Sensor,Scene_Cloud_Pct,Buffer_m,Water_Mask,valid_pixels,Target Variable(Chlorophyll-a),mean_B2,mean_B3,mean_B4,mean_B5,mean_B6,mean_B7,mean_B8,mean_B8A,mean_B11,mean_B12,med_B2,med_B3,med_B4,med_B5,med_B6,med_B7,med_B8,med_B8A,med_B11,med_B12,sd_B2,sd_B3,sd_B4,sd_B8,mean_NDCI,med_NDCI,mean_MNDWI,med_MNDWI,,B2/B3,B2/B4,B2/B8,B3/B2,B3/B4,B3/B8,B4/B2,B4/B3,B4/B8,B8/B2,B8/B3,B8/B4,(B2-B3)/(B2+B3),(B2-B4)/(B2+B4),(B2-B8)/(B2+B8),(B3-B4)/(B3+B4),(B3-B8)/(B3+B8),(B4-B8)/(B4+B8),,,"ALL COMBINATIONS vs Chl-a  —  SD Bands S2 (B2,B3,B4,B8 only)  (2024 only)",,,
1,2024-04-23 0:00:00,2024-04-20 0:00:00,3,Sentinel-2B,Sentinel-2,16.398731,30,SCL_class6_OR_MNDWI_gt_0,26,4.13,0.041249986,0.045152329,0.032679161,0.032917906,0.021696646,0.023291187,0.021855711,0.019955894,0.018291692,0.015293306,0.0415,0.0455,0.0328,0.0335,0.0217,0.0239,0.0226,0.02,0.0185,0.0154,0.001582976,0.001500301,0.002066641,0.001862111,0.004060613,0.004316547,0.424315783,0.420472443,,1.0551,0.7660,0.8501,0.9478,0.7260,0.8057,1.3055,1.3775,1.1098,1.1763,1.2412,0.9010,0.0268,-0.1325,-0.0810,-0.1588,-0.1076,0.0521,,,Band Combination,Pearson R,R˛,Strength
2,2024-04-23 0:00:00,2024-04-20 0:00:00,3,Sentinel-2B,Sentinel-2,16.398731,30,SCL_class6_OR_MNDWI_gt_0,28,4.64,0.119122685,0.111950396,0.084436635,0.082539522,0.071332049,0.06269874,0.149792468,0.050779132,0.074731272,0.036518303,0.118,0.1044,0.0687,0.0705,0.0618,0.064,0.1548,0.0488,0.0662,0.0361,0.03456228,0.034253326,0.030671258,0.058569713,-0.009152529,0.003053435,0.203069477,0.174556211,,1.0090,1.1269,0.5901,0.9911,1.1168,0.5848,0.8874,0.8954,0.5237,1.6946,1.7099,1.9096,0.0045,0.0596,-0.2578,0.0552,-0.2620,-0.3126,,,B2 (individual),0.1805,0.0326,? Very weak
3,2024-04-23 0:00:00,2024-04-20 0:00:00,3,Sentinel-2B,Sentinel-2,16.398731,30,SCL_class6_OR_MNDWI_gt_0,29,4.3,0.043688604,0.05313106,0.035511705,0.034914372,0.022470119,0.021863354,0.022072996,0.017947158,0.014668519,0.01271694,0.0426,0.0518,0.0341,0.0341,0.0236,0.0215,0.0202,0.0183,0.0144,0.0122,0.003467625,0.003240198,0.003494303,0.003900626,-0.007541314,-0.004092769,0.571085467,0.572700322,,1.0702,0.9924,0.8890,0.9344,0.9273,0.8307,1.0077,1.0784,0.8958,1.1249,1.2038,1.1163,0.0339,-0.0038,-0.0588,-0.0377,-0.0925,-0.0549,,,B3 (individual),0.1683,0.0283,? Very weak
4,2024-04-23 0:00:00,2024-04-20 0:00:00,3,Sentinel-2B,Sentinel-2,16.398731,30,SCL_class6_OR_MNDWI_gt_0,26,4.51,0.044219483,0.052150197,0.035106143,0.035271549,0.023278254,0.02314404,0.022141777,0.018496879,0.013627369,0.011605313,0.044,0.0522,0.0348,0.0351,0.0232,0.0229,0.022,0.0183,0.0133,0.0114,0.001301978,0.001323463,0.001138072,0.001140519,0.002463083,0.002824859,0.585618883,0.589424551,,0.9838,1.1440,1.1416,1.0165,1.1629,1.1604,0.8741,0.8599,0.9979,0.8760,0.8618,1.0022,-0.0082,0.0672,0.0661,0.0753,0.0742,-0.0011,,,B4 (individual),0.1623,0.0263,? Very weak
5,2024-04-23 0:00:00,2024-04-20 0:00:00,3,Sentinel-2B,Sentinel-2,16.398731,30,SCL_class6_OR_MNDWI_gt_0,30,5.8,0.051235307,0.065489517,0.043565675,0.042077,0.026408336,0.024969127,0.02614819,0.020975288,0.018336388,0.015530213,0.0516,0.0656,0.044,0.0426,0.0266,0.0254,0.0264,0.0213,0.0183,0.0157,0.002214611,0.002152531,0.002263785,0.002109334,-0.017459229,-0.016166282,0.563210546,0.569620252,,1.0288,0.9783,1.0499,0.9720,0.9509,1.0205,1.0222,1.0517,1.0732,0.9525,0.9799,0.9318,0.0142,-0.0110,0.0243,-0.0252,0.0101,0.0353,,,B8 (individual),0.1371,0.0188,? Very weak
6,2024-04-23 0:00:00,2024-04-20 0:00:00,3,Sentinel-2B,Sentinel-2,16.398731,30,SCL_class6_OR_MNDWI_gt_0,27,5.34,0.038734952,0.049545115,0.031944764,0.030654829,0.017802583,0.018597136,0.017256345,0.014530601,0.01006888,0.008044399,0.0389,0.0495,0.0322,0.0306,0.0179,0.0186,0.0172,0.0143,0.0104,0.0082,0.001430915,0.00148699,0.001304072,0.000870646,-0.020497335,-0.021538462,0.662583449,0.658692181,,0.9623,1.0973,1.6435,1.0392,1.1403,1.7079,0.9114,0.8770,1.4978,0.6085,0.5855,0.6676,-0.0192,0.0464,0.2434,0.0655,0.2614,0.1993,,,?? Ratios & Normalized Differences ??,,,
7,2024-04-23 0:00:00,2024-04-20 0:00:00,3,Sentinel-2B,Sentinel-2,16.398731,30,SCL_class6_OR_MNDWI_gt_0,27,7.93,0.048567144,0.056139046,0.040854737,0.040296042,0.026120267,0.02642073,0.024082891,0.021244449,0.02080793,0.018783747,0.0483,0.056,0.041,0.0397,0.026,0.0265,0.0237,0.021,0.0205,0.0192,0.002884146,0.003070131,0.002875568,0.002305073,-0.006588377,-0.006849315,0.459186167,0.459602654,,0.9394,1.0030,1.2512,1.0645,1.0677,1.3319,0.9970,0.9366,1.2475,0.7992,0.7508,0.8016,-0.0312,0.0015,0.1116,0.0327,0.1423,0.1101,,,B2/B3,-0.1185,0.0140,? Very weak
8,2024-04-23 0:00:00,2024-04-20 0:00:00,3,Sentinel-2B,Sentinel-2,16.398731,30,SCL_class6_OR_MNDWI_gt_0,28,8.41,0.054544931,0.06179048,0.043471047,0.044023617,0.027860769,0.029677422,0.032337307,0.023936366,0.024305644,0.019763156,0.0534,0.0615,0.0433,0.0441,0.0282,0.0305,0.0297,0.0234,0.0242,0.0199,0.004586353,0.002509703,0.001615849,0.007819811,0.006539389,0.009237875,0.436042795,0.432768375,,1.8274,2.8384,0.5865,0.5472,1.5532,0.3209,0.3523,0.6438,0.2066,1.7050,3.1158,4.8394,0.2926,0.4789,-0.2606,0.2167,-0.5141,-0.6575,,,B2/B4,0.0308,0.0010,? Very weak
9,2024-04-23 0:00:00,2024-04-20 0:00:00,3,Sentinel-2B,Sentinel-2,16.398731,30,SCL_class6_OR_MNDWI_gt_0,29,6.91,0.049965431,0.064222775,0.047958312,0.049702612,0.025082561,0.025605785,0.023677225,0.018518703,0.014962117,0.012603173,0.0497,0.0642,0.048,0.0502,0.0243,0.0255,0.0235,0.0184,0.0143,0.0127,0.001699003,0.001601745,0.001552835,0.001287634,0.017731335,0.016322089,0.622718196,0.628088415,,1.0607,1.0941,1.3195,0.9428,1.0315,1.2439,0.9140,0.9695,1.2060,0.7579,0.8039,0.8292,0.0295,0.0449,0.1377,0.0155,0.1087,0.0934,,,B2/B8,0.1175,0.0138,? Very weak
10,2024-04-23 0:00:00,2024-04-20 0:00:00,3,Sentinel-2B,Sentinel-2,16.398731,30,SCL_class6_OR_MNDWI_gt_0,29,9.01,0.046394012,0.05845343,0.04354262,0.045558982,0.023696191,0.02368562,0.023269216,0.018152123,0.01387079,0.011960514,0.0462,0.0588,0.0438,0.0463,0.0237,0.024,0.0234,0.0185,0.0136,0.0119,0.001800099,0.001976052,0.001415105,0.001468075,0.022336934,0.026200873,0.616614049,0.619921386,,0.9110,1.2721,1.2262,1.0977,1.3964,1.3460,0.7861,0.7161,0.9639,0.8156,0.7429,1.0374,-0.0466,0.1197,0.1016,0.1654,0.1475,-0.0184,,,B3/B2,-0.0123,0.0002,? Very weak
11,2024-04-23 0:00:00,2024-04-20 0:00:00,3,Sentinel-2B,Sentinel-2,16.398731,30,SCL_class6_OR_MNDWI_gt_0,31,9.9,0.03198298,0.033930628,0.022665482,0.024049867,0.013547704,0.014346861,0.015283935,0.011233759,0.00796259,0.006256607,0.032,0.033,0.0218,0.0231,0.0128,0.0136,0.0149,0.0112,0.0082,0.0062,0.004138389,0.006007437,0.004224132,0.002268698,0.028855894,0.027173913,0.618101154,0.619223654,,0.6889,0.9797,1.8241,1.4516,1.4222,2.6480,1.0207,0.7032,1.8619,0.5482,0.3776,0.5371,-0.1842,-0.0103,0.2918,0.1743,0.4517,0.3012,,,B3/B4,0.0967,0.0094,? Very weak
1,2024-05-21 0:00:00,2024-05-20 0:00:00,1,Sentinel-2B,Sentinel-2,20.741975,30,SCL_class6_OR_MNDWI_gt_0,18,2.42,0.054349823,0.077451534,0.056304817,0.063565847,0.086619583,0.094560735,0.076940425,0.091976681,0.068814668,0.044618757,0.0484,0.0766,0.0587,0.0677,0.1028,0.1001,0.0724,0.0927,0.0795,0.0461,0.011935811,0.017889803,0.01934372,0.041435217,0.052714527,0.052561544,-0.000410069,0.01010101,,0.6672,0.6170,0.2881,1.4988,0.9248,0.4318,1.6206,1.0813,0.4668,3.4715,2.3161,2.1421,-0.1996,-0.2368,-0.5527,-0.0390,-0.3969,-0.3635,,,B3/B8,0.1392,0.0194,? Very weak
2,2024-05-21 0:00:00,2024-05-20 0:00:00,1,Sentinel-2B,Sentinel-2,20.741975,30,SCL_class6_OR_MNDWI_gt_0,29,2.73,0.039680435,0.053628239,0.026422568,0.022398933,0.013681782,0.015393726,0.013618709,0.013404365,0.009371818,0.006690161,0.0396,0.0537,0.0264,0.0223,0.0135,0.0159,0.0136,0.0132,0.0094,0.0066,0.001497108,0.001000689,0.0006779,0.000938717,-0.082291003,-0.080645161,0.70251395,0.702660382,,1.4961,2.2084,1.5948,0.6684,1.4762,1.0660,0.4528,0.6774,0.7222,0.6270,0.9381,1.3847,0.1987,0.3766,0.2292,0.1923,0.0320,-0.1613,,,B4/B2,-0.1468,0.0215,? Very weak
3,2024-05-21 0:00:00,2024-05-20 0:00:00,1,Sentinel-2B,Sentinel-2,20.741975,30,SCL_class6_OR_MNDWI_gt_0,29,2.62,0.034297488,0.04884414,0.022506835,0.019090105,0.014110119,0.014785179,0.013791032,0.012788982,0.007275046,0.005479354,0.0346,0.0488,0.0225,0.0189,0.0141,0.0146,0.0137,0.0127,0.0069,0.0057,0.001222023,0.000544609,0.000540511,0.000488999,-0.082377589,-0.089156627,0.741224027,0.750452101,,2.2439,2.2609,2.4990,0.4457,1.0076,1.1137,0.4423,0.9925,1.1053,0.4002,0.8979,0.9047,0.3834,0.3867,0.4284,0.0038,0.0538,0.0500,,,B4/B3,-0.1730,0.0299,? Very weak
4,2024-05-21 0:00:00,2024-05-20 0:00:00,1,Sentinel-2B,Sentinel-2,20.741975,30,SCL_class6_OR_MNDWI_gt_0,26,2.65,0.034690048,0.047922842,0.023099859,0.01990686,0.014367768,0.015668288,0.015100857,0.013666376,0.007692395,0.006386787,0.03445,0.048,0.0229,0.0199,0.0143,0.0157,0.0151,0.0136,0.0078,0.0064,0.001616447,0.001332486,0.001253988,0.000680671,-0.07387715,-0.073059361,0.723551624,0.71891892,,1.2131,1.2890,2.3748,0.8243,1.0626,1.9576,0.7758,0.9411,1.8423,0.4211,0.5108,0.5428,0.0963,0.1263,0.4074,0.0303,0.3238,0.2963,,,B4/B8,0.0863,0.0074,? Very weak
5,2024-05-21 0:00:00,2024-05-20 0:00:00,1,Sentinel-2B,Sentinel-2,20.741975,30,SCL_class6_OR_MNDWI_gt_0,30,3.78,0.035899144,0.054987118,0.027249102,0.023489742,0.011327337,0.012380101,0.011376635,0.010769324,0.008233567,0.0057032,0.036,0.0549,0.0274,0.0234,0.0114,0.0125,0.0113,0.0108,0.0083,0.0056,0.001032709,0.0010925,0.000896716,0.000698323,-0.074040906,-0.073267327,0.739473612,0.737439215,,0.9453,1.1517,1.4788,1.0579,1.2183,1.5645,0.8683,0.8208,1.2841,0.6762,0.6392,0.7788,-0.0281,0.0705,0.1932,0.0984,0.2201,0.1244,,,B8/B2,-0.1148,0.0132,? Very weak
6,2024-05-21 0:00:00,2024-05-20 0:00:00,1,Sentinel-2B,Sentinel-2,20.741975,30,SCL_class6_OR_MNDWI_gt_0,27,2.44,0.033208731,0.048640792,0.022613728,0.020060851,0.015470929,0.018180222,0.016245789,0.016131036,0.00822215,0.005358366,0.0331,0.0486,0.0223,0.02,0.0154,0.018,0.0161,0.0156,0.008,0.0053,0.000928692,0.000946222,0.000893199,0.000389928,-0.059741177,-0.057471264,0.711026172,0.722522497,,0.9815,1.0397,2.3817,1.0189,1.0594,2.4267,0.9618,0.9440,2.2907,0.4199,0.4121,0.4366,-0.0093,0.0195,0.4086,0.0288,0.4163,0.3922,,,B8/B3,-0.1113,0.0124,? Very weak
7,2024-05-21 0:00:00,2024-05-20 0:00:00,1,Sentinel-2B,Sentinel-2,20.741975,30,SCL_class6_OR_MNDWI_gt_0,27,2.11,0.032891986,0.044601389,0.022486119,0.018290175,0.009655874,0.011082765,0.010079046,0.010196702,0.008118793,0.005541291,0.0328,0.0448,0.0228,0.0184,0.01,0.0112,0.0098,0.0104,0.0081,0.0056,0.001410435,0.000858093,0.000835052,0.000893322,-0.102661664,-0.108958838,0.692087543,0.694656491,,1.6437,1.6890,1.5789,0.6084,1.0276,0.9606,0.5921,0.9731,0.9348,0.6334,1.0411,1.0698,0.2435,0.2562,0.2245,0.0136,-0.0201,-0.0337,,,B8/B4,-0.0494,0.0024,? Very weak
8,2024-05-21 0:00:00,2024-05-20 0:00:00,1,Sentinel-2B,Sentinel-2,20.741975,30,SCL_class6_OR_MNDWI_gt_0,28,2.22,0.030957582,0.043232252,0.021705574,0.018659141,0.011834822,0.015304774,0.012393064,0.011969728,0.009555939,0.005201404,0.031,0.0434,0.0215,0.0184,0.012,0.0152,0.0121,0.0119,0.0095,0.0052,0.001051821,0.00143265,0.001236746,0.001172103,-0.074812348,-0.075117371,0.638186032,0.641851127,,0.7342,0.8505,0.8974,1.3621,1.1584,1.2223,1.1758,0.8633,1.0552,1.1144,0.8181,0.9477,-0.1533,-0.0808,-0.0541,0.0734,0.1000,0.0268,,,(B2-B3)/(B2+B3),-0.0484,0.0023,? Very weak
9,2024-05-21 0:00:00,2024-05-20 0:00:00,1,Sentinel-2B,Sentinel-2,20.741975,30,SCL_class6_OR_MNDWI_gt_0,29,3.91,0.03007613,0.041810559,0.021631845,0.01875549,0.010957231,0.011569573,0.0122803,0.01080476,0.009109997,0.005954325,0.0302,0.0416,0.0217,0.0187,0.0105,0.0119,0.0123,0.0105,0.0094,0.0058,0.000973563,0.000675422,0.000685574,0.00129679,-0.071133421,-0.068965517,0.642397183,0.636726558,,1.4414,1.4201,0.7507,0.6938,0.9852,0.5208,0.7042,1.0150,0.5287,1.3320,1.9200,1.8915,0.1808,0.1736,-0.1424,-0.0075,-0.3151,-0.3083,,,(B2-B4)/(B2+B4),0.0979,0.0096,? Very weak
10,2024-05-21 0:00:00,2024-05-20 0:00:00,1,Sentinel-2B,Sentinel-2,20.741975,30,SCL_class6_OR_MNDWI_gt_0,29,8.01,0.030107591,0.039438417,0.021747568,0.019920059,0.01005142,0.012709924,0.012120888,0.010863382,0.010193309,0.007509446,0.0304,0.0394,0.0217,0.0201,0.0093,0.0125,0.012,0.0115,0.0104,0.0076,0.001282647,0.000996856,0.000658955,0.000756879,-0.044290444,-0.046454768,0.58946383,0.581673324,,1.2867,1.9465,1.6947,0.7772,1.5128,1.3171,0.5137,0.6610,0.8706,0.5901,0.7593,1.1486,0.1254,0.3212,0.2578,0.2041,0.1368,-0.0692,,,(B2-B8)/(B2+B8),0.0907,0.0082,? Very weak
11,2024-05-21 0:00:00,2024-05-20 0:00:00,1,Sentinel-2B,Sentinel-2,20.741975,30,SCL_class6_OR_MNDWI_gt_0,31,16.28,0.028290661,0.038001404,0.022032959,0.021349164,0.012563601,0.014773557,0.013459542,0.014385297,0.010743547,0.00660198,0.0283,0.0381,0.0222,0.0214,0.0125,0.0144,0.0131,0.0142,0.0108,0.0065,0.000875817,0.00075047,0.000732549,0.001266128,-0.015640836,-0.013574661,0.559731154,0.560975611,,1.1670,1.1956,0.6917,0.8569,1.0245,0.5927,0.8364,0.9761,0.5786,1.4457,1.6871,1.7284,0.0771,0.0891,-0.1822,0.0121,-0.2557,-0.2670,,,(B3-B4)/(B3+B4),0.1516,0.0230,? Very weak
2,2024-06-28 0:00:00,2024-06-24 0:00:00,4,Sentinel-2A,Sentinel-2,21.972352,30,SCL_class6_OR_MNDWI_gt_0,29,11.52,0.04067506,0.079657895,0.042373291,0.05170473,0.023099874,0.025601277,0.01783854,0.023383018,0.022358344,0.019113965,0.0404,0.0796,0.0416,0.0509,0.023,0.0233,0.0169,0.021,0.021,0.0175,0.001916174,0.001545266,0.002299124,0.003886368,0.098460932,0.096412556,0.568845334,0.588638604,,1.2400,0.8334,0.4931,0.8064,0.6721,0.3976,1.1999,1.4878,0.5916,2.0282,2.5150,1.6904,0.1072,-0.0908,-0.3395,-0.1961,-0.4310,-0.2566,,,(B3-B8)/(B3+B8),0.1120,0.0125,? Very weak
3,2024-06-28 0:00:00,2024-06-24 0:00:00,4,Sentinel-2A,Sentinel-2,21.972352,30,SCL_class6_OR_MNDWI_gt_0,29,13.45,0.040499382,0.079504084,0.042249754,0.050978709,0.023210681,0.024534526,0.020597123,0.019538484,0.016898035,0.015174779,0.04,0.0802,0.0414,0.0495,0.022,0.025,0.0217,0.0192,0.0169,0.0151,0.002847453,0.003289511,0.00293832,0.002575846,0.094071663,0.093360996,0.649328967,0.648283064,,0.8656,0.9691,1.1054,1.1552,1.1195,1.2771,1.0319,0.8932,1.1407,0.9046,0.7830,0.8766,-0.0720,-0.0157,0.0501,0.0564,0.1217,0.0657,,,(B4-B8)/(B4+B8),0.0546,0.0030,? Very weak
4,2024-06-28 0:00:00,2024-06-24 0:00:00,4,Sentinel-2A,Sentinel-2,21.972352,30,SCL_class6_OR_MNDWI_gt_0,26,14.74,0.032848791,0.069942213,0.034462693,0.043012061,0.017132499,0.016173461,0.014859263,0.011949536,0.008669553,0.007704048,0.0329,0.0702,0.0345,0.0433,0.0177,0.0162,0.015,0.012,0.0085,0.0077,0.001413146,0.001094371,0.001232979,0.001132129,0.11049171,0.111111111,0.779821053,0.785000026,,1.2913,1.1461,1.2482,0.7744,0.8876,0.9666,0.8725,1.1267,1.0891,0.8011,1.0345,0.9182,0.1271,0.0681,0.1104,-0.0596,-0.0170,0.0426,,,,,,
5,2024-06-28 0:00:00,2024-06-24 0:00:00,4,Sentinel-2A,Sentinel-2,21.972352,30,SCL_class6_OR_MNDWI_gt_0,30,16.69,0.032974263,0.063114889,0.03434753,0.04677982,0.015716096,0.013630129,0.013403129,0.009120123,0.009555852,0.008226747,0.0327,0.0631,0.0343,0.0468,0.0157,0.0136,0.0134,0.0093,0.0093,0.0083,0.001175495,0.001102648,0.000876128,0.000592696,0.153226989,0.154589372,0.736996652,0.738028169,,1.0661,1.3417,1.9833,0.9380,1.2585,1.8604,0.7453,0.7946,1.4782,0.5042,0.5375,0.6765,0.0320,0.1459,0.3296,0.1145,0.3008,0.1930,,,?? TIP: Click any cell in Pearson R column ? Data ? Sort Largest to Smallest to rank all combinations.,,,
6,2024-06-28 0:00:00,2024-06-24 0:00:00,4,Sentinel-2A,Sentinel-2,21.972352,30,SCL_class6_OR_MNDWI_gt_0,27,13.55,0.028777386,0.066063167,0.029920396,0.039305825,0.015345382,0.015177709,0.013452471,0.010778987,0.008491044,0.005181696,0.0288,0.0661,0.0296,0.0394,0.0149,0.0151,0.0128,0.0108,0.0081,0.0052,0.001381397,0.001086783,0.000927421,0.001451275,0.135405146,0.133928571,0.772987641,0.778385758,,1.2711,1.4895,0.9519,0.7867,1.1718,0.7488,0.6714,0.8534,0.6390,1.0506,1.3354,1.5649,0.1194,0.1966,-0.0247,0.0791,-0.1436,-0.2202,,,,,,
7,2024-06-28 0:00:00,2024-06-24 0:00:00,4,Sentinel-2A,Sentinel-2,21.972352,30,SCL_class6_OR_MNDWI_gt_0,27,12.34,0.03318866,0.063377614,0.033918933,0.04593993,0.016100168,0.01481186,0.011588575,0.011280814,0.011205951,0.009622751,0.0332,0.063,0.0337,0.0459,0.0161,0.0147,0.0113,0.0118,0.0112,0.0098,0.001689847,0.001379131,0.001345449,0.00103828,0.150673668,0.150310559,0.69980701,0.698113203,,1.2253,1.2560,1.6275,0.8161,1.0250,1.3283,0.7962,0.9756,1.2958,0.6144,0.7529,0.7717,0.1012,0.1135,0.2388,0.0124,0.1410,0.1289,,,,,,
8,2024-06-28 0:00:00,2024-06-24 0:00:00,4,Sentinel-2A,Sentinel-2,21.972352,30,SCL_class6_OR_MNDWI_gt_0,28,19.36,0.009098975,0.012184906,0.006508144,0.007705743,0.000738781,0.001850505,0.000745483,0.000345156,0.005318338,0.00378287,0.0093,0.0123,0.0064,0.0077,0.0008,0.0019,0.0007,0.0001,0.0053,0.0038,0.000921034,0.000961716,0.000681759,0.000374877,0.084943168,0.092198582,0.391349305,0.411764711,,0.9577,1.3510,2.4569,1.0442,1.4106,2.5654,0.7402,0.7089,1.8186,0.4070,0.3898,0.5499,-0.0216,0.1493,0.4214,0.1703,0.4391,0.2904,,,,,,
9,2024-06-28 0:00:00,2024-06-24 0:00:00,4,Sentinel-2A,Sentinel-2,21.972352,30,SCL_class6_OR_MNDWI_gt_0,29,16.16,0.03208784,0.054828728,0.034083544,0.046438149,0.018826271,0.018589961,0.017023884,0.013967607,0.013408214,0.011476257,0.0318,0.0548,0.0339,0.0465,0.0188,0.0183,0.0171,0.0139,0.0129,0.0115,0.001812521,0.001584347,0.001600624,0.000971631,0.153665781,0.156054931,0.607864137,0.606707335,,1.1440,1.1324,1.8654,0.8741,0.9898,1.6306,0.8831,1.0103,1.6474,0.5361,0.6133,0.6070,0.0672,0.0621,0.3020,-0.0051,0.2397,0.2445,,,,,,
10,2024-06-28 0:00:00,2024-06-24 0:00:00,4,Sentinel-2A,Sentinel-2,21.972352,30,SCL_class6_OR_MNDWI_gt_0,29,18.89,0.062602249,0.084836098,0.067159179,0.08108115,0.050528395,0.050144518,0.046658547,0.045942859,0.042353669,0.036823067,0.0639,0.0869,0.0688,0.0786,0.0474,0.0475,0.0476,0.0472,0.0413,0.035,0.012308769,0.012598355,0.012141427,0.011652203,0.095937962,0.093774626,0.338815206,0.332770258,,0.9770,1.0138,1.0563,1.0235,1.0376,1.0812,0.9864,0.9637,1.0420,0.9467,0.9249,0.9597,-0.0116,0.0068,0.0274,0.0185,0.0390,0.0206,,,,,,
11,2024-06-28 0:00:00,2024-06-24 0:00:00,4,Sentinel-2A,Sentinel-2,21.972352,30,SCL_class6_OR_MNDWI_gt_0,31,21.9,0.057588906,0.076580649,0.059503693,0.076557632,0.043655975,0.044193442,0.043784918,0.036600562,0.034042508,0.029268881,0.058,0.0772,0.06,0.0765,0.0442,0.0447,0.0449,0.0365,0.0345,0.0293,0.003679742,0.003091057,0.002895265,0.003062298,0.125485671,0.122884474,0.385679378,0.383378029,,1.1904,1.2710,1.2016,0.8400,1.0676,1.0094,0.7868,0.9367,0.9455,0.8322,0.9907,1.0577,0.0869,0.1193,0.0916,0.0327,0.0047,-0.0280,,,,,,
1,2024-07-18 0:00:00,2024-07-19 0:00:00,-1,Sentinel-2B,Sentinel-2,3.958743,30,SCL_class6_OR_MNDWI_gt_0,26,11.59,0.02733215,0.04017286,0.021843348,0.025906582,0.015240893,0.017022271,0.014925344,0.013284072,0.0055603,0.003816601,0.0273,0.0403,0.0219,0.0257,0.015,0.0172,0.015,0.0132,0.0052,0.0038,0.000803248,0.000644698,0.000666762,0.000679377,0.085206488,0.084388186,0.757668918,0.769230783,,1.2459,1.2047,1.1823,0.8026,0.9669,0.9490,0.8301,1.0342,0.9814,0.8458,1.0538,1.0189,0.1095,0.0928,0.0835,-0.0168,-0.0262,-0.0094,,,,,,
2,2024-07-18 0:00:00,2024-07-19 0:00:00,-1,Sentinel-2B,Sentinel-2,3.958743,30,SCL_class6_OR_MNDWI_gt_0,29,9.78,0.026523368,0.038721754,0.021040225,0.025032828,0.013577432,0.014835326,0.011771495,0.009470877,0.00351454,0.001763144,0.0265,0.0388,0.021,0.0252,0.0137,0.0146,0.0117,0.0096,0.0035,0.0019,0.000662536,0.000888211,0.000579823,0.000437157,0.086696257,0.084233261,0.833784487,0.834123194,,0.7459,1.1427,1.5156,1.3406,1.5319,2.0318,0.8752,0.6528,1.3264,0.6598,0.4922,0.7539,-0.1455,0.0666,0.2049,0.2101,0.3403,0.1403,,,,,,
3,2024-07-18 0:00:00,2024-07-19 0:00:00,-1,Sentinel-2B,Sentinel-2,3.958743,30,SCL_class6_OR_MNDWI_gt_0,29,10.12,0.027352716,0.040539818,0.021720758,0.026346611,0.015376351,0.016764744,0.013896281,0.011913937,0.0036952,0.002450681,0.0275,0.0404,0.0218,0.0263,0.0155,0.0168,0.0138,0.012,0.0037,0.0025,0.000859942,0.000510135,0.000489266,0.000318102,0.096349499,0.093555094,0.832906295,0.832199574,,1.6857,1.7576,2.7034,0.5932,1.0427,1.6037,0.5690,0.9591,1.5381,0.3699,0.6236,0.6502,0.2553,0.2747,0.4599,0.0209,0.2319,0.2120,,,,,,
4,2024-07-18 0:00:00,2024-07-19 0:00:00,-1,Sentinel-2B,Sentinel-2,3.958743,30,SCL_class6_OR_MNDWI_gt_0,26,12.76,0.026402277,0.039520579,0.02055589,0.025729927,0.014612173,0.015331951,0.013237785,0.010837841,0.003168681,0.002019975,0.0264,0.0396,0.0204,0.0257,0.0145,0.0153,0.0132,0.0108,0.0032,0.002,0.000884816,0.000701109,0.000623231,0.000481123,0.111978599,0.111587983,0.851590094,0.848699749,,1.2620,1.4197,1.8391,0.7924,1.1250,1.4572,0.7044,0.8889,1.2954,0.5438,0.6862,0.7720,0.1158,0.1735,0.2955,0.0588,0.1861,0.1287,,,,,,
5,2024-07-18 0:00:00,2024-07-19 0:00:00,-1,Sentinel-2B,Sentinel-2,3.958743,30,SCL_class6_OR_MNDWI_gt_0,30,14.25,0.026904729,0.034797811,0.021107031,0.028841706,0.014177645,0.016331083,0.013953564,0.010928319,0.004420629,0.00256865,0.0269,0.0347,0.021,0.0288,0.0142,0.016,0.0141,0.011,0.0044,0.0025,0.000849287,0.000843281,0.000589058,0.000571946,0.154865549,0.149700599,0.77452815,0.773195863,,1.0071,1.4418,1.4849,0.9929,1.4316,1.4744,0.6936,0.6985,1.0299,0.6734,0.6782,0.9710,0.0035,0.1809,0.1951,0.1775,0.1917,0.0147,,,,,,
6,2024-07-18 0:00:00,2024-07-19 0:00:00,-1,Sentinel-2B,Sentinel-2,3.958743,30,SCL_class6_OR_MNDWI_gt_0,27,9.51,0.025730657,0.039234868,0.020343754,0.025502695,0.017058703,0.018111763,0.016272052,0.0132605,0.004369666,0.002720536,0.0257,0.0389,0.0203,0.0253,0.0169,0.0183,0.0163,0.0132,0.0045,0.0026,0.000737828,0.00093145,0.000476642,0.000475086,0.112438914,0.113043478,0.799547004,0.792626739,,0.7921,1.5480,1.5530,1.2624,1.9542,1.9606,0.6460,0.5117,1.0033,0.6439,0.5100,0.9967,-0.1160,0.2151,0.2166,0.3230,0.3245,0.0016,,,,,,
7,2024-07-18 0:00:00,2024-07-19 0:00:00,-1,Sentinel-2B,Sentinel-2,3.958743,30,SCL_class6_OR_MNDWI_gt_0,27,14.14,0.024401123,0.031462456,0.017994877,0.024788968,0.013233446,0.013647958,0.012397895,0.009473179,0.003448814,0.002549614,0.0246,0.0316,0.0178,0.025,0.0131,0.0138,0.0124,0.0095,0.0035,0.0025,0.000869432,0.00072534,0.000482222,0.000307296,0.158775086,0.154394299,0.802449105,0.801699698,,1.1987,1.8030,2.8293,0.8343,1.5042,2.3604,0.5546,0.6648,1.5692,0.3534,0.4237,0.6373,0.0904,0.2865,0.4777,0.2013,0.4048,0.2216,,,,,,
8,2024-07-18 0:00:00,2024-07-19 0:00:00,-1,Sentinel-2B,Sentinel-2,3.958743,30,SCL_class6_OR_MNDWI_gt_0,28,15.21,0.025043331,0.032888964,0.019116821,0.026863493,0.016708481,0.017881424,0.015899087,0.014376678,0.006841168,0.00308829,0.025,0.0328,0.019,0.027,0.0164,0.018,0.0156,0.0145,0.0066,0.0034,0.001001956,0.000978415,0.000759464,0.000800319,0.168691827,0.169892473,0.655891495,0.658792675,,1.0241,1.3193,1.2519,0.9765,1.2883,1.2225,0.7580,0.7762,0.9490,0.7988,0.8180,1.0538,0.0119,0.1377,0.1119,0.1260,0.1001,-0.0262,,,,,,
9,2024-07-18 0:00:00,2024-07-19 0:00:00,-1,Sentinel-2B,Sentinel-2,3.958743,30,SCL_class6_OR_MNDWI_gt_0,29,13.7,0.026466456,0.033052022,0.019626383,0.025800744,0.016476903,0.017174642,0.015976299,0.012415459,0.006343274,0.003668408,0.0254,0.032,0.0185,0.026,0.0156,0.0171,0.0153,0.0118,0.0064,0.0035,0.00365069,0.003479644,0.002629138,0.003046083,0.138301198,0.14790287,0.676999231,0.676712334,,1.0492,1.3886,1.1985,0.9531,1.3235,1.1423,0.7202,0.7556,0.8631,0.8344,0.8754,1.1586,0.0240,0.1627,0.0903,0.1392,0.0664,-0.0735,,,,,,
10,2024-07-18 0:00:00,2024-07-19 0:00:00,-1,Sentinel-2B,Sentinel-2,3.958743,30,SCL_class6_OR_MNDWI_gt_0,29,18.46,0.02782713,0.03332533,0.022305201,0.031976863,0.018157506,0.019833497,0.017286281,0.014727017,0.006300984,0.004050829,0.0279,0.0333,0.0222,0.032,0.018,0.02,0.0172,0.0151,0.0064,0.0041,0.000777737,0.000968346,0.000937906,0.000470585,0.178287874,0.182994455,0.681862991,0.679197967,,0.8032,0.8292,1.6527,1.2451,1.0325,2.0577,1.2059,0.9686,1.9931,0.6051,0.4860,0.5017,-0.1092,-0.0934,0.2461,0.0160,0.3459,0.3318,,,,,,
11,2024-07-18 0:00:00,2024-07-19 0:00:00,-1,Sentinel-2B,Sentinel-2,3.958743,30,SCL_class6_OR_MNDWI_gt_0,31,11.31,0.031020194,0.039987965,0.026980859,0.039888906,0.023698989,0.025358784,0.023243056,0.018483303,0.010128198,0.006863011,0.0308,0.0399,0.027,0.0401,0.0233,0.0255,0.0233,0.0185,0.01,0.0067,0.001412542,0.001305197,0.000819266,0.000679275,0.193143946,0.195906433,0.596069802,0.604989588,,1.0822,1.7242,2.0795,0.9240,1.5931,1.9215,0.5800,0.6277,1.2061,0.4809,0.5204,0.8291,0.0395,0.2658,0.3505,0.2287,0.3154,0.0934,,,,,,
1,2024-08-30 0:00:00,2024-08-28 0:00:00,2,Sentinel-2B,Sentinel-2,9.980597,30,SCL_class6_OR_MNDWI_gt_0,26,14.9,0.034311437,0.05275,0.027703663,0.037611591,0.024466713,0.026574797,0.021806974,0.021160385,0.010953971,0.007271765,0.0344,0.0526,0.0278,0.0377,0.0247,0.0266,0.0218,0.0212,0.0105,0.0071,0.00113224,0.000984322,0.00064332,0.000469499,0.151773639,0.151145038,0.656394304,0.66459626,,1.1503,1.7600,2.4116,0.8694,1.5301,2.0965,0.5682,0.6536,1.3702,0.4147,0.4770,0.7298,0.0699,0.2754,0.4138,0.2095,0.3541,0.1562,,,,,,
2,2024-08-30 0:00:00,2024-08-28 0:00:00,2,Sentinel-2B,Sentinel-2,9.980597,30,SCL_class6_OR_MNDWI_gt_0,29,17.2,0.033814288,0.051274442,0.026774989,0.037143523,0.022503186,0.02415266,0.019792154,0.017813502,0.008265025,0.005532042,0.0339,0.0512,0.0268,0.0371,0.0223,0.024,0.0197,0.0178,0.0082,0.0055,0.001054349,0.00092936,0.000539145,0.000330855,0.16227029,0.162420382,0.722318,0.721088409,,1.1345,1.9556,3.1867,0.8815,1.7238,2.8090,0.5114,0.5801,1.6296,0.3138,0.3560,0.6137,0.0630,0.3233,0.5223,0.2657,0.4749,0.2394,,,,,,
4,2024-08-30 0:00:00,2024-08-28 0:00:00,2,Sentinel-2B,Sentinel-2,9.980597,30,SCL_class6_OR_MNDWI_gt_0,26,11.62,0.033668021,0.047362398,0.02545492,0.035533104,0.025492915,0.027685817,0.022646177,0.022992522,0.008973292,0.00662869,0.0337,0.0474,0.0254,0.0355,0.0254,0.0276,0.0225,0.0231,0.0089,0.0066,0.000875404,0.001150919,0.000296428,0.000351434,0.165267367,0.166123779,0.681317534,0.681159437,,0.7606,2.9532,2.4909,1.3147,3.8826,3.2749,0.3386,0.2576,0.8435,0.4015,0.3054,1.1856,-0.1360,0.4941,0.4271,0.5904,0.5322,-0.0849,,,,,,
5,2024-08-30 0:00:00,2024-08-28 0:00:00,2,Sentinel-2B,Sentinel-2,9.980597,30,SCL_class6_OR_MNDWI_gt_0,30,12.31,0.034228768,0.048623,0.028079722,0.035317205,0.022164258,0.024925554,0.019094022,0.018509921,0.00910675,0.005254659,0.0341,0.0485,0.0282,0.0351,0.0224,0.025,0.0189,0.0184,0.0089,0.0054,0.000893737,0.000996488,0.000501653,0.000502051,0.114209013,0.114285714,0.684619234,0.689285696,,0.8969,1.7816,1.7802,1.1150,1.9864,1.9848,0.5613,0.5034,0.9992,0.5617,0.5038,1.0008,-0.0544,0.2810,0.2806,0.3303,0.3299,-0.0004,,,,,,
6,2024-08-30 0:00:00,2024-08-28 0:00:00,2,Sentinel-2B,Sentinel-2,9.980597,30,SCL_class6_OR_MNDWI_gt_0,27,19.77,0.034371757,0.051729295,0.027124368,0.038329492,0.026809349,0.030134222,0.024136131,0.024506106,0.010028902,0.006275674,0.0343,0.0516,0.0272,0.0383,0.0271,0.03,0.024,0.0247,0.0102,0.0063,0.000879955,0.000703392,0.000709624,0.000491659,0.171280681,0.167682927,0.675269556,0.671497583,,1.2510,1.2400,1.7898,0.7993,0.9912,1.4307,0.8064,1.0089,1.4433,0.5587,0.6990,0.6928,0.1115,0.1072,0.2831,-0.0044,0.1772,0.1814,,,,,,
7,2024-08-30 0:00:00,2024-08-28 0:00:00,2,Sentinel-2B,Sentinel-2,9.980597,30,SCL_class6_OR_MNDWI_gt_0,27,14.12,0.034184575,0.046914498,0.025861825,0.036909179,0.024642189,0.027306175,0.02219833,0.020969277,0.008819747,0.005105137,0.034,0.0467,0.0259,0.0369,0.0245,0.0272,0.0222,0.0208,0.0088,0.005,0.001262382,0.001184896,0.000937425,0.000354551,0.176141386,0.173290938,0.683535347,0.681901276,,1.0654,1.3466,3.5605,0.9386,1.2640,3.3420,0.7426,0.7911,2.6440,0.2809,0.2992,0.3782,0.0317,0.1477,0.5615,0.1166,0.5394,0.4511,,,,,,
8,2024-08-30 0:00:00,2024-08-28 0:00:00,2,Sentinel-2B,Sentinel-2,9.980597,30,SCL_class6_OR_MNDWI_gt_0,28,17.21,0.032409323,0.046094103,0.025458551,0.038157652,0.024584471,0.027539146,0.022363311,0.022089708,0.009187953,0.004717678,0.0321,0.046,0.0255,0.0385,0.0247,0.0277,0.0223,0.0223,0.0093,0.0049,0.001112384,0.00084449,0.00064834,0.000286873,0.199648151,0.2,0.667566388,0.668449223,,1.3172,1.7157,3.8776,0.7592,1.3025,2.9438,0.5828,0.7677,2.2600,0.2579,0.3397,0.4425,0.1369,0.2636,0.5900,0.1314,0.4929,0.3865,,,,,,
9,2024-08-30 0:00:00,2024-08-28 0:00:00,2,Sentinel-2B,Sentinel-2,9.980597,30,SCL_class6_OR_MNDWI_gt_0,29,20.21,0.032178265,0.043366962,0.024922789,0.037086577,0.02316084,0.025098441,0.020840115,0.019100056,0.009855644,0.005695872,0.0324,0.0436,0.0251,0.0374,0.0231,0.025,0.0205,0.0183,0.0099,0.0054,0.001174592,0.000984856,0.000669783,0.001285444,0.196139965,0.196825397,0.629697499,0.631970286,,1.1927,1.7537,0.9138,0.8385,1.4704,0.7662,0.5702,0.6801,0.5211,1.0944,1.3052,1.9192,0.0879,0.2737,-0.0451,0.1904,-0.1324,-0.3149,,,,,,
10,2024-08-30 0:00:00,2024-08-28 0:00:00,2,Sentinel-2B,Sentinel-2,9.980597,30,SCL_class6_OR_MNDWI_gt_0,29,19.02,0.031007071,0.041011611,0.02410336,0.037274346,0.022713733,0.025184031,0.019643464,0.018927664,0.009613424,0.006451265,0.0313,0.041,0.0239,0.0371,0.023,0.0253,0.0196,0.019,0.0094,0.0064,0.000976246,0.000826177,0.000708283,0.000356592,0.214703598,0.217105263,0.620364047,0.629921257,,1.1816,1.3783,2.7377,0.8463,1.1665,2.3169,0.7255,0.8573,1.9863,0.3653,0.4316,0.5035,0.0833,0.1591,0.4649,0.0768,0.3970,0.3303,,,,,,
11,2024-08-30 0:00:00,2024-08-28 0:00:00,2,Sentinel-2B,Sentinel-2,9.980597,30,SCL_class6_OR_MNDWI_gt_0,31,27.29,0.034200449,0.046576478,0.027489187,0.040075972,0.026029392,0.029165553,0.023559149,0.022722005,0.011442677,0.007820053,0.0341,0.0468,0.0274,0.0401,0.0259,0.0287,0.0233,0.0228,0.0113,0.0082,0.001052641,0.000910455,0.000549013,0.001046654,0.186322469,0.187227866,0.605706971,0.611015499,,1.1562,1.9173,1.0057,0.8649,1.6583,0.8699,0.5216,0.6030,0.5245,0.9943,1.1496,1.9064,0.0724,0.3144,0.0029,0.2477,-0.0696,-0.3119,,,,,,
2,2024-10-04 0:00:00,2024-10-02 0:00:00,2,Sentinel-2A,Sentinel-2,28.585896,30,SCL_class6_OR_MNDWI_gt_0,29,7.09363,0.019354204,0.024750035,0.018476786,0.024170975,0.013400547,0.013941235,0.012844912,0.012098737,0.012141221,0.009933853,0.0185,0.0235,0.0171,0.0236,0.0137,0.013,0.0097,0.0109,0.0091,0.0081,0.004073948,0.004043153,0.003592577,0.007598759,0.132309568,0.111111111,0.374503363,0.433021814,,1.0076,1.1340,0.5361,0.9924,1.1254,0.5321,0.8818,0.8886,0.4728,1.8652,1.8794,2.1151,0.0038,0.0628,-0.3020,0.0590,-0.3054,-0.3580,,,,,,
3,2024-10-04 0:00:00,2024-10-02 0:00:00,2,Sentinel-2A,Sentinel-2,28.585896,30,SCL_class6_OR_MNDWI_gt_0,29,10.270195,0.018742189,0.025214989,0.016718568,0.020980772,0.009579172,0.00845207,0.008580561,0.007428884,0.004890554,0.002764968,0.0185,0.0253,0.0168,0.0212,0.0097,0.008,0.0086,0.0075,0.005,0.003,0.001183105,0.001486163,0.000665883,0.000518022,0.112020816,0.113402062,0.674430745,0.672354937,,0.7961,1.7767,2.2839,1.2562,2.2319,2.8689,0.5628,0.4481,1.2854,0.4378,0.3486,0.7779,-0.1135,0.2797,0.3910,0.3812,0.4831,0.1249,,,,,,
4,2024-10-04 0:00:00,2024-10-02 0:00:00,2,Sentinel-2A,Sentinel-2,28.585896,30,SCL_class6_OR_MNDWI_gt_0,10,8.727292,0.032318168,0.033454914,0.028490134,0.026968764,0.02320685,0.022688719,0.038276731,0.022584252,0.029055212,0.019540022,0.0213,0.02,0.0164,0.0189,0.0153,0.0148,0.0205,0.0152,0.0199,0.0136,0.024541711,0.024185824,0.021902742,0.036972678,0.013197975,0.015015015,-0.067486022,-0.0719603,,1.0147,1.1205,0.6638,0.9855,1.1042,0.6542,0.8925,0.9056,0.5924,1.5065,1.5287,1.6880,0.0073,0.0568,-0.2021,0.0495,-0.2091,-0.2560,,,,,,
5,2024-10-04 0:00:00,2024-10-02 0:00:00,2,Sentinel-2A,Sentinel-2,28.585896,30,SCL_class6_OR_MNDWI_gt_0,30,13.204736,0.024402849,0.037343475,0.024888002,0.037003396,0.016580578,0.01680776,0.016063851,0.011855655,0.010957508,0.008631967,0.0238,0.0371,0.0244,0.0371,0.0159,0.0164,0.0156,0.0114,0.0108,0.009,0.00196034,0.001352401,0.001428772,0.002117294,0.196157798,0.198707593,0.547410826,0.546218514,,1.4495,1.3720,0.9259,0.6899,0.9465,0.6387,0.7288,1.0565,0.6748,1.0801,1.5656,1.4819,0.1835,0.1568,-0.0385,-0.0275,-0.2204,-0.1942,,,,,,
6,2024-10-04 0:00:00,2024-10-02 0:00:00,2,Sentinel-2A,Sentinel-2,28.585896,30,SCL_class6_OR_MNDWI_gt_0,7,15.231687,0.171743444,0.171909444,0.163632167,0.166777889,0.183655222,0.187739111,0.230104778,0.185187056,0.188238833,0.145440278,0.1488,0.148,0.1444,0.1662,0.1795,0.187,0.202,0.1816,0.1829,0.1367,0.071205732,0.068656138,0.068557832,0.081111543,0.025175959,-0.007098912,-0.084488555,-0.075080216,,1.0371,1.0386,0.8779,0.9642,1.0014,0.8464,0.9628,0.9986,0.8452,1.1391,1.1814,1.1831,0.0182,0.0189,-0.0650,0.0007,-0.0832,-0.0839,,,,,,
7,2024-10-04 0:00:00,2024-10-02 0:00:00,2,Sentinel-2A,Sentinel-2,28.585896,30,SCL_class6_OR_MNDWI_gt_0,27,22.250383,0.016985993,0.023939256,0.017277628,0.023321249,0.009121698,0.009188519,0.006708688,0.005655902,0.004659439,0.004865165,0.0169,0.0243,0.0176,0.0236,0.0094,0.0092,0.0068,0.005,0.0049,0.0046,0.001755727,0.001819699,0.001219132,0.00053682,0.147882608,0.155131265,0.67305504,0.66883117,,0.9648,1.4401,3.2706,1.0364,1.4926,3.3898,0.6944,0.6700,2.2710,0.3058,0.2950,0.4403,-0.0179,0.1804,0.5317,0.1976,0.5444,0.3886,,,,,,
8,2024-10-04 0:00:00,2024-10-02 0:00:00,2,Sentinel-2A,Sentinel-2,28.585896,30,SCL_class6_OR_MNDWI_gt_0,25,29.662368,0.081624161,0.079629702,0.068305795,0.077566941,0.083178816,0.084650348,0.113393366,0.08214639,0.09886493,0.071301346,0.0588,0.0615,0.0469,0.0667,0.0671,0.0656,0.0857,0.0715,0.0837,0.0624,0.063546407,0.061650629,0.058156844,0.094056423,0.082239087,0.072094164,-0.131005526,-0.12123242,,1.0308,1.0927,0.6756,0.9702,1.0601,0.6555,0.9152,0.9433,0.6183,1.4801,1.5256,1.6173,0.0151,0.0443,-0.1936,0.0292,-0.2081,-0.2359,,,,,,
9,2024-10-04 0:00:00,2024-10-02 0:00:00,2,Sentinel-2A,Sentinel-2,28.585896,30,SCL_class6_OR_MNDWI_gt_0,1,13.930808,0.43873089,0.434517277,0.438902618,0.439302094,0.472075393,0.471426702,0.463367016,0.483067016,0.420965445,0.374346073,0.4344,0.4312,0.436,0.435,0.469,0.468,0.4599,0.4807,0.4177,0.3721,0,0,0,0,0.000265154,-0.001148106,-0.079205743,-0.073988616,,,,,,,,,,,,,,,,,,,,,,,,,
10,2024-10-04 0:00:00,2024-10-02 0:00:00,2,Sentinel-2A,Sentinel-2,28.585896,30,SCL_class6_OR_MNDWI_gt_0,29,19.860396,0.025764478,0.039458518,0.02807526,0.040038628,0.024209854,0.024975724,0.02302578,0.022988502,0.022613987,0.017307113,0.0238,0.0371,0.0259,0.0353,0.018,0.0196,0.0179,0.018,0.0178,0.0144,0.005164244,0.005643485,0.005422449,0.011089306,0.175130856,0.174496644,0.306448578,0.367673188,,0.9151,0.9524,0.4657,1.0928,1.0408,0.5089,1.0500,0.9608,0.4890,2.1473,1.9650,2.0451,-0.0443,-0.0244,-0.3645,0.0200,-0.3255,-0.3432,,,,,,
11,2024-10-04 0:00:00,2024-10-02 0:00:00,2,Sentinel-2A,Sentinel-2,28.585896,30,SCL_class6_OR_MNDWI_gt_0,31,26.75808,0.011842649,0.014073838,0.010055385,0.013197767,0.006586786,0.008263938,0.007143042,0.006097514,0.008624365,0.007304606,0.0118,0.0142,0.0102,0.0138,0.0063,0.0084,0.0071,0.0059,0.009,0.0073,0.000894462,0.000959155,0.000795866,0.000903756,0.134921829,0.138888889,0.239993207,0.234782606,,0.9326,1.1239,0.9897,1.0723,1.2052,1.0613,0.8898,0.8298,0.8806,1.0104,0.9422,1.1356,-0.0349,0.0583,-0.0052,0.0930,0.0297,-0.0635,,,,,,
