location,Field_Date,Satellite_Date,Days Gaps,Satellite,Sensor,Scene_Cloud_Pct,Buffer_m,Water_Mask,valid_pixels,Target Variable(Chlorophyll-a),mean_B2,mean_B3,mean_B4,mean_B5,mean_B6,mean_B7,mean_B8,mean_B8A,mean_B11,mean_B12,med_B2,med_B3,med_B4,med_B5,med_B6,med_B7,med_B8,med_B8A,med_B11,med_B12,sd_B2,sd_B3,sd_B4,sd_B8,mean_NDCI,med_NDCI,mean_MNDWI,med_MNDWI
1,05/15/2025,05/15/2025,0,Sentinel-2B,Sentinel-2,35.255203,30,SCL_class6_OR_MNDWI_gt_0,10,1.587584,0.347380747451868,0.342959305398263,0.301753340883352,0.313650811627029,0.331586674216685,0.341883427708569,0.407027482068705,0.336085428463571,0.324828954322385,0.246615892789732,0.3376,0.3404,0.306,0.3246,0.335,0.3505,0.3948,0.3407,0.3198,0.2596,0.042532171352989,0.0366977710494789,0.0354066886336468,0.0386193785553316,0.0203333425904518,0.0165300736213362,-0.0320276261816742,-0.0284291896969079
2,05/15/2025,05/15/2025,0,Sentinel-2B,Sentinel-2,35.255203,30,SCL_class6_OR_MNDWI_gt_0,4,2.737198,0.1965216,0.232638857142857,0.207609828571428,0.202065485714285,0.218046857142857,0.239162628571428,0.207933257142857,0.251901371428571,0.218536,0.211757828571428,0.2078,0.2064,0.1926,0.1634,0.1833,0.2067,0.1916,0.2193,0.1929,0.1855,0.0556860844376762,0.0701627393991995,0.0847295698088926,0.093556436844292,-0.0173371836879169,-0.00337391814581197,-0.119389322720447,-0.135651886463165
3,05/15/2025,05/15/2025,0,Sentinel-2B,Sentinel-2,35.255203,30,SCL_class6_OR_MNDWI_gt_0,28,2.404415,0.14944567575491,0.143950073292289,0.118449824098504,0.127781691586045,0.128659894459102,0.126524406332453,0.160696731163881,0.118322749926707,0.132504485488126,0.0928914834359425,0.1544,0.1494,0.1148,0.1096,0.1188,0.1133,0.1678,0.108,0.1178,0.0873,0.0246751134645778,0.0261041712203632,0.025232085987197,0.0327380208657162,0.0377303976784222,0.0448285965426311,0.0383038958707015,0.050247699022293
4,05/15/2025,05/15/2025,0,Sentinel-2B,Sentinel-2,35.255203,30,SCL_class6_OR_MNDWI_gt_0,6,2.495174,0.444768794326241,0.449899858156028,0.414700141843971,0.429510638297872,0.433126808510638,0.433538581560283,0.495209787234042,0.427144468085106,0.407879787234042,0.340742553191489,0.4464,0.4472,0.4224,0.4343,0.4292,0.4191,0.4916,0.4175,0.3992,0.3264,0.0141561137165364,0.0143420128759302,0.0139274309667397,0.00923064040152217,0.0178469309157769,0.00789505648001944,-0.0364701689186534,-0.0457331463694572
6,05/15/2025,05/15/2025,0,Sentinel-2B,Sentinel-2,35.255203,30,SCL_class6_OR_MNDWI_gt_0,27,2.585933,0.0276999298147108,0.0274957327344188,0.019148399775407,0.0176561341942728,0.00612397529477821,0.00876327905670971,0.000101544076361594,0.00856833239752947,0.0171509124087591,0.0200347838293093,0.0272,0.0267,0.0164,0.0145,0,0.0031,0,0.0076,0.0115,0.0194,0.00174589465551272,0.00420101235431384,0.00834867394578022,0.000736525040852291,-0.0560296449080709,-0.113553113553113,0.264208958987151,0.335294127464294
7,05/15/2025,05/15/2025,0,Sentinel-2B,Sentinel-2,35.255203,30,SCL_class6_OR_MNDWI_gt_0,27,2.85821,0.0457566035087719,0.0628644350877193,0.0329665824561403,0.0264609684210526,0,0.00000204912280701754,0,0,0.00593785263157894,0.00639828771929824,0.046,0.063,0.0328,0.0259,0,0,0,0,0.006,0.0064,0.00156021348474182,0.00164707830445816,0.000945830500711865,0,-0.109693739713641,-0.114529914529914,0.82760520658995,0.826086938381195
8,05/15/2025,05/15/2025,0,Sentinel-2B,Sentinel-2,35.255203,30,SCL_class6_OR_MNDWI_gt_0,28,1.95062,0.0471163437236731,0.0668233361415333,0.0388267621454647,0.0328187587756248,0.00638591687728166,0.00842600393147992,0.00601725638865487,0.00387037349059253,0.0142262566694748,0.0128881634372367,0.0472,0.0676,0.0394,0.033,0.0067,0.0081,0.0063,0.0043,0.0142,0.0129,0.00255795079016355,0.00248846317625792,0.00247823947962397,0.00233501518589651,-0.0835129056662171,-0.0809061488673138,0.649883715289926,0.643216073513031
9,05/15/2025,05/15/2025,0,Sentinel-2B,Sentinel-2,35.255203,30,SCL_class6_OR_MNDWI_gt_0,29,3.856559,0.100320499859589,0.0884847935973041,0.0560050828418983,0.0564716090985678,0.0416200645885986,0.0384394552092109,0.0984329542263409,0.0301460404380791,0.0528533277169334,0.0275143639427127,0.0794,0.0739,0.045,0.0468,0.0296,0.0299,0.0656,0.0171,0.0416,0.0215,0.0531694404106256,0.0431662406074554,0.0319062948772541,0.0806468824151424,-0.0180489832608582,-0.041139240506329,0.311702703676565,0.338150292634964
11,05/15/2025,05/15/2025,0,Sentinel-2B,Sentinel-2,35.255203,30,SCL_class6_OR_MNDWI_gt_0,31,9.665135,0.0297404437578991,0.0377926414829377,0.0250074287319196,0.025428956607218,0,0,0,0,0.00287291110799045,0.00431176801011093,0.0296,0.038,0.025,0.0251,0,0,0,0,0.003,0.0043,0.000984383790200689,0.000940962820826181,0.000499489854215293,0,0.00830408202136953,0.00813008130081302,0.859107811863444,0.854368925094604
1,06/16/2025,06/11/2025,5,Sentinel-2A,Sentinel-2,0.000421,30,SCL_class6_OR_MNDWI_gt_0,26,7.275148,0.0464539152399663,0.0707111001964636,0.036673589671625,0.0371153241650294,0.0302460847600337,0.0314905837777154,0.0277144120123491,0.0263129104687061,0.0148086163345495,0.0108626017401066,0.0465,0.0706,0.0365,0.0372,0.0302,0.032,0.0277,0.0264,0.0149,0.0109,0.00103469402046045,0.0009365759746075,0.0010108947937467,0.000498414646417316,0.0061054369049251,0.00680272108843537,0.653647953076139,0.652892589569091
2,06/16/2025,06/11/2025,5,Sentinel-2A,Sentinel-2,0.000421,30,SCL_class6_OR_MNDWI_gt_0,29,5.520474,0.0501365192982456,0.0748227649122806,0.0402935017543859,0.0396447578947368,0.0303470035087719,0.0304736421052631,0.0283312701754385,0.0264981192982456,0.015481698245614,0.0130338666666666,0.05,0.0749,0.0402,0.0395,0.0303,0.0305,0.0284,0.0265,0.0154,0.0128,0.000952123854091786,0.000944903092881865,0.000823481198441035,0.000848261844571644,-0.0080507003567947,-0.00863131935881626,0.657158531908403,0.659292042255401
3,06/16/2025,06/11/2025,5,Sentinel-2A,Sentinel-2,0.000421,30,SCL_class6_OR_MNDWI_gt_0,29,7.577678,0.0413954526315789,0.0635584140350876,0.0321022596491228,0.0329994245614035,0.0254813192982456,0.0259738526315789,0.0228639719298245,0.0235661614035087,0.0090094596491228,0.0067169543859649,0.0412,0.0634,0.0318,0.0323,0.025,0.025,0.0223,0.0232,0.0081,0.006,0.00112145862212681,0.00101700172513067,0.00131217657812366,0.00159881793433705,0.0134998139753248,0.0109546165884193,0.753181612633822,0.770212769508361
4,06/16/2025,06/11/2025,5,Sentinel-2A,Sentinel-2,0.000421,30,SCL_class6_OR_MNDWI_gt_0,26,4.703643,0.0472248102333427,0.0683082372786055,0.0389183019398369,0.0398747540061849,0.0334924936744447,0.033686083778465,0.031139752600506,0.0294970059038515,0.0160254568456564,0.0126824711835816,0.0472,0.0686,0.0388,0.0397,0.0335,0.0339,0.0312,0.0289,0.0159,0.0125,0.00104633058461904,0.0011720361082556,0.00129144316320387,0.000568099187106053,0.0122263127267477,0.0130208333333333,0.620272619974958,0.622775793075561
5,06/16/2025,06/11/2025,5,Sentinel-2A,Sentinel-2,0.000421,30,SCL_class6_OR_MNDWI_gt_0,30,6.851606,0.0471340864440078,0.0674560342408083,0.0425003087285995,0.0423467583497053,0.0329022031995509,0.0319440780241369,0.0293174150996351,0.0274438675273645,0.0180304939657592,0.0139750771821498,0.047,0.0677,0.0424,0.0423,0.0327,0.0323,0.0291,0.0276,0.0181,0.014,0.001457379688193,0.00127160877980817,0.00107259291231855,0.0010138814307184,-0.0018565454554768,-0.00245700245700244,0.57815557264927,0.578088581562042
6,06/16/2025,06/11/2025,5,Sentinel-2A,Sentinel-2,0.000421,30,SCL_class6_OR_MNDWI_gt_0,27,8.969316,0.0454956765861875,0.0678866226838854,0.0381244385176866,0.0395567798989331,0.0358354295339696,0.0365492279618192,0.0342908618753509,0.0337539444132509,0.0180749298147108,0.0134766282987085,0.0453,0.0679,0.0377,0.0397,0.0354,0.0365,0.0343,0.0334,0.0181,0.0135,0.00151665649162243,0.00157323289070443,0.00148007340491965,0.000829761894218758,0.0186830470430738,0.0144546649145861,0.579478758136788,0.580335736274719
7,06/16/2025,06/11/2025,5,Sentinel-2A,Sentinel-2,0.000421,30,SCL_class6_OR_MNDWI_gt_0,27,8.757545,0.0573333192982456,0.0730015719298245,0.0533981754385965,0.0553293333333333,0.0447061754385965,0.0437321684210526,0.0443581192982456,0.0400770807017544,0.0310186245614035,0.0252854175438596,0.0586,0.0736,0.0544,0.0576,0.0467,0.046,0.0454,0.0421,0.0325,0.0264,0.00362126776791119,0.0031032351807593,0.0037429036651196,0.00393390175149279,0.0176816822823095,0.0203327171903881,0.405645810704482,0.396518379449844
8,06/16/2025,06/11/2025,5,Sentinel-2A,Sentinel-2,0.000421,30,SCL_class6_OR_MNDWI_gt_0,28,7.69869,0.0585993400730132,0.0751995226060095,0.0564491575400168,0.0594917158101657,0.0533590845268183,0.054086197697276,0.0518687728166245,0.0493744453805111,0.0367929092951418,0.0300839792193204,0.0598,0.076,0.0576,0.0613,0.0527,0.0566,0.0531,0.0503,0.0383,0.0316,0.00449759572960245,0.00442343452072949,0.00496145731347861,0.00582812498290203,0.0261198769875263,0.028099173553719,0.345101056821859,0.335468381643295
9,06/16/2025,06/11/2025,5,Sentinel-2A,Sentinel-2,0.000421,30,SCL_class6_OR_MNDWI_gt_0,29,7.940714,0.039185046335299,0.0525174389216512,0.0342903397921932,0.0362257231114855,0.0291709912945801,0.0317337405223251,0.0282353411962931,0.0282976551530468,0.0132893428812131,0.0100325891603482,0.0388,0.0527,0.0342,0.0359,0.0296,0.0316,0.0281,0.0289,0.0133,0.01,0.00178825604733917,0.00188063540758575,0.00183272537031491,0.00132185507236686,0.027760748191114,0.0253353204172876,0.596689994709775,0.598187327384948
10,06/16/2025,06/11/2025,5,Sentinel-2A,Sentinel-2,0.000421,30,SCL_class6_OR_MNDWI_gt_0,29,6.912112,0.0489428450941804,0.0607775794208602,0.0463794911442226,0.0504415237559741,0.0401867163339893,0.0411214928310373,0.0402594180489176,0.0355725049198763,0.026740441383188,0.0210923952769187,0.0488,0.0608,0.0465,0.0505,0.0405,0.0411,0.0403,0.0357,0.0269,0.0211,0.00108169286446389,0.000798393154412283,0.00081506329860752,0.000531974090363991,0.0420119801550128,0.0414937759336099,0.388918237473175,0.389639645814895
11,06/16/2025,06/11/2025,5,Sentinel-2A,Sentinel-2,0.000421,30,SCL_class6_OR_MNDWI_gt_0,31,7.123883,0.0332060384777418,0.0413564387024294,0.0293479848335907,0.033944628563404,0.026983415250667,0.0288587838786687,0.0264293919393343,0.0239501895801151,0.0113389552029209,0.00670335627018676,0.0334,0.0415,0.0292,0.034,0.0265,0.029,0.0264,0.0237,0.0114,0.0069,0.00107968662351391,0.000841422411953476,0.000742650426921751,0.000752933907659134,0.0726653202294117,0.0702028081123245,0.569598287331423,0.570621490478515
1,06/30/2025,07/04/2025,-4,Sentinel-2B,Sentinel-2,10.221854,30,SCL_class6_OR_MNDWI_gt_0,26,10.845002,0.0357642997474038,0.0677388577041818,0.0328217793993825,0.045189489194499,0.0176290766208251,0.0194383946112826,0.014849031714847,0.011729329216952,0.00774243614931237,0.00532347740667976,0.0356,0.0675,0.0326,0.045,0.0176,0.0201,0.0145,0.0116,0.0084,0.0051,0.00157032390281855,0.00132722961899509,0.00182403415311124,0.00168254175150639,0.159012417509295,0.16078431372549,0.79561863751382,0.781209766864776
2,06/30/2025,07/04/2025,-4,Sentinel-2B,Sentinel-2,10.221854,30,SCL_class6_OR_MNDWI_gt_0,29,8.545774,0.0366913403508771,0.0692029614035087,0.0341169684210526,0.0460001122807017,0.0181261052631578,0.0170925052631578,0.0152808842105263,0.0100784140350877,0.00658501052631578,0.00540437894736842,0.0366,0.0696,0.0343,0.0461,0.0187,0.0173,0.015,0.0101,0.0063,0.0053,0.00153344017274149,0.00149879856760518,0.0013765489599863,0.00182360007714936,0.148585435067834,0.145341614906832,0.826376923920815,0.831099212169647
3,06/30/2025,07/04/2025,-4,Sentinel-2B,Sentinel-2,10.221854,30,SCL_class6_OR_MNDWI_gt_0,29,9.241593,0.0385610526315789,0.0713472561403508,0.0361894035087719,0.0497558596491227,0.0241177403508771,0.0247341333333333,0.0213801122807017,0.0175590175438596,0.0101709894736842,0.0086927298245614,0.0376,0.071,0.0356,0.0487,0.0233,0.0234,0.0206,0.0167,0.0096,0.0086,0.00325794738528407,0.00314935397184142,0.00303696998380305,0.00362814667231937,0.158401491106028,0.16052318668252,0.752742283687256,0.758949875831604
4,06/30/2025,07/04/2025,-4,Sentinel-2B,Sentinel-2,10.221854,30,SCL_class6_OR_MNDWI_gt_0,26,10.391207,0.0333153781276356,0.0616324430700028,0.0299999297160528,0.043765096991847,0.0190440258644925,0.0193310795614281,0.0165262861962327,0.0127081388810795,0.00341738824852403,0.00246745853247118,0.0332,0.0619,0.0303,0.0438,0.0191,0.0191,0.0166,0.0125,0.0034,0.0024,0.000907211411072234,0.00154471804746167,0.00111010021403777,0.000375507546075709,0.186865279206354,0.183892617449664,0.894901267499242,0.895223438739776
5,06/30/2025,07/04/2025,-4,Sentinel-2B,Sentinel-2,10.221854,30,SCL_class6_OR_MNDWI_gt_0,30,10.209689,0.0329802694358686,0.0694339320797081,0.0333686359809149,0.0467099775470109,0.0162329637945551,0.0172102020769014,0.0128958882963794,0.00899325007016559,0.0039549115913556,0.00253467583497053,0.0331,0.0696,0.0336,0.0468,0.0159,0.0173,0.0129,0.009,0.004,0.0026,0.00111405665126235,0.000796108591138581,0.000665699298148877,0.000390455574368709,0.166651118072524,0.166253101736972,0.89220043694809,0.890560865402221
6,06/30/2025,07/04/2025,-4,Sentinel-2B,Sentinel-2,10.221854,30,SCL_class6_OR_MNDWI_gt_0,27,8.182738,0.0314881807973048,0.0620471224031442,0.0292073554183043,0.0431540847838293,0.0214606400898371,0.0228548427849522,0.0175661145423919,0.0157155109489051,0.00554510106681639,0.00336332116788321,0.0314,0.0618,0.0292,0.0431,0.0206,0.0226,0.0174,0.016,0.005,0.0027,0.000933832905689321,0.00117988397746358,0.000681038503370207,0.00101016778679379,0.192220010364347,0.187410586552217,0.8373112775833,0.850299417972564
7,06/30/2025,07/04/2025,-4,Sentinel-2B,Sentinel-2,10.221854,30,SCL_class6_OR_MNDWI_gt_0,27,7.154136,0.0337002947368421,0.0573266947368421,0.0290350596491228,0.0430549192982456,0.0190897824561403,0.0186656280701754,0.0150867649122807,0.010632,0.0052054596491228,0.00413173333333333,0.0332,0.0568,0.0288,0.0424,0.0192,0.0183,0.0147,0.0103,0.005,0.0043,0.00159567316186812,0.00170456499967985,0.00147397170684962,0.0014125636540764,0.19473421733568,0.196358907672301,0.834193663312678,0.836333870887756
8,06/30/2025,07/04/2025,-4,Sentinel-2B,Sentinel-2,10.221854,30,SCL_class6_OR_MNDWI_gt_0,28,6.367558,0.0377644903117102,0.0631667930356641,0.0344179022746419,0.0512918843021623,0.0271986099410278,0.0291901010951979,0.0251818449873631,0.0193967003650659,0.0111769025554619,0.00754015725919685,0.0366,0.062,0.0334,0.052,0.0276,0.0294,0.0249,0.0202,0.011,0.0082,0.00369020179471448,0.00371939895298008,0.00334333024735188,0.00286392053247407,0.198086225299795,0.205346294046172,0.699903646811981,0.704641342163085
9,06/30/2025,07/04/2025,-4,Sentinel-2B,Sentinel-2,10.221854,30,SCL_class6_OR_MNDWI_gt_0,29,11.147532,0.0337682111766357,0.056021946082561,0.0296954507160909,0.0452611204717775,0.0236808761583824,0.0235224094355518,0.0203054759898904,0.0158397781522044,0.00642785734344285,0.0042551249648975,0.0336,0.0561,0.0296,0.0452,0.0236,0.0234,0.0195,0.0148,0.0064,0.0043,0.00125348503479752,0.00142280558867453,0.000778119321797139,0.00179137848063441,0.207705205858468,0.206349206349206,0.794483136809364,0.799373030662536
10,06/30/2025,07/04/2025,-4,Sentinel-2B,Sentinel-2,10.221854,30,SCL_class6_OR_MNDWI_gt_0,29,8.182738,0.0400357885858869,0.0582499437728422,0.035104456002249,0.0505474697779027,0.0287120466685409,0.0311749789148158,0.0287119763845937,0.0222012932246274,0.0138124683722237,0.0103730953050323,0.0402,0.0584,0.0353,0.0506,0.0299,0.0316,0.0282,0.0228,0.0134,0.0106,0.00285749114574955,0.00379461725278375,0.00357273331016859,0.00342391741485304,0.182129213774954,0.175324675324675,0.61762920512153,0.613933265209198
11,06/30/2025,07/04/2025,-4,Sentinel-2B,Sentinel-2,10.221854,30,SCL_class6_OR_MNDWI_gt_0,31,9.937412,0.0347529841314422,0.0536268782474371,0.0280254599073163,0.0440597668866732,0.0253806487852829,0.0277362870383373,0.0228979637691335,0.0199530543462996,0.00788324673500913,0.00479431259654542,0.0348,0.0534,0.0281,0.0443,0.0254,0.0277,0.0228,0.0193,0.008,0.0048,0.000904733764255231,0.00115153609574938,0.000591088873344222,0.000973509693752124,0.22242580405125,0.224209078404401,0.7437691787223,0.742765247821807
1,07/16/2025,07/19/2025,-3,Sentinel-2C,Sentinel-2,39.44014,30,SCL_class6_OR_MNDWI_gt_0,22,4.824655,0.0993647568287808,0.118690706195869,0.104715073284477,0.128903247834776,0.159177265156562,0.174977381745502,0.12700411392405,0.187260659560293,0.147635493004663,0.115534260493004,0.0907,0.1084,0.1011,0.1426,0.182,0.2081,0.1223,0.2077,0.169,0.1342,0.0379776358722641,0.0378410540537764,0.0367701822357857,0.0681287801286518,0.117331220465646,0.110591900311526,-0.108002650690588,-0.0911549925804138
2,07/16/2025,07/19/2025,-3,Sentinel-2C,Sentinel-2,39.44014,30,SCL_class6_OR_MNDWI_gt_0,29,5.641486,0.0553093754385964,0.0671098245614035,0.0516834526315789,0.0636189754385964,0.0631742175438596,0.0714598035087719,0.0328597192982456,0.0791020912280701,0.060733698245614,0.0515249403508771,0.049,0.0573,0.0388,0.0474,0.0399,0.0466,0.0203,0.0536,0.0406,0.0366,0.0126428964230641,0.0187473838047972,0.023204597416469,0.0241641788324054,0.0914818941127418,0.0997679814385151,0.120503108351899,0.154989391565322
3,07/16/2025,07/19/2025,-3,Sentinel-2C,Sentinel-2,39.44014,30,SCL_class6_OR_MNDWI_gt_0,29,4.552378,0.0518269754385965,0.0814268912280702,0.0411848421052631,0.0470152280701754,0.0180946105263157,0.0163301614035087,0.0117090947368421,0.0105928842105263,0.0117986807017543,0.00880216140350877,0.0518,0.0816,0.0408,0.0464,0.0182,0.0161,0.0117,0.0104,0.0119,0.0085,0.00146466100747763,0.00222518820430787,0.00184396047943072,0.000934794451135634,0.0661363052797083,0.0654420206659013,0.747179164108477,0.749209702014923
4,07/16/2025,07/19/2025,-3,Sentinel-2C,Sentinel-2,39.44014,30,SCL_class6_OR_MNDWI_gt_0,26,7.789449,0.0405768765813888,0.0662714506606691,0.0325988192296879,0.0393078577452909,0.0164172757942086,0.0142205931965139,0.0112417064942367,0.0101073657576609,0.00733271014900197,0.00632683441102052,0.0406,0.0658,0.0324,0.0394,0.0164,0.0143,0.0111,0.01,0.0073,0.0062,0.00110890024948786,0.0011183514917831,0.000624357658083749,0.000405673521340858,0.093357936783234,0.0942334739803095,0.800715580921947,0.800273597240448
5,07/16/2025,07/19/2025,-3,Sentinel-2C,Sentinel-2,39.44014,30,SCL_class6_OR_MNDWI_gt_0,30,6.518823,0.0476751894470951,0.0728623070446253,0.0421701375245579,0.0565848863317429,0.0268695200673589,0.0262193236037047,0.0224378894190289,0.0207579427448779,0.0186931518383384,0.0145458461970249,0.0476,0.0731,0.0426,0.0566,0.0274,0.0271,0.0215,0.0204,0.0189,0.0143,0.00190793663999154,0.00202016500976203,0.00201374168044335,0.0018316628753373,0.146459015422484,0.143700787401574,0.592033628379566,0.585993826389312
6,07/16/2025,07/19/2025,-3,Sentinel-2C,Sentinel-2,39.44014,30,SCL_class6_OR_MNDWI_gt_0,27,6.912112,0.038601838854576,0.064727512633352,0.0323401880965749,0.039378017967434,0.0192494665918023,0.0206296603032004,0.0166025547445255,0.0150064430095452,0.00955658338012352,0.0063378017967434,0.0386,0.065,0.0322,0.0395,0.0192,0.0206,0.0164,0.0147,0.0095,0.0061,0.00102607967827711,0.00160308344861084,0.000645932721676628,0.000657717714975524,0.0981920202500559,0.0991501416430594,0.742634152835637,0.745649278163909
7,07/16/2025,07/19/2025,-3,Sentinel-2C,Sentinel-2,39.44014,30,SCL_class6_OR_MNDWI_gt_0,27,8.60628,0.0397478736842105,0.0550566315789474,0.0310036070175438,0.0357844210526315,0.0130462315789473,0.0117215859649122,0.00785225263157895,0.00727062456140351,0.00961809122807017,0.00747002105263158,0.0396,0.0552,0.0311,0.0361,0.0131,0.0118,0.0079,0.0073,0.0094,0.0074,0.000765905866919425,0.000865827387226368,0.000551118080402394,0.000493274381974404,0.0714754494365854,0.0694864048338368,0.702621931920972,0.70063692331314
8,07/16/2025,07/19/2025,-3,Sentinel-2C,Sentinel-2,39.44014,30,SCL_class6_OR_MNDWI_gt_0,28,8.485268,0.0424766778994664,0.0535959281100814,0.0310626930637461,0.0364210334175793,0.0140046194889076,0.0133130160067396,0.00867451558550968,0.00812580735748385,0.010581648413367,0.00684859590002808,0.0424999999999999,0.0535,0.0311,0.0362,0.0139,0.0133,0.0087,0.0079,0.0104,0.0068,0.000736814364791595,0.00130807928986447,0.000597219321829896,0.000796892881952227,0.0794366916814224,0.0791788856304984,0.670312003945742,0.67532467842102
10,07/16/2025,07/19/2025,-3,Sentinel-2C,Sentinel-2,39.44014,30,SCL_class6_OR_MNDWI_gt_0,29,12.690435,0.766161484396963,0.742099634523474,0.73964728703964,0.800003584481304,0.792424964858026,0.778219890357042,0.748505946021928,0.770008574641551,0.605831796457689,0.531344222659544,0.7752,0.7568,0.748,0.8104,0.7961,0.7807,0.7559,0.7804,0.6104,0.5307,0.0675941163563293,0.0549339432526409,0.0429276348189983,0.0396373528178518,0.0396463598678462,0.0358436368177844,0.0997341794056342,0.106447227299213
11,07/16/2025,07/19/2025,-3,Sentinel-2C,Sentinel-2,39.44014,30,SCL_class6_OR_MNDWI_gt_0,31,14.414856,0.0590270888920095,0.0559312456115714,0.0441869821654262,0.0491959977531245,0.0528408088751579,0.0531694705799747,0.0563815756214014,0.0536599775312456,0.0470738660300519,0.0371510462013762,0.0524,0.051,0.0337,0.0433,0.0383,0.0373,0.044,0.0343,0.0403,0.029,0.0195471707276202,0.0230364769787415,0.0228182508146293,0.0410306725195791,0.0446682630797379,0.0160919540229884,0.142858260187855,0.162872150540351
1,08/07/2025,08/08/2025,-1,Sentinel-2C,Sentinel-2,20.273164,30,SCL_class6_OR_MNDWI_gt_0,26,6.155787,0.0327335672186359,0.0573681307886612,0.0279498175694639,0.0369506735896716,0.0251428992422116,0.0265547010945832,0.0249387314061184,0.0229963373561605,0.0131579006455234,0.00750703059219758,0.0326,0.0574,0.0277,0.0369,0.0251,0.0264,0.025,0.0229,0.013,0.0075,0.000967642165755031,0.000707775914794592,0.000573128546977784,0.000672714187971667,0.138713019314615,0.139751552795031,0.626893474058324,0.630465447902679
2,08/07/2025,08/08/2025,-1,Sentinel-2C,Sentinel-2,20.273164,30,SCL_class6_OR_MNDWI_gt_0,29,5.762498,0.0361088280701754,0.0614364631578947,0.0317249403508771,0.0397215578947368,0.0258224842105263,0.0258323649122807,0.0258277894736842,0.0223517894736842,0.0137978807017543,0.00955817543859649,0.0362,0.0613,0.0317,0.0397,0.0254,0.0258,0.0255,0.0222,0.0138,0.0095,0.00139911641898195,0.00154865597054399,0.00110200336432439,0.00132662302722432,0.112097991834666,0.113604488078541,0.63350425708503,0.630769252777099
3,08/07/2025,08/08/2025,-1,Sentinel-2C,Sentinel-2,20.273164,30,SCL_class6_OR_MNDWI_gt_0,29,5.58098,0.0331657824561403,0.0563639298245614,0.0279251087719298,0.0367327859649122,0.0242538105263157,0.0246675368421052,0.0225311157894736,0.0213054736842105,0.00996224561403508,0.00536138947368421,0.0331,0.0566,0.0279,0.0368,0.0244,0.0247,0.0224,0.0212,0.0099,0.0055,0.000798750510561194,0.000840516799292088,0.000785858967175318,0.000309923085084656,0.136371059687806,0.136150234741783,0.699578997787676,0.701624810695648
4,08/07/2025,08/08/2025,-1,Sentinel-2C,Sentinel-2,20.273164,30,SCL_class6_OR_MNDWI_gt_0,26,7.154136,0.0379788445319089,0.0613723924655608,0.0337479758223221,0.0420538796738825,0.0287435901040202,0.0296779027270171,0.0275511526567332,0.0252242760753443,0.0151790413269609,0.0103614843969637,0.0382,0.0617,0.0335,0.0419,0.0289,0.03,0.0277,0.0254,0.016,0.0098,0.00148364356395054,0.00161886072877627,0.0013450764919628,0.00142236988672943,0.109782753389358,0.111695137976346,0.604094411630056,0.597989976406097
5,08/07/2025,08/08/2025,-1,Sentinel-2C,Sentinel-2,20.273164,30,SCL_class6_OR_MNDWI_gt_0,30,7.486919,0.033674207128824,0.0562677378613528,0.0298686500140331,0.0371079287117597,0.0256731686780802,0.0267707690148751,0.0244631349985966,0.0232768734212742,0.0129108756665731,0.00728238843671063,0.0336,0.0562,0.0299,0.037,0.0257,0.0268,0.0244,0.0233,0.013,0.007,0.00101381567467794,0.000661681360037957,0.000512607712258285,0.000774919350642368,0.108077359112904,0.1071953010279,0.626835977122785,0.629101276397705
6,08/07/2025,08/08/2025,-1,Sentinel-2C,Sentinel-2,20.273164,30,SCL_class6_OR_MNDWI_gt_0,27,7.09363,0.0312455362156092,0.0538608085345311,0.0270938658057271,0.0365313166760247,0.0255944693992139,0.0266862577203817,0.0244473469960696,0.0240791409320606,0.0105993823694553,0.00658961257720381,0.0314,0.054,0.0272,0.0365,0.0256,0.0266,0.0243,0.0236,0.0106,0.0064,0.00105398844034133,0.000942124965863193,0.000406733449282792,0.000479053708281638,0.148333006787483,0.147492104685666,0.671276629222102,0.671779155731201
7,08/07/2025,08/08/2025,-1,Sentinel-2C,Sentinel-2,20.273164,30,SCL_class6_OR_MNDWI_gt_0,26,10.693737,0.0953032500752332,0.102319530544688,0.0733152121576888,0.0839092235931387,0.0818099307854348,0.0821499999999999,0.119084667469154,0.0774270990069214,0.0745765874210051,0.0457773698465242,0.0862,0.0982,0.0716,0.0765,0.0706,0.075,0.1056,0.0655,0.0595,0.0387,0.028858431233427,0.0236258574247211,0.0219735387529055,0.0476504723459578,0.0744139153192712,0.0711479703186381,0.167980663445271,0.153627306222915
8,08/07/2025,08/08/2025,-1,Sentinel-2C,Sentinel-2,20.273164,30,SCL_class6_OR_MNDWI_gt_0,28,9.423111,0.0371792754844145,0.0562575400168492,0.0319537629879247,0.042812945801741,0.0312572872788542,0.0329905223251895,0.0302573574838528,0.0287470373490592,0.0162399887672002,0.00871394271272114,0.0371,0.0561,0.032,0.0423,0.031,0.0326,0.0298,0.0285,0.0166,0.0086,0.00145389606764377,0.00130444686846687,0.00101299591030046,0.00128378327212819,0.145303108129709,0.146341463414634,0.552566813337973,0.552278816699981
9,08/07/2025,08/08/2025,-1,Sentinel-2C,Sentinel-2,20.273164,30,SCL_class6_OR_MNDWI_gt_0,26,11.540821,0.104240853658536,0.117411722560975,0.096535,0.121825594512195,0.153890899390243,0.165867347560975,0.166147728658536,0.171545426829268,0.122237865853658,0.0948206859756097,0.105,0.118,0.0964,0.1106,0.154,0.1699,0.1625,0.1828,0.1216,0.1003,0.0273962831668997,0.0224529965976263,0.0209682529824515,0.042012372085899,0.121512591025444,0.130792996910401,-0.0336434453723461,-0.0141784818843007
10,08/07/2025,08/08/2025,-1,Sentinel-2C,Sentinel-2,20.273164,30,SCL_class6_OR_MNDWI_gt_0,29,11.359303,0.0310526005060444,0.0388359291537812,0.0253007590666291,0.033469679505201,0.033567683441102,0.0358890778746134,0.0342177677818386,0.0360771014900196,0.0228039359010402,0.0179175991003654,0.0306,0.0388,0.0248,0.0331,0.0328,0.035,0.0341,0.0351,0.021,0.0162,0.00241709134267994,0.00255578893395172,0.00160867889904657,0.00215192859329249,0.139052881908327,0.14074074074074,0.262879044268911,0.269784182310104
11,08/07/2025,08/08/2025,-1,Sentinel-2C,Sentinel-2,20.273164,30,SCL_class6_OR_MNDWI_gt_0,31,18.710782,0.0371564948743154,0.0488305855919112,0.03302314281702,0.0460205869962084,0.033663038899031,0.0350139587136638,0.0325382390113748,0.0300681505406544,0.0157642606375509,0.00883506529981744,0.0371,0.049,0.0331,0.0462,0.0335,0.0351,0.0325,0.0298,0.0155,0.0089,0.000856656618439082,0.000747886373091761,0.000544693443076454,0.0010929534969585,0.164441708756434,0.166882276843467,0.511914469196025,0.511040985584259
1,08/27/2025,08/28/2025,-1,Sentinel-2C,Sentinel-2,49.455678,30,SCL_class6_OR_MNDWI_gt_0,26,5.974269,0.0310215408363738,0.0354436149312377,0.0242414818972775,0.0288036345776031,0.0243917204602862,0.0254738142015155,0.0268427448779118,0.023437103564412,0.0150011928150435,0.00924785293292169,0.0312,0.0352,0.0241,0.0288,0.024,0.0253,0.0266,0.0234,0.0148,0.009,0.00111387829320402,0.00104145579719696,0.000467604369262929,0.00060384615384613,0.0859692280135682,0.0827067669172932,0.40533022756092,0.406060606241226
2,08/27/2025,08/28/2025,-1,Sentinel-2C,Sentinel-2,49.455678,30,SCL_class6_OR_MNDWI_gt_0,29,5.006173,0.030450947368421,0.0355559578947368,0.0243120842105263,0.0279943298245614,0.0219352842105263,0.0220650245614035,0.0220601403508771,0.0192557754385964,0.012343298245614,0.00839962105263158,0.0304,0.0357,0.0244,0.028,0.0219,0.0221,0.0222,0.019,0.0123,0.0086,0.00103174349972628,0.000688291755741701,0.000575645220373103,0.000200889816049501,0.0704688354584851,0.0734463276836158,0.48467457593533,0.484536081552505
3,08/27/2025,08/28/2025,-1,Sentinel-2C,Sentinel-2,49.455678,30,SCL_class6_OR_MNDWI_gt_0,29,5.066679,0.0272408140350877,0.0335832561403508,0.0221258245614035,0.0270821052631579,0.021370049122807,0.021966049122807,0.0216586105263157,0.0187526596491228,0.0104963228070175,0.00640259649122807,0.0274,0.0334,0.0221,0.027,0.0214,0.0219,0.0217,0.0188,0.0105,0.0062,0.000880249667318003,0.000643008683043036,0.000555161704758565,0.000275775848594743,0.100790075944907,0.0985915492957746,0.523684216582984,0.523595511913299
4,08/27/2025,08/28/2025,-1,Sentinel-2C,Sentinel-2,49.455678,30,SCL_class6_OR_MNDWI_gt_0,26,6.760847,0.0507489597975822,0.0586741495642395,0.0469074922687658,0.0579459235310654,0.0640150548214787,0.0672845094180489,0.0717111892043857,0.0697874894574079,0.0476983834692156,0.0287659263424233,0.0504,0.0584,0.0471,0.0587,0.0649,0.069,0.0714,0.0708,0.0491,0.0289,0.00234291390412227,0.0030197990645957,0.00312546327926908,0.0050561828692305,0.105441823546376,0.105641025641025,0.104690170099098,0.104390241205692
5,08/27/2025,08/28/2025,-1,Sentinel-2C,Sentinel-2,49.455678,30,SCL_class6_OR_MNDWI_gt_0,30,10.149183,0.134376199831602,0.130410216110019,0.11050319955094,0.133897417906258,0.16885373280943,0.180457409486387,0.222111872017962,0.190401880437833,0.156484212742071,0.109504967723828,0.1344,0.1338,0.1084,0.1293,0.1692,0.1753,0.2244,0.1893,0.1523,0.107,0.0110897430087446,0.0150334279376182,0.0143677915259559,0.0230284548620467,0.0977907430733701,0.0911546252532073,-0.0927505939825114,-0.0836601331830024
6,08/27/2025,08/28/2025,-1,Sentinel-2C,Sentinel-2,49.455678,30,SCL_class6_OR_MNDWI_gt_0,27,4.764149,0.0602049971925884,0.0679472627737226,0.0550485261089275,0.0680909882088714,0.079875589556429,0.0842407495788882,0.100045957327344,0.086241268950028,0.05933439079169,0.0324819483436271,0.0594,0.0679,0.0544,0.0659,0.0772,0.0824,0.0992,0.0827,0.0562,0.0305,0.00453080297331384,0.00440891353039725,0.00467430004736392,0.0105713773560682,0.106195293022362,0.105382865807429,0.0701398457296439,0.0623655915260314
7,08/27/2025,08/28/2025,-1,Sentinel-2C,Sentinel-2,49.455678,30,SCL_class6_OR_MNDWI_gt_0,27,6.518823,0.0349340070175438,0.0453471298245614,0.0300610105263158,0.0402352701754386,0.0275579649122807,0.0278867228070175,0.0275427789473684,0.0244169263157894,0.0138448561403508,0.00902112280701754,0.0346,0.0456,0.03,0.0399,0.0276,0.0278,0.0269,0.0245,0.0139,0.009,0.0011848842210458,0.00149243175312055,0.000881216891506747,0.0017273480073644,0.144823900288751,0.14446002805049,0.53192688696008,0.533333361148834
8,08/27/2025,08/28/2025,-1,Sentinel-2C,Sentinel-2,49.455678,30,SCL_class6_OR_MNDWI_gt_0,28,12.206387,0.0267612608817747,0.0285944818871103,0.0193441168211176,0.0243704156135916,0.0233960825610783,0.0241450856500982,0.0244582701488345,0.0229445099691097,0.0149660067396798,0.00902044369559113,0.0269,0.0284,0.0194,0.0245,0.0233,0.0239,0.0246,0.0228,0.0152,0.0089,0.00108897536562528,0.000933667335766489,0.000641904055390234,0.000327385281356982,0.115193902763922,0.113636363636363,0.312714595798527,0.316037744283676
10,08/27/2025,08/28/2025,-1,Sentinel-2C,Sentinel-2,49.455678,30,SCL_class6_OR_MNDWI_gt_0,29,16.199783,0.0913092634242338,0.10321869552994,0.08794630306438,0.117031599662637,0.149382667978633,0.161372870396401,0.166791594039921,0.170969637334832,0.136425583356761,0.0910950098397525,0.0916,0.1032,0.0868,0.1167,0.1455,0.1588,0.166,0.1685,0.1359,0.0911,0.00412639772017505,0.0036712560907931,0.00330004503986865,0.00817470359308036,0.141955498227317,0.140711066599899,-0.138438465961301,-0.136762857437133
11,08/27/2025,08/28/2025,-1,Sentinel-2C,Sentinel-2,49.455678,30,SCL_class6_OR_MNDWI_gt_0,31,19.467107,0.0393090155876983,0.0539295885409352,0.0366764218508636,0.0507866732200533,0.0345168515657913,0.0354421148715068,0.0345384075270327,0.0306644431961803,0.0194779104058418,0.0125737958151944,0.0395,0.0542,0.0368,0.0508,0.0344,0.035,0.0343,0.0309,0.0196,0.0123,0.00148284677136459,0.00125308360549993,0.00115247550597968,0.00209629771261037,0.161414811421777,0.162222222222222,0.469466061291442,0.474719107151031
1,09/19/2025,09/19/2025,0,Sentinel-2A,Sentinel-2,2.178195,30,SCL_class6_OR_MNDWI_gt_0,26,18.28724,0.0359427168116755,0.0557776592758911,0.0310807605950042,0.0399186921133876,0.0320208672467022,0.0333883805781644,0.0286343390401347,0.0304543222003929,0.0131962531574515,0.0073894611282627,0.0358,0.0556,0.031,0.04,0.0319,0.0332,0.0286,0.0301,0.0132,0.0072,0.000976286891581487,0.00129734024680377,0.000613036385108719,0.000458725401610519,0.124483101864534,0.123595505617977,0.617321269543292,0.617647051811218
2,09/19/2025,09/19/2025,0,Sentinel-2A,Sentinel-2,2.178195,30,SCL_class6_OR_MNDWI_gt_0,29,7.819702,0.0380040280701754,0.0575068350877193,0.0323295999999999,0.040941796491228,0.0316391578947368,0.0316166175438596,0.0272848140350877,0.027494947368421,0.0105640140350877,0.00616159999999999,0.0382,0.0576,0.0324,0.041,0.0316,0.0316,0.0273,0.0272,0.0105,0.0059,0.000870961036573527,0.00102488652543093,0.000759529236512937,0.000532219903948748,0.117620088774702,0.11716621253406,0.689599344671818,0.688622772693634
3,09/19/2025,09/19/2025,0,Sentinel-2A,Sentinel-2,2.178195,30,SCL_class6_OR_MNDWI_gt_0,29,7.063377,0.0337828771929824,0.0554747508771929,0.0296106947368421,0.0381844912280701,0.026556898245614,0.0282507649122807,0.0241502877192982,0.0237684350877193,0.00865591578947368,0.00606005614035087,0.034,0.0556,0.0297,0.0384,0.0264,0.028,0.0242,0.0237,0.0086,0.0057,0.00126787809479394,0.00098310338780125,0.000828548291354103,0.0000724958484178281,0.126587643555701,0.125748502994012,0.730039012490657,0.730886876583099
4,09/19/2025,09/19/2025,0,Sentinel-2A,Sentinel-2,2.178195,30,SCL_class6_OR_MNDWI_gt_0,26,9.634882,0.0328412566769749,0.0552054118639302,0.029466896260894,0.0372802923812201,0.0247266516727579,0.0268695529940961,0.0224230390778746,0.0221464295754849,0.00804689344953613,0.004483398931684,0.0328,0.0552,0.0294,0.0373,0.0247,0.027,0.0224,0.0221,0.008,0.0045,0.00107568610278089,0.000978194206344607,0.000794926590336313,0.00043434300518587,0.117177391049708,0.118440779610194,0.745504739891454,0.745222926139831
5,09/19/2025,09/19/2025,0,Sentinel-2A,Sentinel-2,2.178195,30,SCL_class6_OR_MNDWI_gt_0,30,12.962712,0.0333234914397979,0.0474305500982318,0.0292397979230985,0.0368419590232949,0.0279623070446253,0.0280035644120123,0.0242158574235195,0.0238388015717092,0.0094763962952568,0.0055053185517822,0.0333,0.0476,0.0293,0.0367,0.028,0.028,0.0241,0.0235,0.0094,0.0055,0.000994032192637573,0.000650333247906968,0.000675244811572462,0.000536459587377516,0.115122900970448,0.114074074074074,0.667008443592038,0.666666686534881
6,09/19/2025,09/19/2025,0,Sentinel-2A,Sentinel-2,2.178195,30,SCL_class6_OR_MNDWI_gt_0,27,4.219595,0.0331995508141493,0.0556106400898371,0.0289781723750701,0.0375153284671532,0.0267322711959573,0.0288976417742841,0.0250559938236945,0.0248524705221785,0.0098591521617069,0.00542288040426726,0.0332,0.0556,0.029,0.0376,0.0267,0.0289,0.0251,0.025,0.0097,0.0054,0.00108488808978268,0.00122384852519517,0.00076224345793402,0.000602668960992263,0.128488850955512,0.129909365558912,0.698801781524104,0.698056817054748
7,09/19/2025,09/19/2025,0,Sentinel-2A,Sentinel-2,2.178195,30,SCL_class6_OR_MNDWI_gt_0,27,10.814749,0.0854192982456141,0.101524898245614,0.0828906666666667,0.105286119298245,0.12267925614035,0.132802147368421,0.119785740350877,0.139769543859649,0.106150498245614,0.0729172631578947,0.086,0.1022,0.0814,0.1013,0.1193,0.1258,0.1192,0.1312,0.1015,0.0698,0.00607789852499273,0.00670069095386914,0.00775069535355681,0.00991299323323899,0.119032522151391,0.117499999999999,-0.0190738972290174,-0.03125
8,09/19/2025,09/19/2025,0,Sentinel-2A,Sentinel-2,2.178195,30,SCL_class6_OR_MNDWI_gt_0,28,12.871953,0.0335958017410839,0.0491406767761864,0.0289447767481044,0.0400019938219601,0.0321433305251333,0.035016849199663,0.0309879528222409,0.0314355377702892,0.0128612889637742,0.00635989890480202,0.0335,0.0492,0.0289,0.04,0.0317,0.0354,0.031,0.0315,0.0128,0.0063,0.00115075396756969,0.000866047495987579,0.000520730942315809,0.000405368942559225,0.160407956463533,0.162043795620437,0.585058622072667,0.583999991416931
9,09/19/2025,09/19/2025,0,Sentinel-2A,Sentinel-2,2.178195,30,SCL_class6_OR_MNDWI_gt_0,29,8.424762,0.0667303426003931,0.0835619629317607,0.0659912664981746,0.0860912103341758,0.100989792193204,0.108911359168772,0.0981711036225779,0.11404549283909,0.0857331227183375,0.054810446503791,0.0674,0.0843,0.0661,0.0854,0.0986,0.1074,0.0998,0.1132,0.0837,0.0535,0.00485159546921517,0.00396948227559597,0.00362871032799143,0.00797281349672168,0.132033719993273,0.128987517337031,-0.0119917624157572,-0.0116279069334268
10,09/19/2025,09/19/2025,0,Sentinel-2A,Sentinel-2,2.178195,30,SCL_class6_OR_MNDWI_gt_0,29,24.126069,0.0314320494798987,0.0446518554962046,0.0281101349451785,0.0406402024177677,0.0334373770030924,0.0356278043294911,0.0285160669103176,0.0322272982850716,0.015118569018836,0.00872777621591228,0.0312,0.0446,0.0281,0.0404,0.0337,0.0354,0.0289,0.0316,0.0156,0.0089,0.00106106087401213,0.00117638273435717,0.00087544111524109,0.00134253562429349,0.182296418789736,0.18051575931232,0.494337756558519,0.496644288301467
11,09/19/2025,09/19/2025,0,Sentinel-2A,Sentinel-2,2.178195,30,SCL_class6_OR_MNDWI_gt_0,31,14.929157,0.0314925431821373,0.046835907878107,0.0282008425782895,0.0380978795113046,0.0277026260356691,0.0297440106726583,0.0259748209521134,0.0268424519028226,0.0138992557225108,0.00802359219210785,0.0315,0.0466,0.0283,0.0383,0.0275,0.0298,0.0259,0.0267,0.014,0.008,0.00107694600380393,0.00103708548631846,0.000746967507898728,0.00090517071707811,0.149316290710568,0.14630467571644,0.542399479312987,0.538704574108123
1,04/23/2024,04/20/2024,3,Sentinel-2B,Sentinel-2,16.398731,30,SCL_class6_OR_MNDWI_gt_0,26,4.13,0.0412499859668818,0.0451523294976143,0.0326791608195341,0.0329179062587707,0.02169664608476,0.0232911872017962,0.0218557114790906,0.0199558939096267,0.0182916923940499,0.0152933062026382,0.0415,0.0455,0.0328,0.0335,0.0217,0.0239,0.0226,0.02,0.0185,0.0154,0.00158297618727109,0.00150030075880308,0.00206664121636044,0.00186211052875539,0.00406061282027591,0.00431654676258995,0.424315783027648,0.42047244310379
2,04/23/2024,04/20/2024,3,Sentinel-2B,Sentinel-2,16.398731,30,SCL_class6_OR_MNDWI_gt_0,28,4.64,0.119122684642438,0.111950395662368,0.0844366354044548,0.0825395222743258,0.071332048651817,0.0626987397420867,0.149792467760844,0.0507791324736224,0.0747312719812426,0.0365183030480656,0.118,0.1044,0.0687,0.0705,0.0618,0.064,0.1548,0.0488,0.0662,0.0361,0.0345622803716681,0.0342533262201331,0.0306712578593294,0.0585697133895207,-0.00915252886804555,0.0030534351145039,0.203069477321253,0.174556210637092
3,04/23/2024,04/20/2024,3,Sentinel-2B,Sentinel-2,16.398731,30,SCL_class6_OR_MNDWI_gt_0,29,4.3,0.0436886035087719,0.0531310596491228,0.0355117052631578,0.0349143719298245,0.0224701192982456,0.0218633543859649,0.022072996491228,0.0179471578947368,0.0146685192982456,0.0127169403508771,0.0426,0.0518,0.0341,0.0341,0.0236,0.0215,0.0202,0.0183,0.0144,0.0122,0.00346762502378633,0.00324019787713601,0.0034943031605576,0.00390062649317248,-0.00754131426626332,-0.00409276944065477,0.571085467493325,0.572700321674346
4,04/23/2024,04/20/2024,3,Sentinel-2B,Sentinel-2,16.398731,30,SCL_class6_OR_MNDWI_gt_0,26,4.51,0.044219482710149,0.052150196795052,0.0351061428169806,0.0352715490581951,0.0232782541467528,0.0231440399212819,0.0221417767781838,0.0184968793927467,0.0136273685690188,0.0116053134664042,0.044,0.0522,0.0348,0.0351,0.0232,0.0229,0.022,0.0183,0.0133,0.0114,0.001301978467178,0.00132346260031671,0.00113807165881239,0.00114051919039894,0.00246308281853465,0.00282485875706212,0.585618882592152,0.589424550533294
5,04/23/2024,04/20/2024,3,Sentinel-2B,Sentinel-2,16.398731,30,SCL_class6_OR_MNDWI_gt_0,30,5.8,0.0512353073252876,0.0654895172607353,0.0435656749929834,0.0420769997193376,0.0264083356721863,0.0249691271400505,0.0261481897277575,0.0209752876789222,0.0183363878753859,0.015530213303396,0.0516,0.0656,0.044,0.0426,0.0266,0.0254,0.0264,0.0213,0.0183,0.0157,0.00221461057524819,0.00215253081020664,0.00226378493285503,0.00210933375474078,-0.0174592286585355,-0.0161662817551963,0.563210545732437,0.569620251655578
6,04/23/2024,04/20/2024,3,Sentinel-2B,Sentinel-2,16.398731,30,SCL_class6_OR_MNDWI_gt_0,27,5.34,0.0387349522740033,0.0495451151038742,0.0319447641774284,0.0306548287478944,0.0178025828186412,0.0185971364402021,0.0172563447501403,0.0145306007860752,0.0100688798427849,0.00804439921392476,0.0389,0.0495,0.0322,0.0306,0.0179,0.0186,0.0172,0.0143,0.0104,0.0082,0.00143091479368153,0.00148698975986907,0.00130407191769822,0.000870646134407059,-0.0204973347165069,-0.0215384615384615,0.662583449201795,0.658692181110382
7,04/23/2024,04/20/2024,3,Sentinel-2B,Sentinel-2,16.398731,30,SCL_class6_OR_MNDWI_gt_0,27,7.93,0.0485671438596491,0.0561390456140351,0.0408547368421052,0.0402960421052631,0.0261202666666666,0.0264207298245614,0.0240828912280701,0.021244449122807,0.0208079298245614,0.018783747368421,0.0483,0.056,0.041,0.0397,0.026,0.0265,0.0237,0.021,0.0205,0.0192,0.00288414615437239,0.00307013134038097,0.00287556757682531,0.00230507283359446,-0.00658837651003448,-0.0068493150684931,0.459186167336347,0.459602653980255
8,04/23/2024,04/20/2024,3,Sentinel-2B,Sentinel-2,16.398731,30,SCL_class6_OR_MNDWI_gt_0,28,8.41,0.0545449311991014,0.0617904802021904,0.043471047458579,0.0440236169615276,0.0278607694467846,0.0296774220724515,0.0323373069362538,0.0239363661892726,0.0243056444818871,0.0197631564167368,0.0534,0.0615,0.0433,0.0441,0.0282,0.0305,0.0297,0.0234,0.0242,0.0199,0.00458635259242462,0.00250970310871207,0.00161584943226641,0.00781981066110371,0.00653938898705032,0.00923787528868362,0.436042794582717,0.432768374681472
9,04/23/2024,04/20/2024,3,Sentinel-2B,Sentinel-2,16.398731,30,SCL_class6_OR_MNDWI_gt_0,29,6.91,0.0499654310586913,0.0642227745015445,0.0479583122718337,0.0497026116259477,0.0250825610783487,0.0256057848918843,0.0236772254984554,0.0185187026116259,0.0149621173827576,0.0126031732659365,0.0497,0.0642,0.048,0.0502,0.0243,0.0255,0.0235,0.0184,0.0143,0.0127,0.00169900299504445,0.00160174548072337,0.00155283485152171,0.00128763441167173,0.0177313348285532,0.0163220892274211,0.622718196267058,0.628088414669036
10,04/23/2024,04/20/2024,3,Sentinel-2B,Sentinel-2,16.398731,30,SCL_class6_OR_MNDWI_gt_0,29,9.01,0.0463940118077031,0.0584534298566207,0.0435426201855496,0.0455589822884453,0.0236961906100646,0.0236856199044138,0.0232692156311498,0.0181521225752038,0.0138707899915659,0.0119605144784931,0.0462,0.0588,0.0438,0.0463,0.0237,0.024,0.0234,0.0185,0.0136,0.0119,0.00180009908565978,0.0019760516247762,0.0014151045221324,0.00146807484735346,0.0223369340107434,0.0262008733624454,0.616614048773229,0.619921386241912
11,04/23/2024,04/20/2024,3,Sentinel-2B,Sentinel-2,16.398731,30,SCL_class6_OR_MNDWI_gt_0,31,9.9,0.0319829799185507,0.0339306277208257,0.0226654823760707,0.0240498665917708,0.0135477039741609,0.0143468613958713,0.0152839348406122,0.0112337593034686,0.00796258952394326,0.00625660721808734,0.032,0.033,0.0218,0.0231,0.0128,0.0136,0.0149,0.0112,0.0082,0.0062,0.00413838909577289,0.00600743729135585,0.00422413165531278,0.00226869846297848,0.0288558943900435,0.0271739130434782,0.618101153509651,0.619223654270172
1,05/21/2024,05/20/2024,1,Sentinel-2B,Sentinel-2,20.741975,30,SCL_class6_OR_MNDWI_gt_0,18,2.42,0.0543498230436492,0.0774515336217066,0.0563048171451042,0.063565847424302,0.0866195831694848,0.0945607353519465,0.0769404246952418,0.0919766810853322,0.0688146677152969,0.0446187573731812,0.0484,0.0766,0.0587,0.0677,0.1028,0.1001,0.0724,0.0927,0.0795,0.0461,0.011935810833241,0.0178898032892593,0.0193437200706802,0.0414352168011466,0.052714526974098,0.0525615435795076,-0.000410068910093218,0.0101010100916028
2,05/21/2024,05/20/2024,1,Sentinel-2B,Sentinel-2,20.741975,30,SCL_class6_OR_MNDWI_gt_0,29,2.73,0.0396804350877192,0.0536282385964912,0.0264225684210526,0.0223989333333333,0.0136817824561403,0.0153937263157894,0.0136187087719298,0.0134043649122807,0.00937181754385965,0.00669016140350877,0.0396,0.0537,0.0264,0.0223,0.0135,0.0159,0.0136,0.0132,0.0094,0.0066,0.00149710779435498,0.00100068941752476,0.00067789981336153,0.000938716709472102,-0.0822910028921992,-0.0806451612903225,0.702513950105298,0.702660381793975
3,05/21/2024,05/20/2024,1,Sentinel-2B,Sentinel-2,20.741975,30,SCL_class6_OR_MNDWI_gt_0,29,2.62,0.0342974877192982,0.0488441403508771,0.0225068350877193,0.0190901052631578,0.0141101192982456,0.0147851789473684,0.0137910315789473,0.0127889824561403,0.00727504561403508,0.00547935438596491,0.0346,0.0488,0.0225,0.0189,0.0141,0.0146,0.0137,0.0127,0.0069,0.0057,0.00122202342874602,0.000544609297169618,0.000540511054246153,0.000488999074768874,-0.0823775891564387,-0.0891566265060241,0.741224026521047,0.750452101230621
4,05/21/2024,05/20/2024,1,Sentinel-2B,Sentinel-2,20.741975,30,SCL_class6_OR_MNDWI_gt_0,26,2.65,0.034690047793084,0.0479228422828226,0.0230998594321057,0.0199068597132414,0.0143677677818386,0.0156682878830475,0.0151008574641551,0.0136663761596851,0.00769239527691875,0.00638678661793646,0.03445,0.048,0.0229,0.0199,0.0143,0.0157,0.0151,0.0136,0.0078,0.0064,0.00161644653740368,0.0013324855539477,0.00125398772206927,0.000680671440173167,-0.073877150110887,-0.0730593607305935,0.723551624178852,0.718918919563293
5,05/21/2024,05/20/2024,1,Sentinel-2B,Sentinel-2,20.741975,30,SCL_class6_OR_MNDWI_gt_0,30,3.78,0.0358991439797923,0.0549871175975301,0.0272491018804378,0.0234897417906258,0.0113273365141734,0.0123801010384507,0.0113766348582655,0.0107693236037047,0.00823356721863598,0.00570319955094022,0.036,0.0549,0.0274,0.0234,0.0114,0.0125,0.0113,0.0108,0.0083,0.0056,0.00103270948910544,0.00109249968217512,0.000896716231591512,0.000698323388950717,-0.0740409062246353,-0.0732673267326733,0.739473612454711,0.737439215183258
6,05/21/2024,05/20/2024,1,Sentinel-2B,Sentinel-2,20.741975,30,SCL_class6_OR_MNDWI_gt_0,27,2.44,0.0332087310499719,0.0486407916900617,0.0226137282425603,0.0200608506457046,0.0154709292532285,0.0181802217855137,0.0162457888826501,0.016131035934868,0.00822215047725996,0.00535836608646827,0.0331,0.0486,0.0223,0.02,0.0154,0.018,0.0161,0.0156,0.008,0.0053,0.000928692164176453,0.000946222001867348,0.000893199424887822,0.000389928064837197,-0.0597411771537795,-0.057471264367816,0.711026171564319,0.722522497177124
7,05/21/2024,05/20/2024,1,Sentinel-2B,Sentinel-2,20.741975,30,SCL_class6_OR_MNDWI_gt_0,27,2.11,0.0328919859649123,0.0446013894736842,0.0224861192982456,0.0182901754385965,0.00965587368421053,0.0110827649122807,0.010079045614035,0.0101967017543859,0.00811879298245614,0.00554129122807017,0.0328,0.0448,0.0228,0.0184,0.01,0.0112,0.0098,0.0104,0.0081,0.0056,0.00141043533930666,0.000858093078364587,0.000835051726218149,0.000893322277432967,-0.102661663564602,-0.108958837772397,0.692087542759745,0.694656491279602
8,05/21/2024,05/20/2024,1,Sentinel-2B,Sentinel-2,20.741975,30,SCL_class6_OR_MNDWI_gt_0,28,2.22,0.0309575821398483,0.0432322521763549,0.0217055742768885,0.0186591406908171,0.0118348216793035,0.0153047739399045,0.0123930637461387,0.0119697276046054,0.00955593934288121,0.00520140409997191,0.031,0.0434,0.0215,0.0184,0.012,0.0152,0.0121,0.0119,0.0095,0.0052,0.00105182057909716,0.00143265042662144,0.00123674605975779,0.00117210346412434,-0.0748123478259881,-0.0751173708920187,0.638186031841086,0.641851127147674
9,05/21/2024,05/20/2024,1,Sentinel-2B,Sentinel-2,20.741975,30,SCL_class6_OR_MNDWI_gt_0,29,3.91,0.0300761303004773,0.0418105588317888,0.0216318449873631,0.0187554900308902,0.0109572311148553,0.0115695731536085,0.0122803004773939,0.0108047598989048,0.00910999719180005,0.0059543246279135,0.0302,0.0416,0.0217,0.0187,0.0105,0.0119,0.0123,0.0105,0.0094,0.0058,0.000973562539863204,0.000675422094653579,0.000685574132101259,0.00129679014682366,-0.0711334209230914,-0.0689655172413793,0.642397182865177,0.636726558208465
10,05/21/2024,05/20/2024,1,Sentinel-2B,Sentinel-2,20.741975,30,SCL_class6_OR_MNDWI_gt_0,29,8.01,0.0301075906662918,0.0394384172055102,0.0217475681754287,0.0199200590385156,0.0100514197357323,0.012709924093337,0.0121208883890919,0.0108633820635366,0.0101933089682316,0.00750944616249648,0.0304,0.0394,0.0217,0.0201,0.0093,0.0125,0.012,0.0115,0.0104,0.0076,0.00128264738116136,0.000996855937339686,0.000658954600317535,0.000756878878122161,-0.0442904441963897,-0.0464547677261614,0.589463830178528,0.581673324108123
11,05/21/2024,05/20/2024,1,Sentinel-2B,Sentinel-2,20.741975,30,SCL_class6_OR_MNDWI_gt_0,31,16.28,0.0282906614239573,0.0380014042971492,0.0220329588540935,0.0213491644431961,0.0125636006178907,0.0147735570846791,0.0134595421991293,0.014385297008847,0.010743547254599,0.00660198005898048,0.0283,0.0381,0.0222,0.0214,0.0125,0.0144,0.0131,0.0142,0.0108,0.0065,0.000875816847796674,0.0007504698493587,0.000732549323913834,0.00126612800493075,-0.0156408361881811,-0.0135746606334841,0.559731154047761,0.560975611209869
2,06/28/2024,06/24/2024,4,Sentinel-2A,Sentinel-2,21.972352,30,SCL_class6_OR_MNDWI_gt_0,29,11.52,0.0406750596491228,0.0796578947368421,0.0423732912280701,0.0517047298245614,0.0230998736842105,0.0256012771929824,0.0178385403508771,0.0233830175438596,0.0223583438596491,0.0191139649122807,0.0404,0.0796,0.0416,0.0509,0.023,0.0233,0.0169,0.021,0.021,0.0175,0.00191617434956516,0.00154526625545219,0.00229912354701157,0.00388636752720073,0.0984609321707564,0.0964125560538116,0.56884533402376,0.588638603687286
3,06/28/2024,06/24/2024,4,Sentinel-2A,Sentinel-2,21.972352,30,SCL_class6_OR_MNDWI_gt_0,29,13.45,0.0404993824561403,0.0795040842105263,0.0422497543859649,0.0509787087719298,0.0232106807017543,0.0245345263157894,0.0205971228070175,0.0195384842105263,0.0168980350877193,0.0151747789473684,0.04,0.0802,0.0414,0.0495,0.022,0.025,0.0217,0.0192,0.0169,0.0151,0.00284745333368517,0.00328951058743948,0.00293831954691958,0.00257584591233449,0.0940716633596737,0.0933609958506224,0.64932896677653,0.648283064365387
4,06/28/2024,06/24/2024,4,Sentinel-2A,Sentinel-2,21.972352,30,SCL_class6_OR_MNDWI_gt_0,26,14.74,0.032848791116109,0.0699422125386561,0.0344626932808546,0.0430120607253303,0.0171324992971605,0.0161734607815574,0.0148592634242339,0.0119495361259488,0.00866955299409615,0.00770404835535563,0.0329,0.0702,0.0345,0.0433,0.0177,0.0162,0.015,0.012,0.0085,0.0077,0.0014131462233331,0.00109437101980746,0.00123297878586414,0.00113212895746524,0.110491709933303,0.111111111111111,0.779821053444752,0.785000026226043
5,06/28/2024,06/24/2024,4,Sentinel-2A,Sentinel-2,21.972352,30,SCL_class6_OR_MNDWI_gt_0,30,16.69,0.0329742632612966,0.0631148891383665,0.034347530171204,0.0467798203760875,0.0157160959865282,0.013630129104687,0.0134031293853494,0.0091201234914398,0.00955585181027224,0.00822674712321078,0.0327,0.0631,0.0343,0.0468,0.0157,0.0136,0.0134,0.0093,0.0093,0.0083,0.00117549516753081,0.00110264832713499,0.000876127844552537,0.000592696287223776,0.153226989231425,0.154589371980676,0.736996651858451,0.738028168678283
6,06/28/2024,06/24/2024,4,Sentinel-2A,Sentinel-2,21.972352,30,SCL_class6_OR_MNDWI_gt_0,27,13.55,0.0287773862998315,0.066063166760247,0.0299203958450308,0.0393058253790005,0.015345381807973,0.0151777091521617,0.0134524705221785,0.0107789865244244,0.00849104435710275,0.00518169567658618,0.0288,0.0661,0.0296,0.0394,0.0149,0.0151,0.0128,0.0108,0.0081,0.0052,0.0013813970781484,0.00108678304812419,0.000927421015164765,0.00145127539576349,0.135405145639908,0.133928571428571,0.772987641105486,0.778385758399963
7,06/28/2024,06/24/2024,4,Sentinel-2A,Sentinel-2,21.972352,30,SCL_class6_OR_MNDWI_gt_0,27,12.34,0.0331886596491228,0.0633776140350877,0.0339189333333333,0.0459399298245614,0.0161001684210526,0.0148118596491228,0.0115885754385964,0.0112808140350877,0.0112059508771929,0.00962275087719298,0.0332,0.063,0.0337,0.0459,0.0161,0.0147,0.0113,0.0118,0.0112,0.0098,0.00168984703165653,0.00137913115528748,0.00134544906858626,0.00103827967877544,0.150673667958783,0.150310559006211,0.699807009839175,0.698113203048706
8,06/28/2024,06/24/2024,4,Sentinel-2A,Sentinel-2,21.972352,30,SCL_class6_OR_MNDWI_gt_0,28,19.36,0.0090989750070205,0.0121849059253018,0.00650814377983712,0.00770574276888514,0.000738781241224375,0.00185050547598989,0.000745482912332838,0.000345155855096883,0.00531833754563325,0.0037828699803426,0.0093,0.0123,0.0064,0.0077,0.0008,0.0019,0.0007,0.0001,0.0053,0.0038,0.000921033968661624,0.000961716153126111,0.000681759428513722,0.000374876705569575,0.0849431684700566,0.0921985815602836,0.391349305491606,0.411764711141586
9,06/28/2024,06/24/2024,4,Sentinel-2A,Sentinel-2,21.972352,30,SCL_class6_OR_MNDWI_gt_0,29,16.16,0.0320878404942431,0.0548287278854254,0.0340835439483291,0.046438149396237,0.0188262707104745,0.0185899606852007,0.0170238837405223,0.0139676074136478,0.0134082139848357,0.0114762566694748,0.0318,0.0548,0.0339,0.0465,0.0188,0.0183,0.0171,0.0139,0.0129,0.0115,0.00181252085969384,0.00158434673537146,0.00160062413510429,0.000971630890511384,0.153665780896098,0.15605493133583,0.60786413653484,0.606707334518432
10,06/28/2024,06/24/2024,4,Sentinel-2A,Sentinel-2,21.972352,30,SCL_class6_OR_MNDWI_gt_0,29,18.89,0.0626022490863086,0.0848360978352544,0.0671591790834973,0.0810811498453753,0.0505283947146471,0.0501445178521225,0.046658546527973,0.0459428591509699,0.042353668822041,0.0368230671914534,0.0639,0.0869,0.0688,0.0786,0.0474,0.0475,0.0476,0.0472,0.0413,0.035,0.0123087693379937,0.0125983550253997,0.0121414268085135,0.0116522032537144,0.0959379621923455,0.0937746256895193,0.338815205597227,0.332770258188247
11,06/28/2024,06/24/2024,4,Sentinel-2A,Sentinel-2,21.972352,30,SCL_class6_OR_MNDWI_gt_0,31,21.9,0.0575889060525207,0.0765806487852829,0.0595036933015026,0.0765576323550063,0.0436559752843701,0.0441934419323128,0.0437849178486167,0.0366005617188597,0.0340425080747086,0.029268880775172,0.058,0.0772,0.06,0.0765,0.0442,0.0447,0.0449,0.0365,0.0345,0.0293,0.00367974176807396,0.00309105654965048,0.00289526507137196,0.00306229800879869,0.125485670906749,0.122884473877851,0.385679378032081,0.383378028869628
1,07/18/2024,07/19/2024,-1,Sentinel-2B,Sentinel-2,3.958743,30,SCL_class6_OR_MNDWI_gt_0,26,11.59,0.0273321498737019,0.0401728599494807,0.0218433483019927,0.0259065815324165,0.0152408925063149,0.0170222705585181,0.0149253438113948,0.0132840724108897,0.0055603003087286,0.00381660117878192,0.0273,0.0403,0.0219,0.0257,0.015,0.0172,0.015,0.0132,0.0052,0.0038,0.000803247845058789,0.000644698452514144,0.000666761581014718,0.000679377107678668,0.0852064883875536,0.0843881856540084,0.757668917630115,0.769230782985687
2,07/18/2024,07/19/2024,-1,Sentinel-2B,Sentinel-2,3.958743,30,SCL_class6_OR_MNDWI_gt_0,29,9.78,0.0265233684210526,0.0387217543859649,0.0210402245614035,0.0250328280701754,0.0135774315789473,0.0148353263157894,0.0117714947368421,0.00947087719298245,0.00351454035087719,0.00176314385964912,0.0265,0.0388,0.021,0.0252,0.0137,0.0146,0.0117,0.0096,0.0035,0.0019,0.00066253575498612,0.00088821053518592,0.000579823254056912,0.000437156523910148,0.0866962573710792,0.0842332613390928,0.833784487414778,0.834123194217681
3,07/18/2024,07/19/2024,-1,Sentinel-2B,Sentinel-2,3.958743,30,SCL_class6_OR_MNDWI_gt_0,29,10.12,0.0273527157894736,0.0405398175438596,0.0217207578947368,0.0263466105263157,0.0153763508771929,0.0167647438596491,0.0138962807017543,0.0119139368421052,0.00369519999999999,0.00245068070175438,0.0275,0.0404,0.0218,0.0263,0.0155,0.0168,0.0138,0.012,0.0037,0.0025,0.000859942204180505,0.00051013509203833,0.000489266480014576,0.000318102280158643,0.0963494986923047,0.0935550935550935,0.832906294981638,0.832199573516845
4,07/18/2024,07/19/2024,-1,Sentinel-2B,Sentinel-2,3.958743,30,SCL_class6_OR_MNDWI_gt_0,26,12.76,0.0264022771998875,0.0395205791397244,0.0205558897947708,0.0257299269046949,0.0146121731796457,0.0153319510823727,0.0132377846499859,0.0108378408771436,0.00316868147315153,0.00201997469777902,0.0264,0.0396,0.0204,0.0257,0.0145,0.0153,0.0132,0.0108,0.0032,0.002,0.000884816030756533,0.000701108589618675,0.00062323122495871,0.00048112294680339,0.1119785991823,0.111587982832618,0.851590093699673,0.848699748516082
5,07/18/2024,07/19/2024,-1,Sentinel-2B,Sentinel-2,3.958743,30,SCL_class6_OR_MNDWI_gt_0,30,14.25,0.0269047291608195,0.0347978108335672,0.0211070305921975,0.0288417064271681,0.0141776452427729,0.0163310833567218,0.0139535644120123,0.0109283188324445,0.00442062868369351,0.00256865001403311,0.0269,0.0347,0.021,0.0288,0.0142,0.016,0.0141,0.011,0.0044,0.0025,0.000849287282895885,0.000843280630764253,0.000589057627816645,0.0005719459958967,0.154865549136389,0.149700598802395,0.774528149947202,0.77319586277008
6,07/18/2024,07/19/2024,-1,Sentinel-2B,Sentinel-2,3.958743,30,SCL_class6_OR_MNDWI_gt_0,27,9.51,0.0257306569343065,0.0392348680516563,0.0203437535092644,0.0255026951151038,0.0170587029758562,0.0181117630544637,0.0162720522178551,0.0132604997192588,0.00436966591802358,0.0027205362156092,0.0257,0.0389,0.0203,0.0253,0.0169,0.0183,0.0163,0.0132,0.0045,0.0026,0.000737827605040468,0.00093145018723667,0.000476642348799708,0.000475085726146301,0.11243891391478,0.113043478260869,0.799547004179295,0.792626738548278
7,07/18/2024,07/19/2024,-1,Sentinel-2B,Sentinel-2,3.958743,30,SCL_class6_OR_MNDWI_gt_0,27,14.14,0.0244011228070175,0.0314624561403509,0.0179948771929824,0.0247889684210526,0.013233445614035,0.0136479578947368,0.0123978947368421,0.00947317894736842,0.00344881403508772,0.00254961403508772,0.0246,0.0316,0.0178,0.025,0.0131,0.0138,0.0124,0.0095,0.0035,0.0025,0.000869432118399571,0.000725339899510284,0.000482221653296575,0.000307295829817767,0.158775086299912,0.154394299287411,0.80244910531295,0.801699697971344
8,07/18/2024,07/19/2024,-1,Sentinel-2B,Sentinel-2,3.958743,30,SCL_class6_OR_MNDWI_gt_0,28,15.21,0.0250433305251333,0.0328889637742207,0.0191168211176635,0.0268634934007301,0.0167084807638303,0.0178814237573715,0.0158990873350182,0.0143766778994664,0.00684116821117663,0.0030882898062342,0.025,0.0328,0.019,0.027,0.0164,0.018,0.0156,0.0145,0.0066,0.0034,0.00100195599520461,0.00097841500313902,0.000759464096772032,0.000800318814024505,0.168691826577804,0.169892473118279,0.655891494649208,0.658792674541473
9,07/18/2024,07/19/2024,-1,Sentinel-2B,Sentinel-2,3.958743,30,SCL_class6_OR_MNDWI_gt_0,29,13.7,0.0264664560516708,0.0330520219039595,0.0196263830384723,0.0258007441729851,0.0164769025554619,0.0171746419545071,0.015976298792474,0.0124154591406908,0.00634327436113451,0.00366840775063184,0.0254,0.032,0.0185,0.026,0.0156,0.0171,0.0153,0.0118,0.0064,0.0035,0.00365069016002059,0.00347964353689805,0.00262913792538122,0.00304608284353121,0.138301197869084,0.147902869757174,0.676999230652302,0.676712334156036
10,07/18/2024,07/19/2024,-1,Sentinel-2B,Sentinel-2,3.958743,30,SCL_class6_OR_MNDWI_gt_0,29,18.46,0.0278271296035985,0.0333253303345515,0.0223052010120888,0.0319768625245993,0.0181575063255552,0.01983349732921,0.017286280573517,0.0147270171492831,0.00630098397526004,0.00405082935057632,0.0279,0.0333,0.0222,0.032,0.018,0.02,0.0172,0.0151,0.0064,0.0041,0.000777737197665685,0.000968345611006185,0.000937905679170463,0.000470585437495956,0.178287873898537,0.182994454713493,0.681862990860192,0.679197967052459
11,07/18/2024,07/19/2024,-1,Sentinel-2B,Sentinel-2,3.958743,30,SCL_class6_OR_MNDWI_gt_0,31,11.31,0.0310201937930066,0.0399879651734307,0.0269808594298553,0.0398889060525207,0.0236989889060525,0.0253587838786687,0.0232430557505968,0.0184833029068951,0.0101281982867574,0.00686301081308805,0.0308,0.0399,0.027,0.0401,0.0233,0.0255,0.0233,0.0185,0.01,0.0067,0.001412542301817,0.00130519652974929,0.000819265933708449,0.000679275490878204,0.193143946117455,0.195906432748537,0.596069801834724,0.60498958826065
1,08/30/2024,08/28/2024,2,Sentinel-2B,Sentinel-2,9.980597,30,SCL_class6_OR_MNDWI_gt_0,26,14.9,0.0343114369912994,0.05275,0.0277036626438394,0.0376115913555992,0.0244667134437272,0.0265747965197866,0.0218069744597249,0.0211603845074375,0.0109539713724389,0.00727176536626438,0.0344,0.0526,0.0278,0.0377,0.0247,0.0266,0.0218,0.0212,0.0105,0.0071,0.00113224001679056,0.000984322372267018,0.000643320252087176,0.000469498662493309,0.151773639145735,0.151145038167938,0.65639430415821,0.664596259593963
2,08/30/2024,08/28/2024,2,Sentinel-2B,Sentinel-2,9.980597,30,SCL_class6_OR_MNDWI_gt_0,29,17.2,0.0338142877192982,0.0512744421052631,0.0267749894736842,0.0371435228070175,0.0225031859649122,0.0241526596491228,0.0197921543859649,0.0178135017543859,0.0082650245614035,0.00553204210526315,0.0339,0.0512,0.0268,0.0371,0.0223,0.024,0.0197,0.0178,0.0082,0.0055,0.00105434946497473,0.000929359924466565,0.000539145402063401,0.000330854836312141,0.162270290432828,0.162420382165605,0.722317999772858,0.721088409423828
4,08/30/2024,08/28/2024,2,Sentinel-2B,Sentinel-2,9.980597,30,SCL_class6_OR_MNDWI_gt_0,26,11.62,0.0336680208040483,0.0473623980882766,0.0254549198763002,0.0355331037391059,0.0254929153781276,0.0276858166994658,0.0226461765532752,0.0229925217880236,0.00897329210008434,0.00662868990722519,0.0337,0.0474,0.0254,0.0355,0.0254,0.0276,0.0225,0.0231,0.0089,0.0066,0.000875403541772038,0.00115091936494962,0.000296428444123338,0.000351434086507989,0.165267367450033,0.166123778501628,0.681317533959422,0.681159436702728
5,08/30/2024,08/28/2024,2,Sentinel-2B,Sentinel-2,9.980597,30,SCL_class6_OR_MNDWI_gt_0,30,12.31,0.0342287678922256,0.0486230002806623,0.0280797221442604,0.0353172046028627,0.0221642576480493,0.0249255543081672,0.0190940218916643,0.0185099214145383,0.00910674992983441,0.00525465899522873,0.0341,0.0485,0.0282,0.0351,0.0224,0.025,0.0189,0.0184,0.0089,0.0054,0.000893737470774554,0.000996488278350003,0.000501652823729347,0.000502051347529021,0.114209013069406,0.114285714285714,0.68461923366044,0.689285695552825
6,08/30/2024,08/28/2024,2,Sentinel-2B,Sentinel-2,9.980597,30,SCL_class6_OR_MNDWI_gt_0,27,19.77,0.0343717574396406,0.0517292953396968,0.0271243683323975,0.0383294918585064,0.0268093486805165,0.030134222346996,0.0241361313868613,0.0245061061201572,0.0100289023020774,0.00627567377877596,0.0343,0.0516,0.0272,0.0383,0.0271,0.03,0.024,0.0247,0.0102,0.0063,0.000879955105476754,0.000703391743717562,0.000709624217098392,0.000491658819774146,0.171280680633648,0.167682926829268,0.675269556114139,0.671497583389282
7,08/30/2024,08/28/2024,2,Sentinel-2B,Sentinel-2,9.980597,30,SCL_class6_OR_MNDWI_gt_0,27,14.12,0.0341845754385965,0.046914498245614,0.0258618245614035,0.0369091789473684,0.0246421894736842,0.0273061754385965,0.0221983298245614,0.0209692771929824,0.00881974736842106,0.00510513684210526,0.034,0.0467,0.0259,0.0369,0.0245,0.0272,0.0222,0.0208,0.0088,0.005,0.00126238174961314,0.00118489579800347,0.000937424894110822,0.000354551050185789,0.176141386055746,0.17329093799682,0.683535347244196,0.681901276111602
8,08/30/2024,08/28/2024,2,Sentinel-2B,Sentinel-2,9.980597,30,SCL_class6_OR_MNDWI_gt_0,28,17.21,0.0324093232238135,0.0460941027801179,0.0254585509688289,0.0381576523448469,0.0245844706543105,0.027539146307217,0.0223633108677337,0.0220897079472058,0.00918795282224094,0.00471767761864644,0.0321,0.046,0.0255,0.0385,0.0247,0.0277,0.0223,0.0223,0.0093,0.0049,0.00111238390818278,0.000844489943875991,0.000648339716317691,0.000286872651828884,0.199648150957581,0.2,0.667566387841153,0.668449223041534
9,08/30/2024,08/28/2024,2,Sentinel-2B,Sentinel-2,9.980597,30,SCL_class6_OR_MNDWI_gt_0,29,20.21,0.0321782645324347,0.0433669615276607,0.0249227885425442,0.0370865768042684,0.0231608396517832,0.0250984414490311,0.0208401151361976,0.0191000561639988,0.00985564448188711,0.00569587194608256,0.0324,0.0436,0.0251,0.0374,0.0231,0.025,0.0205,0.0183,0.0099,0.0054,0.00117459229650992,0.000984855597012227,0.000669782650603166,0.00128544398192908,0.196139965167638,0.196825396825396,0.629697498897594,0.631970286369323
10,08/30/2024,08/28/2024,2,Sentinel-2B,Sentinel-2,9.980597,30,SCL_class6_OR_MNDWI_gt_0,29,19.02,0.0310070705650829,0.0410116109080685,0.0241033595726735,0.0372743463592915,0.0227137334832724,0.0251840314872083,0.0196434635929153,0.0189276637615968,0.00961342423390497,0.00645126511104863,0.0313,0.041,0.0239,0.0371,0.023,0.0253,0.0196,0.019,0.0094,0.0064,0.000976245812206169,0.000826176961060077,0.000708282913036202,0.000356592407470097,0.214703597853385,0.217105263157894,0.620364046587781,0.62992125749588
11,08/30/2024,08/28/2024,2,Sentinel-2B,Sentinel-2,9.980597,30,SCL_class6_OR_MNDWI_gt_0,31,27.29,0.0342004493750877,0.0465764780227496,0.0274891869119505,0.0400759724757758,0.0260293919393343,0.0291655525909282,0.0235591489959275,0.0227220053363291,0.0114426765903665,0.00782005336329167,0.0341,0.0468,0.0274,0.0401,0.0259,0.0287,0.0233,0.0228,0.0113,0.0082,0.00105264149182021,0.000910454941110636,0.000549012925628846,0.00104665365377853,0.186322468712608,0.187227866473149,0.605706971233404,0.611015498638153
2,10/04/2024,10/02/2024,2,Sentinel-2A,Sentinel-2,28.585896,30,SCL_class6_OR_MNDWI_gt_0,29,7.09363,0.0193542035087719,0.0247500350877193,0.0184767859649122,0.0241709754385964,0.013400547368421,0.0139412350877192,0.0128449122807017,0.0120987368421052,0.0121412210526315,0.00993385263157894,0.0185,0.0235,0.0171,0.0236,0.0137,0.013,0.0097,0.0109,0.0091,0.0081,0.00407394785553368,0.00404315307667502,0.00359257723329228,0.00759875920780599,0.132309567897586,0.111111111111111,0.374503363413246,0.433021813631057
3,10/04/2024,10/02/2024,2,Sentinel-2A,Sentinel-2,28.585896,30,SCL_class6_OR_MNDWI_gt_0,29,10.270195,0.0187421894736842,0.0252149894736842,0.0167185684210526,0.0209807719298245,0.00957917192982456,0.00845207017543859,0.00858056140350877,0.00742888421052631,0.00489055438596491,0.00276496842105263,0.0185,0.0253,0.0168,0.0212,0.0097,0.008,0.0086,0.0075,0.005,0.003,0.00118310540809289,0.00148616289238009,0.000665883408290314,0.000518022398847255,0.112020816184834,0.11340206185567,0.674430744555958,0.672354936599731
4,10/04/2024,10/02/2024,2,Sentinel-2A,Sentinel-2,28.585896,30,SCL_class6_OR_MNDWI_gt_0,10,8.727292,0.0323181682799702,0.0334549143708116,0.0284901340282948,0.0269687639612807,0.0232068503350707,0.0226887192851824,0.0382767311988086,0.0225842516753536,0.0290552122114668,0.0195400223380491,0.0213,0.02,0.0164,0.0189,0.0153,0.0148,0.0205,0.0152,0.0199,0.0136,0.0245417114317645,0.0241858243605629,0.021902741837496,0.0369726777499277,0.0131979751155421,0.015015015015015,-0.0674860217561186,-0.071960300207138
5,10/04/2024,10/02/2024,2,Sentinel-2A,Sentinel-2,28.585896,30,SCL_class6_OR_MNDWI_gt_0,30,13.204736,0.0244028487229862,0.0373434746000561,0.0248880016839741,0.0370033960145944,0.0165805781644681,0.0168077603143418,0.0160638506876227,0.011855655346618,0.0109575077182149,0.00863196744316587,0.0238,0.0371,0.0244,0.0371,0.0159,0.0164,0.0156,0.0114,0.0108,0.009,0.00196034010654606,0.00135240115679079,0.00142877181134334,0.0021172938703291,0.196157797669625,0.19870759289176,0.547410825640172,0.546218514442443
6,10/04/2024,10/02/2024,2,Sentinel-2A,Sentinel-2,28.585896,30,SCL_class6_OR_MNDWI_gt_0,7,15.231687,0.171743444444444,0.171909444444444,0.163632166666666,0.166777888888888,0.183655222222222,0.187739111111111,0.230104777777777,0.185187055555555,0.188238833333333,0.145440277777777,0.1488,0.148,0.1444,0.1662,0.1795,0.187,0.202,0.1816,0.1829,0.1367,0.0712057323993693,0.0686561381532813,0.0685578319853437,0.0811115432535937,0.0251759585510645,-0.00709891150023663,-0.0844885550409224,-0.0750802159309387
7,10/04/2024,10/02/2024,2,Sentinel-2A,Sentinel-2,28.585896,30,SCL_class6_OR_MNDWI_gt_0,27,22.250383,0.0169859929824561,0.0239392561403508,0.0172776280701754,0.023321249122807,0.00912169824561403,0.00918851929824562,0.00670868771929824,0.00565590175438596,0.00465943859649123,0.0048651649122807,0.0169,0.0243,0.0176,0.0236,0.0094,0.0092,0.0068,0.005,0.0049,0.0046,0.00175572744899986,0.00181969864400863,0.0012191318956024,0.000536819879466484,0.147882608417766,0.155131264916467,0.673055040075068,0.668831169605255
8,10/04/2024,10/02/2024,2,Sentinel-2A,Sentinel-2,28.585896,30,SCL_class6_OR_MNDWI_gt_0,25,29.662368,0.0816241608613046,0.0796297023432552,0.0683057948068397,0.0775669411019632,0.0831788157061431,0.0846503483217226,0.113393366054464,0.0821463901203293,0.0988649303356554,0.0713013457884737,0.0588,0.0615,0.0469,0.0667,0.0671,0.0656,0.0857,0.0715,0.0837,0.0624,0.0635464068535743,0.0616506285450522,0.0581568439308737,0.0940564227259361,0.0822390872719625,0.0720941638057871,-0.131005525893349,-0.121232420206069
9,10/04/2024,10/02/2024,2,Sentinel-2A,Sentinel-2,28.585896,30,SCL_class6_OR_MNDWI_gt_0,1,13.930808,0.438730890052356,0.434517277486911,0.438902617801047,0.439302094240837,0.472075392670157,0.47142670157068,0.463367015706806,0.483067015706806,0.420965445026178,0.374346073298429,0.4344,0.4312,0.436,0.435,0.469,0.468,0.4599,0.4807,0.4177,0.3721,0,0,0,0,0.000265154298203265,-0.00114810562571756,-0.0792057430302335,-0.0739886164665222
10,10/04/2024,10/02/2024,2,Sentinel-2A,Sentinel-2,28.585896,30,SCL_class6_OR_MNDWI_gt_0,29,19.860396,0.0257644784931121,0.0394585184143941,0.0280752600506044,0.0400386280573517,0.0242098538093899,0.0249757239246555,0.0230257801518133,0.0229885015462468,0.0226139865054821,0.0173071127354512,0.0238,0.0371,0.0259,0.0353,0.018,0.0196,0.0179,0.018,0.0178,0.0144,0.00516424412283977,0.00564348455786098,0.00542244860467966,0.0110893056215282,0.175130856235761,0.174496644295302,0.306448578179963,0.367673188447952
11,10/04/2024,10/02/2024,2,Sentinel-2A,Sentinel-2,28.585896,30,SCL_class6_OR_MNDWI_gt_0,31,26.75808,0.0118426485044235,0.0140738379441089,0.0100553854795674,0.0131977671675326,0.0065867855638253,0.00826393764920657,0.00714304170762533,0.00609751439404578,0.00862436455553995,0.00730460609464962,0.0118,0.0142,0.0102,0.0138,0.0063,0.0084,0.0071,0.0059,0.009,0.0073,0.000894462092524676,0.00095915545577632,0.00079586600977494,0.000903755604988648,0.134921829239138,0.138888888888888,0.23999320726024,0.234782606363296
