location,Field_Date,Satellite_Date,Days Gaps,Satellite,Sensor,Scene_Cloud_Pct,Buffer_m,Water_Mask,valid_pixels,Target Variable(Chlorophyll-a),mean_SR_B2,mean_SR_B3,mean_SR_B4,mean_SR_B5,mean_SR_B6,mean_SR_B7,med_SR_B2,med_SR_B3,med_SR_B4,med_SR_B5,med_SR_B6,med_SR_B7,sd_SR_B2,sd_SR_B3,sd_SR_B4,sd_SR_B5,sd_SR_B6,sd_SR_B7,mean_ST_B10_K,med_ST_B10_K,mean_NDCI_L8,med_NDCI_L8,mean_MNDWI,med_MNDWI
1,04/23/2025,04/27/2025,-4,LANDSAT_8,Landsat_8_9,0.12,30,QA_PIXEL_AND_MNDWI_gt_0,3,2.585933,0.0194837897077509,0.0505094853875476,0.0317342884371029,0.0162624809402795,0.0115758799237611,0.00873534307496822,0.0191474999999999,0.0504974999999999,0.0314949999999999,0.0162599999999999,0.0114749999999999,0.00869749999999999,0.00100949932584862,0.000882955107704812,0.000757124494386452,0.000770109119252305,0.000322531221572208,0.000318335514826727,289.347180240787,289.33022912,-0.322858426043012,-0.327160813117467,0.627302234340243,0.629674452378071
2,04/23/2025,04/27/2025,-4,LANDSAT_8,Landsat_8_9,0.12,30,QA_PIXEL_AND_MNDWI_gt_0,2,2.464921,0.0157781186224489,0.0495265465561224,0.0300139285714285,0.013213287627551,0.00957585140306122,0.00690786033163264,0.0157924999999999,0.0497275,0.0299274999999999,0.0131524999999999,0.009495,0.00688249999999998,0.000756249999999999,0.00042624999999989,0.000137500000000084,0.000123750000000045,0.000192500000000014,0.000192499999999996,289.773228926428,289.75235459,-0.388715540587107,-0.385468987267843,0.676113975631305,0.675153865609982
3,04/23/2025,04/27/2025,-4,LANDSAT_8,Landsat_8_9,0.12,30,QA_PIXEL_AND_MNDWI_gt_0,3,2.85821,0.0219268333333333,0.0525420125786163,0.0338561257861635,0.0169087232704402,0.0131475188679245,0.0103842704402515,0.0218424999999999,0.0521475,0.033585,0.0163149999999999,0.01274,0.0102374999999999,0.00111238170407263,0.00103294952549606,0.00122579962564117,0.00111690482534946,0.00104652666261092,0.000779220586369621,289.967988658037,289.97281688,-0.334694575098946,-0.346092184368737,0.600225703123972,0.607320362165286
4,04/23/2025,04/27/2025,-4,LANDSAT_8,Landsat_8_9,0.12,30,QA_PIXEL_AND_MNDWI_gt_0,3,2.646439,0.0234729114321608,0.0509432694723618,0.0320880810301507,0.0146094472361809,0.00953531721105527,0.00729586369346733,0.0230937499999999,0.0505937499999999,0.0316049999999999,0.0141975,0.00930249999999999,0.00701999999999999,0.000987195100609111,0.000771417346332022,0.000909673323537322,0.000753230081419719,0.000779112743232114,0.000509224628452139,289.857742108668,289.8566042,-0.375014557351132,-0.376311020811597,0.685284422997904,0.68930822861437
5,04/23/2025,04/27/2025,-4,LANDSAT_8,Landsat_8_9,0.12,30,QA_PIXEL_AND_MNDWI_gt_0,3,2.25315,0.0193966360759493,0.0556900569620253,0.0317563196202531,0.0129882658227847,0.0098397246835443,0.00770871835443037,0.0193125,0.0558325,0.0319075,0.0130424999999999,0.00977,0.0078725,0.000973653628806926,0.000822040989786007,0.0011393985986768,0.000855108017868061,0.000479654099904875,0.000415847528147824,290.464094519189,290.45817572,-0.420180058055033,-0.419688542825362,0.699881634318432,0.702145497503906
6,04/23/2025,04/27/2025,-4,LANDSAT_8,Landsat_8_9,0.12,30,QA_PIXEL_AND_MNDWI_gt_0,3,2.827957,0.0194278811944091,0.0491646759847522,0.0305861721728081,0.0145334053367217,0.0105852858958068,0.00795286848792884,0.0198349999999999,0.0495899999999999,0.0305324999999999,0.0146374999999999,0.0104025,0.00778999999999999,0.000744364941857565,0.000754456205930161,0.000417259578147148,0.000716174249436242,0.00046089285329914,0.000314618375531734,289.939492270775,289.93180064,-0.356937278381498,-0.351892849236218,0.646232367989307,0.653206650831353
7,04/23/2025,04/27/2025,-4,LANDSAT_8,Landsat_8_9,0.12,30,QA_PIXEL_AND_MNDWI_gt_0,3,4.764149,0.0254702805800756,0.0539037200504413,0.0373954665825977,0.0208083543505674,0.014624842370744,0.0114858543505674,0.0262425,0.054705,0.0379849999999999,0.02132,0.015215,0.0115849999999999,0.00127334205930691,0.000908564190846996,0.000994150251331382,0.00122085409538654,0.00114938449712104,0.000869916183702018,289.67330695092,289.67886716,-0.285556941874826,-0.286980987296444,0.573825780557406,0.56478832951945
8,04/23/2025,04/27/2025,-4,LANDSAT_8,Landsat_8_9,0.12,30,QA_PIXEL_AND_MNDWI_gt_0,3,3.342258,0.0257234027777777,0.0487866666666666,0.0335571180555555,0.0172680555555555,0.00977642361111111,0.00650302083333333,0.02462,0.0473625,0.0323199999999999,0.0160124999999999,0.00889,0.00556249999999999,0.00243312413484301,0.00302174825225393,0.00305097183970396,0.0030899145978849,0.00270824974229974,0.002473879375933,289.599195357954,289.6002527,-0.325126597348384,-0.337402369006362,0.671848851454103,0.683925158881827
9,04/23/2025,04/27/2025,-4,LANDSAT_8,Landsat_8_9,0.12,30,QA_PIXEL_AND_MNDWI_gt_0,2,5.550727,0.0138233185279187,0.0423514974619289,0.0266807201776649,0.0114510945431472,0.00874698604060913,0.00693781408629441,0.0140875,0.0426324999999999,0.02715,0.0121624999999999,0.00891749999999999,0.00704749999999998,0.000247499999999981,0.000151250000000049,0.000467500000000018,0.000673749999999994,0.000178749999999979,0.000096250000000007,289.932286449949,289.96598084,-0.401688467926338,-0.381240063593005,0.658151886396522,0.655705079605762
10,04/23/2025,04/27/2025,-4,LANDSAT_8,Landsat_8_9,0.12,30,QA_PIXEL_AND_MNDWI_gt_0,3,7.244895,0.0194075835475578,0.0442350642673521,0.0304245501285347,0.016061208226221,0.00971196015424164,0.00666391388174806,0.0199175,0.0443375,0.0302574999999999,0.0165349999999999,0.009935,0.00682749999999998,0.00114630990089453,0.000195746434620162,0.000382591673836303,0.000161915615882718,0.000577863642124079,0.000404373658335404,290.709786804087,290.69743712,-0.309371265067701,-0.304102430101907,0.640723858032386,0.633884564005711
11,04/23/2025,04/27/2025,-4,LANDSAT_8,Landsat_8_9,0.12,30,QA_PIXEL_AND_MNDWI_gt_0,2,11.782845,0.0341934725765306,0.0589374043367346,0.0482035299744897,0.0342105197704081,0.0260826913265306,0.0206751179846938,0.0335574999999999,0.0581975,0.0475825,0.0333924999999999,0.0254999999999999,0.0201925,0.00112749999999995,0.00142999999999998,0.00118249999999994,0.00137499999999997,0.00103125,0.000838749999999958,291.043729630969,291.073419319999,-0.170057641134882,-0.175239271380055,0.386697213770834,0.389459192529853
1,05/15/2025,05/05/2025,10,LANDSAT_9,Landsat_8_9,42.5,30,QA_PIXEL_AND_MNDWI_gt_0,3,1.587584,0.0289524555273189,0.0731218583227446,0.0439275158831003,0.0243251175349428,0.0194423125794155,0.0155228113087674,0.0294049999999999,0.07401,0.0441449999999999,0.0244,0.0197525,0.0159574999999999,0.00216376055103657,0.00138892394400201,0.00110366057584152,0.000922241381996455,0.000774895154198301,0.000764414263777611,293.986249883659,293.9924084,-0.287796907296374,-0.288058939382886,0.580308363122359,0.578669510731902
2,05/15/2025,05/05/2025,10,LANDSAT_9,Landsat_8_9,42.5,30,QA_PIXEL_AND_MNDWI_gt_0,2,2.737198,0.0202358896683673,0.0669361862244898,0.0372057748724489,0.0180921173469387,0.0174386415816326,0.0150751498724489,0.0199999999999999,0.0671625,0.0371324999999999,0.0182674999999999,0.0174425,0.0151324999999999,0.00041249999999999,0.000165000000000206,0.000178749999999903,0.000055000000000014,0.000247499999999981,0.000288750000000032,293.79486951454,293.78220017,-0.345890503889815,-0.342104085559583,0.586762557237902,0.583824222431668
3,05/15/2025,05/05/2025,10,LANDSAT_9,Landsat_8_9,42.5,30,QA_PIXEL_AND_MNDWI_gt_0,3,2.404415,0.0468911949685534,0.0903022798742138,0.0618520251572327,0.0399185440251572,0.0385286698113207,0.0336281006289308,0.048545,0.09183,0.0638075,0.0418625,0.0404049999999999,0.0350425,0.00453899049593876,0.00468008383709325,0.00495948011948393,0.00512191139994523,0.00432408291497234,0.00353403236009833,293.605264967396,293.59591808,-0.217333907010234,-0.207674836755938,0.403323433899664,0.392423533813487
4,05/15/2025,05/05/2025,10,LANDSAT_9,Landsat_8_9,42.5,30,QA_PIXEL_AND_MNDWI_gt_0,3,2.495174,0.0230277983668341,0.0636593247487437,0.035223391959799,0.0152845445979899,0.0168197424623115,0.0157487280150753,0.0223374999999999,0.0630925,0.0344649999999999,0.01459625,0.01604,0.01516,0.000943409890886376,0.000988045910989118,0.000937244039132239,0.00123072528300276,0.000817942031360826,0.000577863642124064,293.090587869371,293.07296102,-0.397520165372439,-0.402915948327133,0.582915345511208,0.594744820616473
6,05/15/2025,05/05/2025,10,LANDSAT_9,Landsat_8_9,42.5,30,QA_PIXEL_AND_MNDWI_gt_0,3,2.585933,0.0134748475222363,0.0517562452350699,0.0224145489199491,0.00105512071156289,0.00267503494282083,0.00344615311308767,0.0144175,0.05201,0.0232175,0.0017675,0.002895,0.00339,0.00126864812125172,0.000572898333039908,0.00121277459662636,0.000979332964601708,0.00041158231254514,0.000180096424790223,293.793277247522,293.81808938,-0.85668211902281,-0.858515109065438,0.902499138649985,0.894545123394954
7,05/15/2025,05/05/2025,10,LANDSAT_9,Landsat_8_9,42.5,30,QA_PIXEL_AND_MNDWI_gt_0,3,2.85821,0.0073845397225725,0.04261460592686,0.018300791298865,0.00214240857503152,0.00444124211853719,0.00472831021437578,0.00817499999999998,0.0426874999999999,0.0189824999999999,0.00217999999999998,0.00341749999999999,0.00418749999999998,0.00133260761499984,0.00153129982912114,0.00131086538422356,0.00162138615251135,0.00305537527245927,0.00222782062164398,293.740492136544,293.746310959999,-0.802831306446413,-0.793975191966923,0.817904192641342,0.851751436937425
8,05/15/2025,05/05/2025,10,LANDSAT_9,Landsat_8_9,42.5,30,QA_PIXEL_AND_MNDWI_gt_0,3,1.95062,0.0212314930555555,0.0460654513888889,0.0248618055555555,0.0103809027777777,0.00584347222222221,0.00532138888888888,0.0211,0.0459874999999999,0.024785,0.0105125,0.00589249999999999,0.00539749999999999,0.00134290884525594,0.000270688422770948,0.000149503808944425,0.000568628955373266,0.000305677753343103,0.000123665094329658,293.329731141136,293.336148559999,-0.41151352235024,-0.40527544020932,0.774985447374485,0.77077558959397
9,05/15/2025,05/05/2025,10,LANDSAT_9,Landsat_8_9,42.5,30,QA_PIXEL_AND_MNDWI_gt_0,2,3.856559,0.028588654822335,0.0503322557106599,0.0295009708121827,0.0126513229695431,0.00512654822335025,0.00356627220812182,0.0283049999999999,0.0502225,0.0295425,0.0126024999999999,0.0049025,0.00352749999999998,0.000275000000000169,0.000192499999998676,0.000220000000000056,0.000109999999999904,0,0.0000412499999999695,293.383571418705,293.407926979999,-0.399834888077121,-0.401945663779808,0.815306611809971,0.821060315722237
10,05/15/2025,05/05/2025,10,LANDSAT_9,Landsat_8_9,42.5,30,QA_PIXEL_AND_MNDWI_gt_0,3,5.248197,0.0153290649100257,0.0411119055269922,0.0244239652956298,0.0155110668380462,0.0108711664524421,0.00838107326478148,0.0136475,0.0405699999999999,0.0238224999999999,0.01516,0.0108425,0.00822999999999998,0.0013124029064616,0.000925061559513126,0.000654374170911103,0.000570841240821139,0.000360892027558879,0.000433652126325541,293.898426030025,293.90353988,-0.224958694405529,-0.240804378261422,0.581991832554615,0.584641573671269
11,05/15/2025,05/05/2025,10,LANDSAT_9,Landsat_8_9,42.5,30,QA_PIXEL_AND_MNDWI_gt_0,2,9.665135,0.0275245822704081,0.0467290178571428,0.0327092091836734,0.026848306760204,0.0183898820153061,0.0138307397959183,0.0240424999999999,0.0436499999999999,0.0287175,0.0194499999999999,0.01813,0.0112825,0.0040425,0.00438625000000004,0.00500499999999998,0.0087175,0.00332749999999999,0.00365749999999999,294.605284672372,294.63841418,-0.131978453531525,-0.192401515544714,0.455085632175984,0.402439024390243
1,06/16/2025,06/22/2025,-6,LANDSAT_9,Landsat_8_9,10.47,30,QA_PIXEL_AND_MNDWI_gt_0,3,7.275148,0.0209812293519695,0.0695897681067344,0.0401866772554002,0.0373424015247776,0.0301035419313849,0.0240686372299872,0.0214574999999999,0.0690875,0.03958,0.0365,0.0296249999999999,0.0244824999999999,0.00199437681717594,0.00137028636504288,0.00152271550198974,0.00134090506333929,0.000793962460629483,0.000929320988679378,301.410858161118,301.4095118,-0.0366597553016588,-0.0389890584065339,0.396125032650803,0.393691319808641
2,06/16/2025,06/22/2025,-6,LANDSAT_9,Landsat_8_9,10.47,30,QA_PIXEL_AND_MNDWI_gt_0,2,5.520474,0.0196977455357142,0.0638379464285714,0.0348430548469387,0.0298177455357142,0.0220363329081632,0.0176561511479591,0.0192574999999999,0.0639175,0.0349875,0.0297349999999999,0.0218424999999999,0.0174425,0.00125124999999999,0.000302500000000099,0.000247500000000309,0.000371249999999953,0.00041249999999999,0.000357499999999959,301.216467785229,301.20101258,-0.0777170784800976,-0.0766384569966541,0.486827521514332,0.492079179141354
3,06/16/2025,06/22/2025,-6,LANDSAT_9,Landsat_8_9,10.47,30,QA_PIXEL_AND_MNDWI_gt_0,3,7.577678,0.0239703427672956,0.0705608081761006,0.0397763742138364,0.0324303805031446,0.0265771006289308,0.0219042452830188,0.02429,0.06961,0.03914,0.0322375,0.0259675,0.021155,0.00358537383762916,0.00219621549489123,0.00241321966813362,0.00238604653256289,0.0011762658665833,0.0010379808122825,300.831642851396,300.83870246,-0.102060130252448,-0.0980194357577591,0.453229990987896,0.456440274624579
4,06/16/2025,06/22/2025,-6,LANDSAT_9,Landsat_8_9,10.47,30,QA_PIXEL_AND_MNDWI_gt_0,3,4.703643,0.0108116834170854,0.0580125314070351,0.0310419064070351,0.025894915201005,0.0240560772613065,0.020964745603015,0.0108699999999999,0.0577024999999999,0.03133,0.0259675,0.02429,0.0212374999999999,0.000852943433059886,0.0000342985260397729,0.000553806273789787,0.000480179364635999,0.000952980704013579,0.000789504943338231,300.398112811608,300.3841058,-0.0904506156199416,-0.0907942808172842,0.413979910575422,0.407109077040427
5,06/16/2025,06/22/2025,-6,LANDSAT_9,Landsat_8_9,10.47,30,QA_PIXEL_AND_MNDWI_gt_0,3,6.851606,0.0276109556962025,0.0617783132911392,0.0411328101265822,0.0369922848101265,0.0261124493670886,0.0202594050632911,0.0277824999999999,0.0618549999999999,0.0408725,0.0366374999999999,0.0261875,0.0202749999999999,0.00218070356893262,0.00152337755223938,0.00134447222193522,0.00130849149787064,0.00086293346595594,0.000708981076381225,301.668242934177,301.61801102,-0.0530494480570844,-0.0522047338699989,0.405935119579312,0.405116846977312
6,06/16/2025,06/22/2025,-6,LANDSAT_9,Landsat_8_9,10.47,30,QA_PIXEL_AND_MNDWI_gt_0,3,8.969316,0.0190824714104193,0.0554374364675984,0.0291219282083862,0.022297420584498,0.0137123538754764,0.0107048252858958,0.0198899999999999,0.0546225,0.0284425,0.02198,0.0130149999999999,0.0102649999999999,0.00322051496917289,0.00314618375531723,0.00295650225021994,0.0030646841417818,0.00235777643601386,0.00194406825726075,301.854253965235,301.82992826,-0.136774635336326,-0.125783036690862,0.608458705978542,0.609920575453319
7,06/16/2025,06/22/2025,-6,LANDSAT_9,Landsat_8_9,10.47,30,QA_PIXEL_AND_MNDWI_gt_0,3,8.757545,0.0224673013871374,0.049415948928121,0.0290469451450189,0.0238262799495586,0.0122740258511979,0.00894510403530895,0.0233549999999999,0.0502225,0.0296249999999999,0.0244,0.0128224999999999,0.00944,0.00018287442564672,0.000517896386033351,0.000916024775259254,0.000819789098894767,0.000820813451535873,0.000740970647191912,300.904567231273,300.88997276,-0.0997115276922174,-0.0967144840351685,0.604394725096221,0.593227060036482
8,06/16/2025,06/22/2025,-6,LANDSAT_9,Landsat_8_9,10.47,30,QA_PIXEL_AND_MNDWI_gt_0,3,7.69869,0.0344585069444444,0.0596720138888888,0.0411224305555555,0.0378551736111111,0.0237232291666666,0.0177780208333333,0.034025,0.059985,0.0417249999999999,0.0377649999999999,0.0242624999999999,0.018405,0.00137138970472367,0.00236076817771008,0.00259826090341634,0.00253878607255952,0.00258873548067175,0.00211414416621846,301.48558863909,301.43001992,-0.0419364409742535,-0.0457977559805235,0.433998347091887,0.433995276003849
9,06/16/2025,06/22/2025,-6,LANDSAT_9,Landsat_8_9,10.47,30,QA_PIXEL_AND_MNDWI_gt_0,2,7.940714,0.0273274936548223,0.0583130837563451,0.0403691941624365,0.0396480171319797,0.0295821446700507,0.0242185628172588,0.0257199999999999,0.0572075,0.0391674999999999,0.0387825,0.0287175,0.02451,0.00258499999999998,0.00141625000000004,0.00166374999999996,0.00093499999999992,0.000550000000000042,0.000563750000000027,300.937838052766,301.02327554,-0.00876837783037861,-0.00493906350224498,0.326790380546104,0.331568228105906
10,06/16/2025,06/22/2025,-6,LANDSAT_9,Landsat_8_9,10.47,30,QA_PIXEL_AND_MNDWI_gt_0,3,6.912112,0.0291121143958868,0.0590430719794344,0.0425568573264781,0.0429762853470436,0.0303174839331619,0.0232273971722365,0.0286349999999999,0.0586924999999999,0.04211,0.0428524999999999,0.030175,0.0230249999999999,0.000722714789295717,0.000181490740504892,0.000214194226502167,0.000467949130663534,0.000538887743412303,0.000532456310153352,301.270550395629,301.2386108,0.00491754008817788,0.00422689249504871,0.321469371061834,0.319635861446971
11,06/16/2025,06/22/2025,-6,LANDSAT_9,Landsat_8_9,10.47,30,QA_PIXEL_AND_MNDWI_gt_0,2,7.123883,0.0216233769132653,0.0438763488520408,0.0279957653061224,0.029340950255102,0.0140334470663265,0.00906720663265306,0.0225575,0.0439249999999999,0.02792,0.0287999999999999,0.0130974999999999,0.0084225,0.0016225,0.00199375,0.00195249999999997,0.00144374999999998,0.00169125,0.0014025,302.490390869489,302.475934039999,0.0240294884773063,0.0162028743182452,0.516636965706204,0.516215965059009
1,06/30/2025,06/22/2025,8,LANDSAT_9,Landsat_8_9,10.47,30,QA_PIXEL_AND_MNDWI_gt_0,3,10.845002,0.0209812293519695,0.0695897681067344,0.0401866772554002,0.0373424015247776,0.0301035419313849,0.0240686372299872,0.0214574999999999,0.0690875,0.03958,0.0365,0.0296249999999999,0.0244824999999999,0.00199437681717594,0.00137028636504288,0.00152271550198974,0.00134090506333929,0.000793962460629483,0.000929320988679378,301.410858161118,301.4095118,-0.0366597553016588,-0.0389890584065339,0.396125032650803,0.393691319808641
2,06/30/2025,06/22/2025,8,LANDSAT_9,Landsat_8_9,10.47,30,QA_PIXEL_AND_MNDWI_gt_0,2,8.545774,0.0196977455357142,0.0638379464285714,0.0348430548469387,0.0298177455357142,0.0220363329081632,0.0176561511479591,0.0192574999999999,0.0639175,0.0349875,0.0297349999999999,0.0218424999999999,0.0174425,0.00125124999999999,0.000302500000000099,0.000247500000000309,0.000371249999999953,0.00041249999999999,0.000357499999999959,301.216467785229,301.20101258,-0.0777170784800976,-0.0766384569966541,0.486827521514332,0.492079179141354
3,06/30/2025,06/22/2025,8,LANDSAT_9,Landsat_8_9,10.47,30,QA_PIXEL_AND_MNDWI_gt_0,3,9.241593,0.0239703427672956,0.0705608081761006,0.0397763742138364,0.0324303805031446,0.0265771006289308,0.0219042452830188,0.02429,0.06961,0.03914,0.0322375,0.0259675,0.021155,0.00358537383762916,0.00219621549489123,0.00241321966813362,0.00238604653256289,0.0011762658665833,0.0010379808122825,300.831642851396,300.83870246,-0.102060130252448,-0.0980194357577591,0.453229990987896,0.456440274624579
4,06/30/2025,06/22/2025,8,LANDSAT_9,Landsat_8_9,10.47,30,QA_PIXEL_AND_MNDWI_gt_0,3,10.391207,0.0108116834170854,0.0580125314070351,0.0310419064070351,0.025894915201005,0.0240560772613065,0.020964745603015,0.0108699999999999,0.0577024999999999,0.03133,0.0259675,0.02429,0.0212374999999999,0.000852943433059886,0.0000342985260397729,0.000553806273789787,0.000480179364635999,0.000952980704013579,0.000789504943338231,300.398112811608,300.3841058,-0.0904506156199416,-0.0907942808172842,0.413979910575422,0.407109077040427
5,06/30/2025,06/22/2025,8,LANDSAT_9,Landsat_8_9,10.47,30,QA_PIXEL_AND_MNDWI_gt_0,3,10.209689,0.0276109556962025,0.0617783132911392,0.0411328101265822,0.0369922848101265,0.0261124493670886,0.0202594050632911,0.0277824999999999,0.0618549999999999,0.0408725,0.0366374999999999,0.0261875,0.0202749999999999,0.00218070356893262,0.00152337755223938,0.00134447222193522,0.00130849149787064,0.00086293346595594,0.000708981076381225,301.668242934177,301.61801102,-0.0530494480570844,-0.0522047338699989,0.405935119579312,0.405116846977312
6,06/30/2025,06/22/2025,8,LANDSAT_9,Landsat_8_9,10.47,30,QA_PIXEL_AND_MNDWI_gt_0,3,8.182738,0.0190824714104193,0.0554374364675984,0.0291219282083862,0.022297420584498,0.0137123538754764,0.0107048252858958,0.0198899999999999,0.0546225,0.0284425,0.02198,0.0130149999999999,0.0102649999999999,0.00322051496917289,0.00314618375531723,0.00295650225021994,0.0030646841417818,0.00235777643601386,0.00194406825726075,301.854253965235,301.82992826,-0.136774635336326,-0.125783036690862,0.608458705978542,0.609920575453319
7,06/30/2025,06/22/2025,8,LANDSAT_9,Landsat_8_9,10.47,30,QA_PIXEL_AND_MNDWI_gt_0,3,7.154136,0.0224673013871374,0.049415948928121,0.0290469451450189,0.0238262799495586,0.0122740258511979,0.00894510403530895,0.0233549999999999,0.0502225,0.0296249999999999,0.0244,0.0128224999999999,0.00944,0.00018287442564672,0.000517896386033351,0.000916024775259254,0.000819789098894767,0.000820813451535873,0.000740970647191912,300.904567231273,300.88997276,-0.0997115276922174,-0.0967144840351685,0.604394725096221,0.593227060036482
8,06/30/2025,06/22/2025,8,LANDSAT_9,Landsat_8_9,10.47,30,QA_PIXEL_AND_MNDWI_gt_0,3,6.367558,0.0344585069444444,0.0596720138888888,0.0411224305555555,0.0378551736111111,0.0237232291666666,0.0177780208333333,0.034025,0.059985,0.0417249999999999,0.0377649999999999,0.0242624999999999,0.018405,0.00137138970472367,0.00236076817771008,0.00259826090341634,0.00253878607255952,0.00258873548067175,0.00211414416621846,301.48558863909,301.43001992,-0.0419364409742535,-0.0457977559805235,0.433998347091887,0.433995276003849
9,06/30/2025,06/22/2025,8,LANDSAT_9,Landsat_8_9,10.47,30,QA_PIXEL_AND_MNDWI_gt_0,2,11.147532,0.0273274936548223,0.0583130837563451,0.0403691941624365,0.0396480171319797,0.0295821446700507,0.0242185628172588,0.0257199999999999,0.0572075,0.0391674999999999,0.0387825,0.0287175,0.02451,0.00258499999999998,0.00141625000000004,0.00166374999999996,0.00093499999999992,0.000550000000000042,0.000563750000000027,300.937838052766,301.02327554,-0.00876837783037861,-0.00493906350224498,0.326790380546104,0.331568228105906
10,06/30/2025,06/22/2025,8,LANDSAT_9,Landsat_8_9,10.47,30,QA_PIXEL_AND_MNDWI_gt_0,3,8.182738,0.0291121143958868,0.0590430719794344,0.0425568573264781,0.0429762853470436,0.0303174839331619,0.0232273971722365,0.0286349999999999,0.0586924999999999,0.04211,0.0428524999999999,0.030175,0.0230249999999999,0.000722714789295717,0.000181490740504892,0.000214194226502167,0.000467949130663534,0.000538887743412303,0.000532456310153352,301.270550395629,301.2386108,0.00491754008817788,0.00422689249504871,0.321469371061834,0.319635861446971
11,06/30/2025,06/22/2025,8,LANDSAT_9,Landsat_8_9,10.47,30,QA_PIXEL_AND_MNDWI_gt_0,2,9.937412,0.0216233769132653,0.0438763488520408,0.0279957653061224,0.029340950255102,0.0140334470663265,0.00906720663265306,0.0225575,0.0439249999999999,0.02792,0.0287999999999999,0.0130974999999999,0.0084225,0.0016225,0.00199375,0.00195249999999997,0.00144374999999998,0.00169125,0.0014025,302.490390869489,302.475934039999,0.0240294884773063,0.0162028743182452,0.516636965706204,0.516215965059009
5,07/16/2025,07/24/2025,-8,LANDSAT_9,Landsat_8_9,11.83,30,QA_PIXEL_AND_MNDWI_gt_0,3,6.518823,0.00827490506329113,0.0486425727848101,0.0216807025316455,0.0114332278481012,0.00710977531645569,0.00659340189873417,0.00847749999999999,0.048545,0.0223099999999999,0.0119974999999999,0.00726750000000001,0.00718499999999999,0.00180473951644613,0.000663935028615534,0.00116160150462863,0.00112813329098214,0.000498214868862377,0.000560142590973245,303.685004532405,303.665404999999,-0.312905158454799,-0.303485367046168,0.746156515295933,0.73527001183863
6,07/16/2025,07/24/2025,-8,LANDSAT_9,Landsat_8_9,11.83,30,QA_PIXEL_AND_MNDWI_gt_0,3,6.912112,0.014345378017789,0.047692045743329,0.0220090724269377,0.0112456003811944,0.00578229034307496,0.00541836086404065,0.0152424999999999,0.0477475,0.0220624999999999,0.0112549999999999,0.00561749999999999,0.0051775,0.000888835849112008,0.000450753997948527,0.000213408189991912,0.000246308862113322,0.000370995282988891,0.000466870491202387,303.839076898043,303.781617679999,-0.324411253383265,-0.318935884023314,0.784035844594009,0.789468752927949
8,07/16/2025,07/24/2025,-8,LANDSAT_9,Landsat_8_9,11.83,30,QA_PIXEL_AND_MNDWI_gt_0,3,8.485268,0.000900659722222214,0.0370404166666666,0.0145339930555555,0.0141648958333333,0.00757006944444443,0.00677572916666666,0.000282499999999991,0.0363624999999999,0.0142249999999999,0.0141699999999999,0.00704749999999998,0.006525,0.00422612164598543,0.00198830050266269,0.00240089682317994,0.0022606940306021,0.000495508997563783,0.000370995282988878,302.921661973863,302.90318654,-0.0129391241515886,-0.00193696073252331,0.663901196682153,0.67530522920986
11,07/16/2025,07/24/2025,-8,LANDSAT_9,Landsat_8_9,11.83,30,QA_PIXEL_AND_MNDWI_gt_0,0,14.414856,0.0130424999999999,0.0358125,0.0195049999999999,0.0168375,0.00756999999999999,0.006085,0.0130424999999999,0.0358125,0.0195049999999999,0.0168375,0.00756999999999999,0.006085,,,,,,,304.8275318,304.8275318,-0.0733989131182496,-0.0733989131182496,0.639261394838485,0.64215528867767
1,08/07/2025,08/09/2025,-2,LANDSAT_9,Landsat_8_9,1.91,30,QA_PIXEL_AND_MNDWI_gt_0,3,6.155787,0.0167748125794155,0.0482724459974587,0.025326753494282,0.0296711594663278,0.00845223634053366,0.00439663278271917,0.0168925,0.0484074999999999,0.025115,0.0295975,0.00833999999999998,0.00424249999999998,0.00139399655268187,0.000662033903126327,0.000514477890681522,0.00030650131411721,0.000240089682317999,0.000335304587899816,301.637654863024,301.64193716,0.0790250354801496,0.0819282613662325,0.702064976673959,0.705031013094418
2,08/07/2025,08/09/2025,-2,LANDSAT_9,Landsat_8_9,1.91,30,QA_PIXEL_AND_MNDWI_gt_0,2,5.762498,0.0164460459183673,0.0476069834183673,0.0256713488520408,0.0279505867346938,0.00836301020408163,0.00455924107142856,0.0165075,0.0474449999999999,0.0254175,0.0274387499999999,0.00774874999999999,0.00404999999999999,0.00030250000000001,0.000261250000000384,0.000206250000000126,0.000233749999999893,0.000123749999999963,0.000165000000000001,301.490493587627,301.4778722,0.0420530190925989,0.0409220691145086,0.703665241450692,0.717867990490928
3,08/07/2025,08/09/2025,-2,LANDSAT_9,Landsat_8_9,1.91,30,QA_PIXEL_AND_MNDWI_gt_0,3,5.58098,0.0191396477987421,0.0465358742138364,0.023677216981132,0.0208226132075471,0.00522983647798741,0.00283788993710692,0.0191474999999999,0.0464275,0.0236025,0.0207699999999999,0.0052875,0.00284,0.000123665094329695,0.0000978732173093428,0.000273160514472111,0.000284314477686625,0.000116672618895771,0.0000129636243218002,301.327315942943,301.32064328,-0.0641471099652049,-0.0629854300130396,0.797960924650986,0.799668482121714
4,08/07/2025,08/09/2025,-2,LANDSAT_9,Landsat_8_9,1.91,30,QA_PIXEL_AND_MNDWI_gt_0,3,7.154136,0.0150711432160803,0.0434665169597989,0.0206467682160804,0.018238307160804,0.00465983668341707,0.00267050879396984,0.015215,0.0437599999999999,0.0208524999999999,0.01824,0.00470999999999999,0.00267499999999999,0.000370542020409127,0.000343719443085927,0.000371900150876809,0.0000898146239020728,0.000113014256721086,0.000038890872965241,301.204847117512,301.20101258,-0.061854469097814,-0.0649060776349781,0.806377254707775,0.805763183669261
5,08/07/2025,08/09/2025,-2,LANDSAT_9,Landsat_8_9,1.91,30,QA_PIXEL_AND_MNDWI_gt_0,3,7.486919,0.021453496835443,0.0467979841772151,0.0271300189873417,0.026722914556962,0.00697095253164555,0.00330917088607594,0.021595,0.0469225,0.0271224999999999,0.02682,0.00701999999999999,0.00330749999999999,0.000401872353974401,0.000345183123702601,0.000371900150876809,0.000381712151583726,0.000110761254757978,0.000157709296562445,301.764410441189,301.77865796,-0.00758844035403097,-0.00650798707504684,0.740718012161517,0.740120314669134
6,08/07/2025,08/09/2025,-2,LANDSAT_9,Landsat_8_9,1.91,30,QA_PIXEL_AND_MNDWI_gt_0,3,7.09363,0.0160751524777636,0.043190711562897,0.0223243265565438,0.0221693900889453,0.0063012960609911,0.00335966963151206,0.01604,0.0427974999999999,0.0219524999999999,0.02209,0.00614,0.003335,0.000348092021677562,0.00063561431352321,0.000492617724226644,0.000208629789073487,0.000304851967719121,0.000097873217310289,301.684152095705,301.6829534,-0.00348945933847598,0.0031219844468414,0.745374255479131,0.748779861289494
7,08/07/2025,08/09/2025,-2,LANDSAT_9,Landsat_8_9,1.91,30,QA_PIXEL_AND_MNDWI_gt_0,3,10.693737,0.0160434331651954,0.0410739817150063,0.0211274306431273,0.0231757471626733,0.00579813997477931,0.00304113493064313,0.0159024999999999,0.0413399999999999,0.0211824999999999,0.0231075,0.00581000000000001,0.00306,0.000246308862113285,0.000561491070474017,0.000371900150876906,0.000234423050629829,0.0000934820244158675,0.0000777817459305183,300.97328538116,300.9651692,0.0463326758107379,0.0452674897119337,0.752548620228444,0.752116600578716
8,08/07/2025,08/09/2025,-2,LANDSAT_9,Landsat_8_9,1.91,30,QA_PIXEL_AND_MNDWI_gt_0,3,9.423111,0.0230799305555555,0.0440240277777777,0.0244829513888888,0.0296300694444444,0.00827288194444444,0.0045345486111111,0.0235475,0.0442549999999999,0.0245924999999999,0.02979,0.0080925,0.00437999999999999,0.000819584074732788,0.000700875444632333,0.000752895337274015,0.000746506679288489,0.000872327665247152,0.000738926586339938,300.2255951225,300.240548959999,0.0951932825922086,0.0955730244104265,0.684362416568329,0.690816180333349
9,08/07/2025,08/09/2025,-2,LANDSAT_9,Landsat_8_9,1.91,30,QA_PIXEL_AND_MNDWI_gt_0,2,11.540821,0.0241212658629441,0.0401809866751268,0.0233637246192893,0.0260121351522842,0.00613322969543147,0.00306157043147207,0.0243724999999999,0.0400474999999999,0.0231625,0.0260499999999999,0.00614,0.00303249999999999,0.0000412500000007087,0.0000550000000005069,0.000330000000000084,0.0000137500000011123,0.000123750000000018,0.0000549999999999986,301.005760356294,301.05745574,0.0536650990362811,0.0586741173482344,0.735264996284155,0.733492493629455
10,08/07/2025,08/09/2025,-2,LANDSAT_9,Landsat_8_9,1.91,30,QA_PIXEL_AND_MNDWI_gt_0,3,11.359303,0.0147862757069408,0.0342677988431876,0.0187929338046272,0.0274547975578406,0.00733702763496143,0.00398874357326477,0.0133175,0.033585,0.0181024999999999,0.0270124999999999,0.00721249999999998,0.00396749999999998,0.00190578505258768,0.00142263595327678,0.00130121471026966,0.000933650987610874,0.000382591673836327,0.0000850081695420524,300.857360983059,300.814776319999,0.187758104978693,0.197495289814917,0.647339460198149,0.647534952170713
11,08/07/2025,08/09/2025,-2,LANDSAT_9,Landsat_8_9,1.91,30,QA_PIXEL_AND_MNDWI_gt_0,2,18.710782,0.025829544005102,0.0424693239795918,0.028534400510204,0.0319883864795918,0.00844505420918366,0.00439890624999999,0.0253075,0.04222,0.0288275,0.0319349999999999,0.00861499999999998,0.00429750000000001,0.00074249999999998,0.000398749999999902,0.00048125000000007,0.00060500000000002,0.000288749999999986,0.000055000000000014,301.625919550969,301.563322699999,0.0570679519663382,0.056851128198664,0.668403023754344,0.66629545344502
4,08/27/2025,08/25/2025,2,LANDSAT_9,Landsat_8_9,37.21,30,QA_PIXEL_AND_MNDWI_gt_0,3,6.760847,0.00375169250645994,0.0253198643410852,0.0132664793281653,0.00851199935400516,0.00756545219638242,0.00695551356589146,0.00369249999999998,0.0261049999999999,0.0136199999999999,0.00850499999999998,0.00762499999999999,0.00715749999999998,0.000550152756564535,0.0012813019637159,0.000775328783305658,0.000373703313695056,0.000450753997948607,0.000589951740022473,298.871212425581,298.86992294,-0.217623178351116,-0.206403053111417,0.539818237701136,0.546859254282834
5,08/27/2025,08/25/2025,2,LANDSAT_9,Landsat_8_9,37.21,30,QA_PIXEL_AND_MNDWI_gt_0,3,10.149183,0.0176067689873417,0.031102829113924,0.0206226139240506,0.0130066107594936,0.00744562341772151,0.00585201582278481,0.0184874999999999,0.0311649999999999,0.0207424999999999,0.0132349999999999,0.00704749999999998,0.00581000000000001,0.00132248030861206,0.000806249892334237,0.000727350595578899,0.000934190826330469,0.000934550545568427,0.00066772104122072,298.736676405898,298.74003818,-0.227820331039253,-0.224615816433934,0.61589607092556,0.618796484110886
6,08/27/2025,08/25/2025,2,LANDSAT_9,Landsat_8_9,37.21,30,QA_PIXEL_AND_MNDWI_gt_0,3,4.764149,0.0112469980940279,0.0304240374841169,0.0151256512071156,0.00679996505717915,0.00343109275730622,0.00325714739517153,0.0113099999999999,0.0304224999999999,0.0150224999999999,0.006855,0.003445,0.003115,0.000342985260454286,0.000417259578147321,0.000585663204315308,0.000856776906006851,0.000675602611665242,0.000615055327231257,299.141709818754,299.14678256,-0.384656237740394,-0.373328762427151,0.799698256508087,0.796560124012696
7,08/27/2025,08/25/2025,2,LANDSAT_9,Landsat_8_9,37.21,30,QA_PIXEL_AND_MNDWI_gt_0,3,6.518823,-0.00589608764186633,0.0202984426229508,0.00806947351828498,0.00712136506935686,0.00804297919293821,0.00756420870113492,-0.00689500000000001,0.0192024999999999,0.006855,0.00594749999999999,0.00690999999999999,0.00677249999999998,0.0000788546482812443,0.000170016339084237,0.000201249568667591,0.000768361351622185,0.000597874708167747,0.000399355383364508,298.507030937654,298.46659658,-0.119552754177779,-0.197768133911965,0.455233501141813,0.470751555768309
8,08/27/2025,08/25/2025,2,LANDSAT_9,Landsat_8_9,37.21,30,QA_PIXEL_AND_MNDWI_gt_0,3,12.206387,0.0140112152777777,0.0326565625,0.0208112499999999,0.017205625,0.0140068055555555,0.0106229861111111,0.0138675,0.0323749999999999,0.0202199999999999,0.01593,0.0109799999999999,0.009055,0.00057348471838594,0.000657448772824816,0.000625889367220809,0.0012646013864719,0.00458463481521581,0.00263512570857634,298.2363074825,298.24100726,-0.0981343836544391,-0.118672199170124,0.413189564445218,0.49348402721716
9,08/27/2025,08/25/2025,2,LANDSAT_9,Landsat_8_9,37.21,30,QA_PIXEL_AND_MNDWI_gt_0,2,16.502313,-0.00290327728426396,0.0195200761421319,0.00766705266497462,0.00416659581218274,0.00339265228426395,0.00366964149746192,-0.00123,0.0203025,0.00847749999999999,0.0043525,0.00319749999999999,0.00347249999999998,0.00317624999999999,0.00151250000000001,0.00175999999999999,0.001045,0.0000825000000000006,0.000109999999999997,298.57325788939,298.58622728,-0.312937737809745,-0.321512081060014,0.702775013779625,0.716691792011261
10,08/27/2025,08/25/2025,2,LANDSAT_9,Landsat_8_9,37.21,30,QA_PIXEL_AND_MNDWI_gt_0,3,16.199783,0.0121825064267352,0.0318292769922879,0.0198678727506426,0.012444251285347,0.00689073586118251,0.00561661632390745,0.0111725,0.0315225,0.0198075,0.0122724999999999,0.00693749999999998,0.00539749999999999,0.00161983066673306,0.00069907478538094,0.00117412082948145,0.001022155266527,0.000688538105134503,0.000301526210395642,299.571794455629,299.594543179999,-0.230808312792678,-0.234881546134663,0.645367083704921,0.639235569422777
11,08/27/2025,08/25/2025,2,LANDSAT_9,Landsat_8_9,37.21,30,QA_PIXEL_AND_MNDWI_gt_0,2,19.467107,0.0249777104591836,0.0428650924744897,0.0314753220663265,0.0197583577806122,0.0101488616071428,0.00780578443877551,0.0245924999999999,0.04244,0.031275,0.0195049999999999,0.0102099999999999,0.0077075,0.000783749999999978,0.000907499999999941,0.00109999999999998,0.000577500000000019,0.0000687499999999437,0.000109999999999966,299.843805776275,299.77569824,-0.228711476837453,-0.231103347339596,0.617172752004521,0.620275944811037
1,09/19/2025,09/18/2025,1,LANDSAT_8,Landsat_8_9,0.04,30,QA_PIXEL_AND_MNDWI_gt_0,3,18.28724,0.00896778271918678,0.0348434307496823,0.0173442757306226,0.0104791645489199,0.00446361817026683,0.00250898665819567,0.00913749999999999,0.0349325,0.0172225,0.0104025,0.0044075,0.00248249999999999,0.000649734988711202,0.000412194331191667,0.000348574477933525,0.000272236110756807,0.000135344211385482,0.0000898146239020477,297.404183021651,297.37283018,-0.246832331117196,-0.248412138320395,0.772982049159511,0.775927808845957
2,09/19/2025,09/18/2025,1,LANDSAT_8,Landsat_8_9,0.04,30,QA_PIXEL_AND_MNDWI_gt_0,2,7.819702,0.0107225031887755,0.0376722225765306,0.0184815369897959,0.0089830931122449,0.00347583227040816,0.00195024872448978,0.0107049999999999,0.0378475,0.018515,0.00895875,0.0035,0.00193249999999998,0.0000687500000000422,0.000220000000000056,0.000096250000000183,0.0000962499999999014,0.0000962499999999894,0.000082499999999998,297.456458317295,297.4275185,-0.345813115814471,-0.346623794212218,0.831098986038956,0.831710542132467
3,09/19/2025,09/18/2025,1,LANDSAT_8,Landsat_8_9,0.04,30,QA_PIXEL_AND_MNDWI_gt_0,3,7.063377,0.0126930597484276,0.0394239591194968,0.0203943742138364,0.00848476415094339,0.00274598113207546,0.00142151886792452,0.012685,0.0396074999999999,0.0203849999999999,0.00858749999999999,0.00275749999999999,0.0013825,0.000286082253129295,0.000149503808943942,0.000157175591828656,0.000168527116182783,0.00003889087296527,0.000102895578136278,297.698199887622,297.7009601,-0.412390818519896,-0.41055341055341,0.86975474973459,0.869821786852354
4,09/19/2025,09/18/2025,1,LANDSAT_8,Landsat_8_9,0.04,30,QA_PIXEL_AND_MNDWI_gt_0,3,9.634882,0.0126703863065326,0.0392572895728643,0.0206219974874371,0.00870945351758793,0.00247617776381908,0.00131416457286432,0.0126574999999999,0.039305,0.0206049999999999,0.00880749999999999,0.00242749999999999,0.00135499999999999,0.000191844120750781,0.000281343502975903,0.000123665094329695,0.0000978732173103121,0.000203739348733186,0.000221142864833274,297.692367816055,297.70779614,-0.406137627479928,-0.399796195652173,0.881386054670974,0.884727251142636
5,09/19/2025,09/18/2025,1,LANDSAT_8,Landsat_8_9,0.04,30,QA_PIXEL_AND_MNDWI_gt_0,3,12.962712,0.00767923417721518,0.028592079113924,0.0158888892405063,0.00721218670886075,0.00255539240506328,0.00136453797468354,0.00745999999999999,0.0284975,0.0157924999999999,0.00721249999999998,0.00250999999999998,0.00135499999999999,0.000636802995875148,0.000439044100543653,0.000373703313695068,0.000221142864833267,0.000170016339084088,0.000178220369206209,297.587507795645,297.57791138,-0.375701373190892,-0.373898447335291,0.836032045165194,0.836298364579179
6,09/19/2025,09/18/2025,1,LANDSAT_8,Landsat_8_9,0.04,30,QA_PIXEL_AND_MNDWI_gt_0,3,4.219595,0.0102967280813214,0.0370711753494282,0.0188621918678526,0.00901708703939008,0.0031218837357052,0.00174345933926302,0.0104849999999999,0.0369124999999999,0.0189824999999999,0.00902749999999999,0.003115,0.00173999999999999,0.000441715406115768,0.000234423050629829,0.000450753997948607,0.000282535641802737,0.0000467410122079337,0.000140223036623797,297.756877517407,297.75564842,-0.353218328688356,-0.361023549045059,0.844657101562638,0.845625
7,09/19/2025,09/18/2025,1,LANDSAT_8,Landsat_8_9,0.04,30,QA_PIXEL_AND_MNDWI_gt_0,3,10.814749,0.00606426229508196,0.0278872982345523,0.0134893663303909,0.00618688524590163,0.00191901008827237,0.00118538776796973,0.00611249999999999,0.0277824999999999,0.0134825,0.00633249999999999,0.00195999999999998,0.00113499999999999,0.000125016665555699,0.0000518544972870267,0.0000594067897353445,0.000331016951563238,0.0000934820244158645,0.0000685970520908546,296.886854975737,296.89430738,-0.371468454864062,-0.360837749179915,0.871252056416465,0.868687714596768
8,09/19/2025,09/18/2025,1,LANDSAT_8,Landsat_8_9,0.04,30,QA_PIXEL_AND_MNDWI_gt_0,3,12.871953,0.00621684027777777,0.0284475694444444,0.0134955902777777,0.00666565972222222,0.0025201736111111,0.00176986111111111,0.00616749999999999,0.0284699999999999,0.0134825,0.006745,0.00264749999999999,0.0017675,0.000867304252651094,0.000303747427972712,0.00016852711618281,0.000449260194344252,0.000255024508626126,0.000110761254757955,297.37024508659,297.37966622,-0.339264841841261,-0.333086145099493,0.83743500313809,0.831476766390834
9,09/19/2025,09/18/2025,1,LANDSAT_8,Landsat_8_9,0.04,30,QA_PIXEL_AND_MNDWI_gt_0,2,8.424762,0.00602343908629441,0.0285410881979695,0.0133332392131979,0.00627680203045684,0.0022054409898477,0.00160989847715736,0.00600249999999999,0.0283599999999999,0.0131524999999999,0.00622249999999999,0.00234499999999998,0.0016025,0.000137499999999985,0.000123749999999935,0.0000137500000001267,0.0000549999999999524,0.000219999999999998,0.000123750000000006,297.41685236906,297.43777256,-0.360377443403794,-0.357677419354838,0.856754556410837,0.847256147207296
10,09/19/2025,09/18/2025,1,LANDSAT_8,Landsat_8_9,0.04,30,QA_PIXEL_AND_MNDWI_gt_0,3,24.126069,0.00560728470437016,0.0270744987146529,0.0136366838046272,0.00684178020565551,0.00295682197943444,0.00213807840616965,0.00564499999999998,0.02682,0.0136475,0.00655249999999998,0.00297749999999999,0.0021525,0.000371900150876858,0.00050224634283267,0.000345183123702287,0.000453726851261364,0.00015556349186104,0.0000224536559755056,297.669464231902,297.65310782,-0.332139984902385,-0.348577109481795,0.803266120512399,0.799224544841537
11,09/19/2025,09/18/2025,1,LANDSAT_8,Landsat_8_9,0.04,30,QA_PIXEL_AND_MNDWI_gt_0,2,14.929157,0.00710884885204081,0.0272248883928571,0.0148281058673469,0.00812427933673468,0.00369593749999999,0.00257783801020407,0.00734999999999999,0.027535,0.014995,0.00828499999999998,0.003775,0.00256499999999998,0.000467499999999996,0.000563749999999931,0.000302500000000055,0.000550000000000005,0.000261249999999992,0.0000825000000000006,298.953485681505,298.801562539999,-0.292612894640907,-0.292409522792783,0.761102896277088,0.754240662578642
1,04/23/2024,04/16/2024,7,LANDSAT_9,Landsat_8_9,8.95,30,QA_PIXEL_AND_MNDWI_gt_0,3,4.13,0.0133147395171537,0.0309554479034307,0.01892250317662,0.00832825921219821,0.00608999682337992,0.00417617852604827,0.0134275,0.030725,0.01868,0.0083675,0.00603,0.00418749999999998,0.000825712655158502,0.000470456338746356,0.000324867494355521,0.000255024508626108,0.000135344211385474,0.000144356811023547,291.265102055324,291.3263528,-0.388901441598581,-0.391867578265563,0.671217532147846,0.677530727800027
2,04/23/2024,04/16/2024,7,LANDSAT_9,Landsat_8_9,8.95,30,QA_PIXEL_AND_MNDWI_gt_0,2,4.64,0.0134669961734693,0.0313073054846938,0.0193003284438775,0.00740296556122448,0.00520247448979591,0.00359351403061224,0.01349625,0.0312887499999999,0.0192437499999999,0.00737749999999999,0.00520499999999998,0.00363749999999998,0.000178749999999979,0.0000412500000007087,0.0000824999999997747,0.000110000000000028,0.0000412500000000105,0.0000687500000000176,291.169978385,291.153742789999,-0.445576798373119,-0.443607588902659,0.714993355399901,0.715067743259888
3,04/23/2024,04/16/2024,7,LANDSAT_9,Landsat_8_9,8.95,30,QA_PIXEL_AND_MNDWI_gt_0,3,4.3,0.0187522610062893,0.0343302327044025,0.0221655471698113,0.00864834591194967,0.00459948113207547,0.00302959433962264,0.0187074999999999,0.0345199999999999,0.022035,0.00861499999999998,0.0045725,0.00303249999999999,0.000123665094329403,0.000203739348732992,0.000162433747177816,0.0000000000950527122392931,0.0000934820244158675,0.0000342985260454036,290.596599080905,290.601732559999,-0.438704590733718,-0.437846655791191,0.763710083267067,0.765583446844392
4,04/23/2024,04/16/2024,7,LANDSAT_9,Landsat_8_9,8.95,30,QA_PIXEL_AND_MNDWI_gt_0,3,4.51,0.019907239321608,0.0350892085427135,0.0227752889447236,0.0091649654522613,0.00484767273869346,0.00305233040201005,0.0198075,0.0351249999999999,0.0228325,0.00911,0.00481999999999999,0.00310125,0.000168527116182703,0.000113014256720647,0.000181490740504295,0.000090745370252247,0.0000850081695420391,0.000116672618895776,290.467648272914,290.47868384,-0.426119956736773,-0.425941314960028,0.757237838609862,0.758668168732006
5,04/23/2024,04/16/2024,7,LANDSAT_9,Landsat_8_9,8.95,30,QA_PIXEL_AND_MNDWI_gt_0,3,5.8,0.0215919018987341,0.0416807563291139,0.0267650696202531,0.00954738924050632,0.00531740189873417,0.00357602531645568,0.0215674999999999,0.0416425,0.0267374999999999,0.00957749999999998,0.00531499999999998,0.00358249999999998,0.000253039851933678,0.000291897527681504,0.000129636243217427,0.000135344211385474,0.0000907453702522719,0.0000934820244158675,291.454082909417,291.43231142,-0.474162318142784,-0.472532011565469,0.773727832078045,0.773625086514401
6,04/23/2024,04/16/2024,7,LANDSAT_9,Landsat_8_9,8.95,30,QA_PIXEL_AND_MNDWI_gt_0,3,5.34,0.0217668138500635,0.0371508799237611,0.0247302445997458,0.0103343265565438,0.00583550825921219,0.00386668996188055,0.021815,0.0372975,0.02473,0.0103199999999999,0.00581000000000001,0.00380249999999998,0.000314618375531677,0.000247330188658806,0.000326158192702173,0.000262173076844725,0.00020208290377963,0.0000565071283605634,290.744933265768,290.779469599999,-0.410658561737978,-0.417072654098707,0.728633289285026,0.726072607260725
7,04/23/2024,04/16/2024,7,LANDSAT_9,Landsat_8_9,8.95,30,QA_PIXEL_AND_MNDWI_gt_0,3,7.93,0.020341131778058,0.0350102490542244,0.0229773865069356,0.00923057692307692,0.00494962799495586,0.00315068411097099,0.0202749999999999,0.0350699999999999,0.0229975,0.00922,0.0049575,0.00317,0.000102895578136529,0.000286082253129232,0.0000594067897359529,0.0000342985260453048,0.0000685970520908402,0.00003889087296527,291.04425623889,291.05974724,-0.426839482777085,-0.428125731222213,0.752258641029784,0.75023357209592
8,04/23/2024,04/16/2024,7,LANDSAT_9,Landsat_8_9,8.95,30,QA_PIXEL_AND_MNDWI_gt_0,3,8.41,0.0235056249999999,0.036905,0.0251397916666666,0.0112719097222222,0.00591486111111111,0.00394881944444444,0.0236299999999999,0.036885,0.0251699999999999,0.0111725,0.005865,0.00399499999999999,0.000293046734990911,0.0000685970520921902,0.000112268279877309,0.000240089682317999,0.000284314477686641,0.000137194104181713,291.219457677045,291.2067221,-0.380894367286266,-0.383871190657176,0.723805896782824,0.725614035087718
9,04/23/2024,04/16/2024,7,LANDSAT_9,Landsat_8_9,8.95,30,QA_PIXEL_AND_MNDWI_gt_0,2,6.91,0.0227129029187817,0.0373161706852791,0.0252983565989847,0.0111664974619289,0.00592303616751269,0.00373640228426394,0.0226125,0.0372424999999999,0.0252249999999999,0.0111175,0.005865,0.00380249999999998,0.0000825000000007603,0.000151249999999333,0.000178749999999903,0,0.0000412499999999695,0.000137499999999998,290.840646952893,290.97771476,-0.387544538744445,-0.387718573592179,0.726037313239223,0.729785763648928
10,04/23/2024,04/16/2024,7,LANDSAT_9,Landsat_8_9,8.95,30,QA_PIXEL_AND_MNDWI_gt_0,3,9.01,0.014318987789203,0.0340557519280205,0.022728544344473,0.00977851863753213,0.00633918059125964,0.0042546240359897,0.0138949999999999,0.03375,0.0225849999999999,0.00966,0.00625,0.00424249999999998,0.00221602152265922,0.00107785344808818,0.000891761677181128,0.000651285054505479,0.000116672618895752,0.000258298384732765,291.306868328663,291.29900864,-0.398685969009382,-0.400837339122344,0.686023847355357,0.687499999999999
11,04/23/2024,04/16/2024,7,LANDSAT_9,Landsat_8_9,8.95,30,QA_PIXEL_AND_MNDWI_gt_0,2,9.9,0.0194276211734693,0.0385170057397959,0.0269557812499999,0.0117270248724489,0.00745112563775509,0.00504999681122448,0.0193949999999999,0.0387549999999999,0.0270674999999999,0.0114062499999999,0.00745999999999999,0.00498499999999998,0.00024750000000009,0.000522499999999939,0.00050874999999992,0.00041249999999999,0.000178750000000017,0.000055000000000014,293.101922635892,293.21309984,-0.393768994932307,-0.392730492229236,0.675930694531079,0.677544845472228
1,05/08/2024,05/02/2024,6,LANDSAT_9,Landsat_8_9,1.54,30,QA_PIXEL_AND_MNDWI_gt_0,3,1.77,0.0130716423125794,0.0352610673443456,0.017558125794155,0.0122750158831003,0.00628497776365946,0.00381777001270647,0.0132899999999999,0.0353725,0.0175249999999999,0.01208,0.00627749999999999,0.00369249999999998,0.000837233373810591,0.000335304587899998,0.00016952138508161,0.000272236110756807,0.0000594067897353825,0.0000907453702522844,295.838842782261,295.817631079999,-0.177235288768581,-0.184881836020817,0.697461981914505,0.698466051457556
2,05/08/2024,05/02/2024,6,LANDSAT_9,Landsat_8_9,1.54,30,QA_PIXEL_AND_MNDWI_gt_0,2,2.6,0.0092297512755102,0.034237037627551,0.0163151052295918,0.00968518494897958,0.0049704081632653,0.00328126275510203,0.008945,0.0342174999999999,0.0164525,0.00985249999999998,0.004985,0.00329374999999999,0.000495000000000003,0.000288750000000079,0.000261249999999969,0.000110000000000028,0.000151250000000016,0.0000825000000000006,295.987058494846,295.949224849999,-0.255086003340597,-0.251190360509183,0.746429359300152,0.744647910308462
3,05/08/2024,05/02/2024,6,LANDSAT_9,Landsat_8_9,1.54,30,QA_PIXEL_AND_MNDWI_gt_0,3,1.85,0.0163086698113207,0.0371011949685534,0.0191812610062893,0.0101942610062893,0.00423758805031446,0.00265016352201256,0.0162599999999999,0.0370224999999999,0.0192299999999999,0.0102099999999999,0.00429750000000001,0.00261999999999998,0.000157709296562259,0.000129636243217985,0.0000594067897353445,0.000140223036623805,0.0000594067897354016,0.0000129636243218002,295.968716162792,295.9919501,-0.305948119309757,-0.306385869565217,0.794998704958493,0.793364587089794
4,05/08/2024,05/02/2024,6,LANDSAT_9,Landsat_8_9,1.54,30,QA_PIXEL_AND_MNDWI_gt_0,3,1.53,0.015499569723618,0.0359175596733668,0.0181818216080402,0.0088995006281407,0.00379472675879396,0.00248657663316582,0.0156,0.03595,0.0183224999999999,0.00886249999999999,0.00374749999999998,0.00248249999999999,0.000331016951563273,0.000281343502975646,0.000234423050629983,0.000118813579470803,0.0000978732173102774,0.0000467410122079458,296.04145127407,296.0432204,-0.342740888182917,-0.341274238227146,0.808903849535596,0.809348171701113
5,05/08/2024,05/02/2024,6,LANDSAT_9,Landsat_8_9,1.54,30,QA_PIXEL_AND_MNDWI_gt_0,3,2.76,0.0189162215189873,0.044651661392405,0.0243259240506329,0.0106642373417721,0.00422617405063291,0.00270733860759493,0.0198349999999999,0.0452174999999999,0.024895,0.0112825,0.00437999999999999,0.00267499999999998,0.000698232888559892,0.000450753997948527,0.000393419835121083,0.000314618375531706,0.000110761254757948,0.0000594067897354206,296.057602043645,296.0261303,-0.391538930202926,-0.376269780941192,0.827290089350042,0.823378194465447
6,05/08/2024,05/02/2024,6,LANDSAT_9,Landsat_8_9,1.54,30,QA_PIXEL_AND_MNDWI_gt_0,3,2.33,0.0181985927573062,0.0385546029224904,0.0203982083862769,0.0108454351969504,0.00472016836086403,0.00310032401524778,0.01813,0.0386449999999999,0.0203849999999999,0.0107875,0.00470999999999999,0.00306,0.000685112521172046,0.0003819322220269,0.000237980508071997,0.000146092626629674,0.0000907453702522968,0.000101249142657559,296.391541393672,296.43287468,-0.305780418493166,-0.306851549755301,0.781930024762203,0.782724022604082
7,05/08/2024,05/02/2024,6,LANDSAT_9,Landsat_8_9,1.54,30,QA_PIXEL_AND_MNDWI_gt_0,3,3.23,0.0168370491803278,0.0344172824716267,0.018100870113493,0.0108954539722572,0.00434518284993694,0.0026841897856242,0.0168099999999999,0.034355,0.01813,0.0109249999999999,0.00437999999999999,0.00264749999999999,0.000134721935853109,0.000178220369206033,0.000078854648281187,0.000157175591828598,0.000136580257236047,0.000115223213324789,295.366581747187,295.35619838,-0.248538489183487,-0.247977972810188,0.775856213791699,0.775251705099058
8,05/08/2024,05/02/2024,6,LANDSAT_9,Landsat_8_9,1.54,30,QA_PIXEL_AND_MNDWI_gt_0,3,3.29,0.0214917708333333,0.0388382986111111,0.0217078472222222,0.0139932638888888,0.00565055555555555,0.00334430555555555,0.0216224999999999,0.0388375,0.021705,0.0139775,0.00564499999999998,0.003335,0.0002180819163117,0.000116672618896545,0.000149503808944425,0.000247330188659244,0.000152838876671562,0.0000648181216087486,296.172004661136,296.186777239999,-0.216162012546689,-0.214140136341274,0.746001219092767,0.746192322823582
9,05/08/2024,05/02/2024,6,LANDSAT_9,Landsat_8_9,1.54,30,QA_PIXEL_AND_MNDWI_gt_0,2,4.12,0.0205340862944162,0.0386002252538071,0.0214829758883248,0.0131424143401015,0.00517456852791877,0.00300744289340101,0.0203025,0.0383975,0.02132,0.0132624999999999,0.00514999999999998,0.00295,0.000178749999999903,0.000164999999999549,0.000219999999999933,0.000110000000000028,0.0000137500000000035,0.0000137499999999419,296.204205671929,296.27564576,-0.240918777062536,-0.23592493297587,0.763619196317577,0.763476663413514
10,05/08/2024,05/02/2024,6,LANDSAT_9,Landsat_8_9,1.54,30,QA_PIXEL_AND_MNDWI_gt_0,3,3.7,0.0112179562982005,0.0305635347043701,0.0179682872750642,0.0123714010282776,0.00640195694087402,0.00420040167095115,0.009935,0.0291575,0.0166725,0.0111725,0.00569999999999998,0.00363749999999998,0.00227447887804363,0.0024060361016041,0.0024308437606907,0.0021520787754066,0.00174451083560853,0.00123807702596495,296.467647981156,296.436292699999,-0.187219430765029,-0.1998920474991,0.657851473324547,0.679579493087557
11,05/08/2024,05/02/2024,6,LANDSAT_9,Landsat_8_9,1.54,30,QA_PIXEL_AND_MNDWI_gt_0,2,11.8,0.0172288839285714,0.0362626721938775,0.0217693654336734,0.0141743144132653,0.00716391900510203,0.00455078762755101,0.0174975,0.0362524999999999,0.02187,0.0141425,0.00726750000000001,0.0044625,0.000110000000000028,0.000206249999999863,0.0000412499999993945,0.00015124999999996,0.000165000000000021,0.0000412500000000105,297.20349431926,297.05495432,-0.211355269418209,-0.216373458927828,0.670037719626586,0.666015624999999
3,05/21/2024,05/18/2024,3,LANDSAT_9,Landsat_8_9,43.88,30,QA_PIXEL_AND_MNDWI_gt_0,1,2.62,0.0145683121019108,0.0366837420382165,0.00952355095541401,0.000277770700636936,0.0000954299363057364,0.00172406050955414,0.0147474999999999,0.0368574999999999,0.009605,0.00033749999999999,0.0000900000000000067,0.0017675,0,0,0,0,0,0,294.868727769681,294.864003499999,-0.944016858634999,-0.932109630374656,0.994804633911491,0.995128222477839
4,05/21/2024,05/18/2024,3,LANDSAT_9,Landsat_8_9,43.88,30,QA_PIXEL_AND_MNDWI_gt_0,3,2.65,0.0123061612021857,0.0461606898907103,0.0190037260928961,0.033289525273224,0.0309425204918032,0.0242946209016393,0.0082575,0.0439525,0.0165899999999999,0.0296525,0.0302024999999999,0.0234649999999999,0.00148194129438382,0.000950243389874453,0.000355260076876397,0.000706844513784111,0.00216686505501997,0.00140659804334982,294.603300094754,294.583725859999,0.271956423259524,0.282478239714548,0.186792480024139,0.185422425999595
5,05/21/2024,05/18/2024,3,LANDSAT_9,Landsat_8_9,43.88,30,QA_PIXEL_AND_MNDWI_gt_0,3,3.78,0.0240418037974683,0.0509731803797468,0.0235274493670886,0.00797567721518987,0.00280379746835442,0.00256332911392403,0.0252249999999999,0.0513775,0.0243724999999999,0.00886249999999999,0.00281249999999999,0.00261999999999998,0.00024733018865939,0.000352886903506742,0.000205791156272531,0.000201249568667568,0.00023762715894162,0.0000777817459305183,295.502195426683,295.47582908,-0.49937474957336,-0.470183829024062,0.895984094655966,0.895722270011901
7,05/21/2024,05/18/2024,3,LANDSAT_9,Landsat_8_9,43.88,30,QA_PIXEL_AND_MNDWI_gt_0,1,2.11,0.00715060794044664,0.0278940694789081,0.00612771712158808,0.000094503722084358,0.000171817617865999,0.00141880272952853,0.00682749999999998,0.02781,0.00600249999999999,-0.000102500000000005,0.000117499999999992,0.0014375,0,0,0,0,0,0,295.447611331761,295.45532096,-0.718433394824093,-0.724199288256231,0.987991279827897,0.99158535493689
8,05/21/2024,05/18/2024,3,LANDSAT_9,Landsat_8_9,43.88,30,QA_PIXEL_AND_MNDWI_gt_0,3,2.22,0.0242485763888888,0.03912625,0.0183523263888888,0.0123005208333333,0.00390180555555556,0.00291763888888887,0.0240974999999999,0.0388924999999999,0.01835,0.0125474999999999,0.003445,0.00267499999999998,0.00109517692634572,0.00104314894536792,0.000692189561383913,0.000505248838582419,0.000742782867929036,0.000641797605687857,295.645810839772,295.62963998,-0.197634175177793,-0.201948295241663,0.819869756351346,0.842676104578148
9,05/21/2024,05/18/2024,3,LANDSAT_9,Landsat_8_9,43.88,30,QA_PIXEL_AND_MNDWI_gt_0,2,3.91,0.0211137848984771,0.0336465958121827,0.0149546224619289,0.00961086294416243,0.00258223984771572,0.00211924175126903,0.0192299999999999,0.0323475,0.0140325,0.009,0.00256499999999998,0.0019875,0.00296999999999999,0.001925,0.00163624999999998,0.00100374999999999,0.0000274999999999916,0.0000137500000000035,295.769804825533,295.77661484,-0.219121125172077,-0.218495604037772,0.857887615639103,0.853061224489796
10,05/21/2024,05/18/2024,3,LANDSAT_9,Landsat_8_9,43.88,30,QA_PIXEL_AND_MNDWI_gt_0,3,8.01,0.0109759350899742,0.0277128309768637,0.0106667544987146,0.00892573586118251,0.00345609897172236,0.00294932840616966,0.00985249999999998,0.027315,0.0102649999999999,0.00880749999999999,0.003445,0.00295,0.00143884550556649,0.000449260194344383,0.000563731368255807,0.000476490352006789,0.0000467410122079216,0.0000224536559755182,295.719721062365,295.70825444,-0.08866402400816,-0.0964912280701746,0.778174096604345,0.778607584432826
11,05/21/2024,05/18/2024,3,LANDSAT_9,Landsat_8_9,43.88,30,QA_PIXEL_AND_MNDWI_gt_0,2,16.28,0.0264764955357142,0.0399038616071428,0.0258460650510204,0.0217381823979591,0.0143451371173469,0.0117763073979591,0.0261875,0.0407899999999999,0.0268474999999999,0.0227499999999999,0.01494,0.0120524999999999,0.00119624999999997,0.000714999999999918,0.000769999999999986,0.000659999999999963,0.000715000000000012,0.00050875,296.608104881352,296.61402974,-0.0874175747040515,-0.082615051161853,0.474690573946395,0.463843531311681
1,06/11/2024,06/11/2024,0,LANDSAT_8,Landsat_8_9,42.78,30,QA_PIXEL_AND_MNDWI_gt_0,3,4.3,0.0231926905972045,0.052503043202033,0.0320358100381194,0.0280113405336721,0.02341,0.0210158926302414,0.0246474999999999,0.0522849999999999,0.0312199999999999,0.0283325,0.0237124999999999,0.0214024999999999,0.00167291038811608,0.00134852851904087,0.00155065756661131,0.00193262379221154,0.00149655483992031,0.00105945413093513,294.780016624828,294.76829894,-0.0677014100786858,-0.068004817342433,0.38435691464843,0.375966314681403
2,06/11/2024,06/11/2024,0,LANDSAT_8,Landsat_8_9,42.78,30,QA_PIXEL_AND_MNDWI_gt_0,2,4.63,0.000755051020408163,0.0203992410714285,0.00369909438775509,0.00265535714285713,0.00328571747448979,0.00401762436224489,0.002785,0.0236574999999999,0.00583749999999999,0.00270249999999999,0.00259249999999999,0.00347249999999998,0.00395999999999999,0.00559624999999999,0.00367125,0.000852500000000005,0.000164999999999998,0.000151249999999988,294.641579336275,294.6247421,-0.324079722297717,-0.336876007233495,0.734717930838779,0.726518420179224
4,06/11/2024,06/11/2024,0,LANDSAT_8,Landsat_8_9,42.78,30,QA_PIXEL_AND_MNDWI_gt_0,3,5.72,0.0220511683417085,0.0457897141959799,0.0265531532663316,0.0178671262562814,0.0160942744974874,0.015154921482412,0.022035,0.0457124999999999,0.02704,0.0175525,0.01593,0.015325,0.000909580947469767,0.000863030835035556,0.00102166190863494,0.00121892541472673,0.0014105352608929,0.00110753668110811,294.977669840979,294.97338014,-0.196557142492392,-0.196240421455938,0.481113642371059,0.475251119448142
6,06/11/2024,06/11/2024,0,LANDSAT_8,Landsat_8_9,42.78,30,QA_PIXEL_AND_MNDWI_gt_0,3,5.13,0.0302545997458703,0.0560378240152477,0.0374723189326556,0.0304927700127064,0.0263553303684879,0.0233689072426937,0.0308624999999999,0.0568225,0.0381225,0.03133,0.0272324999999999,0.0241524999999999,0.00542321258316713,0.00403085340426402,0.0044052104565692,0.00421006548510696,0.00318274798283216,0.00284500610231721,294.940324802998,294.9152738,-0.103981667788311,-0.0978006551240057,0.362085110179017,0.352031408006662
7,06/11/2024,06/11/2024,0,LANDSAT_8,Landsat_8_9,42.78,30,QA_PIXEL_AND_MNDWI_gt_0,3,7.47,0.0311988461538461,0.0519836790668348,0.0370172982345523,0.0281918095838587,0.0238534331651954,0.021615078814628,0.0303674999999999,0.05113,0.0356475,0.0279474999999999,0.024235,0.02198,0.00173944595265918,0.00143867029656614,0.00169208820692069,0.00160020701785737,0.00173378479697518,0.00128405336943431,295.173720076443,295.17504332,-0.13586264466527,-0.129779331439807,0.371980606744324,0.357174504715488
8,06/11/2024,06/11/2024,0,LANDSAT_8,Landsat_8_9,42.78,30,QA_PIXEL_AND_MNDWI_gt_0,3,9.63,0.0345628819444444,0.049569375,0.0369774652777777,0.0297470486111111,0.0215148611111111,0.0191211458333333,0.0357575,0.0503874999999999,0.0380949999999999,0.0302024999999999,0.021815,0.0195049999999999,0.00281310647782046,0.00189362123691315,0.00171869499911989,0.00105723105327069,0.000129636243217427,0.000383030677622602,295.312087796136,295.33227224,-0.108594021998502,-0.113535158272636,0.394293811951553,0.390431513228243
9,06/11/2024,06/11/2024,0,LANDSAT_8,Landsat_8_9,42.78,30,QA_PIXEL_AND_MNDWI_gt_0,2,8.85,0.0242973635786802,0.0446119067258883,0.0317767354060913,0.0258786833756345,0.0219545939086294,0.0205732772842639,0.0262699999999999,0.046015,0.0334474999999999,0.02737,0.0221724999999999,0.0205225,0.00328624999999998,0.00211749999999998,0.00215875000000001,0.00177375,0.000811250000000009,0.000701250000000027,295.229987557741,295.23314966,-0.102488877814011,-0.100231339407959,0.340093671121189,0.343363666026175
10,06/11/2024,06/11/2024,0,LANDSAT_8,Landsat_8_9,42.78,30,QA_PIXEL_AND_MNDWI_gt_0,3,14.81,0.0244925032133676,0.0495553245501285,0.0357191838046272,0.0234096818766066,0.0143083836760925,0.0120027667095115,0.0232449999999999,0.0494799999999999,0.0357299999999999,0.0236574999999999,0.0148574999999999,0.0123824999999999,0.000471704945443111,0.000564029402306897,0.000792691442001312,0.00128012097952585,0.00153447919141606,0.00120296566405234,295.822837190154,295.81421306,-0.20922535545603,-0.203283519259103,0.554134678619589,0.538138721585389
3,06/28/2024,06/27/2024,1,LANDSAT_8,Landsat_8_9,41.08,30,QA_PIXEL_AND_MNDWI_gt_0,3,13.45,0.0134839528301886,0.055092144654088,0.0270940314465408,0.01130993081761,0.0131833899371069,0.0133583176100628,0.012355,0.054815,0.0263799999999999,0.0107049999999999,0.0131799999999999,0.0133999999999999,0.00199079234644566,0.00165959708965755,0.00162335429486806,0.00156645432958215,0.00103416901691915,0.000966290156560978,299.187140992377,299.1877988,-0.413989482786831,-0.422677632465956,0.614471145188454,0.612324435620266
4,06/28/2024,06/27/2024,1,LANDSAT_8,Landsat_8_9,41.08,30,QA_PIXEL_AND_MNDWI_gt_0,3,14.74,0.0359308605527638,0.0664581061557789,0.0426610709798995,0.0251471639447236,0.0210313881909547,0.0188598900753768,0.03628,0.0667499999999999,0.0428524999999999,0.0254725,0.0212374999999999,0.01879,0.000221142864833512,0.00024008968231815,0.0000809578079407455,0.000118813579470689,0.000227879719735399,0.000203739348732992,299.204455206507,299.211724939999,-0.258488977797177,-0.254972214097689,0.519298384370486,0.517411804805999
5,06/28/2024,06/27/2024,1,LANDSAT_8,Landsat_8_9,41.08,30,QA_PIXEL_AND_MNDWI_gt_0,1,16.69,0.00685617021276595,0.0152818971631205,0.00422787234042552,0.00402679078014183,0.00316590425531914,0.00388909574468083,0.00701999999999999,0.0152974999999999,0.00437999999999999,0.00407749999999998,0.00314249999999999,0.00391249999999998,0,0,0,0,0,0,298.81174387617,298.801562539999,-0.0223677737822175,-0.0357670706473558,0.713198874552065,0.703666245259166
6,06/28/2024,06/27/2024,1,LANDSAT_8,Landsat_8_9,41.08,30,QA_PIXEL_AND_MNDWI_gt_0,3,13.55,0.0132287983247422,0.0513962467783505,0.024320086984536,0.00725938466494845,0.00875395296391752,0.00875232280927834,0.0127674999999999,0.0513775,0.02407,0.00669,0.00930249999999999,0.00897249999999999,0.00596271761773849,0.00540904797538347,0.00591645668641478,0.00580922267223038,0.00465101527148165,0.00395696450016367,299.299901927603,299.30401148,-0.520256554461926,-0.565019505851755,0.72676509955256,0.693391562294001
1,07/18/2024,07/13/2024,5,LANDSAT_8,Landsat_8_9,20.63,30,QA_PIXEL_AND_MNDWI_gt_0,3,11.59,0.0182947204574332,0.0501723570520965,0.0260796664548919,0.0231581321473951,0.00615607369758576,0.00419116899618805,0.0176074999999999,0.049315,0.0252524999999999,0.0226399999999999,0.00594749999999999,0.00415999999999999,0.00114696943677191,0.000832401979548034,0.000744364941857613,0.000465789353916843,0.000293046734991019,0.000135344211385482,303.018435051715,302.96812892,-0.059281274732723,-0.0637110362257793,0.781935299872261,0.782918149466192
2,07/18/2024,07/13/2024,5,LANDSAT_8,Landsat_8_9,20.63,30,QA_PIXEL_AND_MNDWI_gt_0,2,9.78,0.0066562213010204,0.0408523660714285,0.0166388616071428,0.011775956632653,0.00184698341836734,0.00227930165816325,0.00644249999999999,0.0414499999999999,0.0165349999999999,0.01168125,0.00189124999999999,0.0022625,0.000467500000000011,0.00120999999999995,0.000990000000000007,0.000577499999999995,0.000164999999999998,0.000384999999999996,303.095223459591,303.05528843,-0.170599430644628,-0.175095340739512,0.913504129058849,0.913989205848631
4,07/18/2024,07/13/2024,5,LANDSAT_8,Landsat_8_9,20.63,30,QA_PIXEL_AND_MNDWI_gt_0,3,12.76,0.0164235835427135,0.0476846922110552,0.0233420791457286,0.0150853768844221,0.00323304962311557,0.00249756281407034,0.0164249999999999,0.04805,0.0233549999999999,0.0150774999999999,0.00328,0.00239999999999998,0.000866431859217251,0.000348815455824779,0.00058076458225343,0.000587382375932049,0.000291897527681659,0.000195746434620586,303.45171004608,303.40563548,-0.214983918412903,-0.215377610095622,0.873255740064807,0.872199493473602
5,07/18/2024,07/13/2024,5,LANDSAT_8,Landsat_8_9,20.63,30,QA_PIXEL_AND_MNDWI_gt_0,3,14.25,0.0226466835443037,0.0468526012658227,0.0260700158227848,0.0198227816455696,0.00411655696202531,0.00246331962025316,0.0223925,0.0468949999999999,0.0259125,0.0197799999999999,0.00410499999999999,0.00237249999999999,0.000830886407532448,0.000436163832623731,0.000789717776592796,0.000598717379069649,0.000191844120750857,0.000123665094329622,304.965723646582,304.91981834,-0.136223106955525,-0.134212398095967,0.838556405438108,0.839106364215374
6,07/18/2024,07/13/2024,5,LANDSAT_8,Landsat_8_9,20.63,30,QA_PIXEL_AND_MNDWI_gt_0,3,9.51,0.0169598697585768,0.0478934561626429,0.0239026238881829,0.0159685069885641,0.00360772871664548,0.00266042884371028,0.0173875,0.0476099999999999,0.023905,0.0163149999999999,0.00372,0.00256499999999998,0.000611355506686191,0.0000342985260439877,0.000233705061039555,0.00067373441025048,0.000343719443086291,0.000190966111013334,304.848057292401,304.841203879999,-0.199722940113545,-0.196841367891485,0.860079392040141,0.857965638422491
7,07/18/2024,07/13/2024,5,LANDSAT_8,Landsat_8_9,20.63,30,QA_PIXEL_AND_MNDWI_gt_0,3,14.14,0.0177841172761664,0.0386034205548549,0.0207472856242118,0.0193309142496847,0.00502241803278688,0.00354296658259773,0.0167275,0.0391124999999999,0.0199725,0.0174425,0.00465499999999999,0.00306,0.00159452579157567,0.00123127136191287,0.00198016974581025,0.00301406356380663,0.00133896104001074,0.000899361656336817,303.509676043379,303.50817608,-0.0389992152674561,-0.0547263681592042,0.773398580158789,0.787285085965614
8,07/18/2024,07/13/2024,5,LANDSAT_8,Landsat_8_9,20.63,30,QA_PIXEL_AND_MNDWI_gt_0,3,15.21,0.0259798611111111,0.0412830902777777,0.0242515624999999,0.0225772569444444,0.00527576388888888,0.00344597222222222,0.0260499999999999,0.0414225,0.024345,0.0222549999999999,0.00514999999999998,0.003335,0.000327187085455496,0.000370995282988891,0.000390418223049211,0.000710165278102371,0.0000788546482812443,0.00012501666555569,303.394565756136,303.36461924,-0.0359631494935706,-0.0399383870612825,0.773654341650306,0.776995940460081
9,07/18/2024,07/13/2024,5,LANDSAT_8,Landsat_8_9,20.63,30,QA_PIXEL_AND_MNDWI_gt_0,2,13.7,0.0290670780456852,0.044302461928934,0.0269910374365482,0.0226128140862944,0.00456565989847715,0.00250340418781725,0.0290199999999999,0.0445025,0.0272324999999999,0.0226125,0.00448999999999999,0.00245499999999998,0.000151250000000049,0.0000275000000022247,0,0.0000962500000004646,0.0000825000000000006,0.000027500000000007,303.547938756827,303.54235628,-0.0882409614316245,-0.0926873307252479,0.813178641619985,0.81670663877124
10,08/07/2024,08/06/2024,1,LANDSAT_9,Landsat_8_9,46.62,30,QA_PIXEL_AND_MNDWI_gt_0,3,18.46,-0.0159901124678663,0.0332423457583547,0.0048023971722365,0.023401339974293,0.0126026413881747,0.0106553727506426,-0.01905,0.0324849999999999,0.00426999999999999,0.0229699999999999,0.0127124999999999,0.0107599999999999,0.00345672070835286,0.00110396507593714,0.00169526341774826,0.000749539673547882,0.000195746434620578,0.000175368659305684,302.530125912365,302.52720434,0.682415302016201,0.686490455212922,0.449607600577447,0.43746888655346
1,08/30/2024,08/30/2024,0,LANDSAT_8,Landsat_8_9,3.9,30,QA_PIXEL_AND_MNDWI_gt_0,3,14.9,0.00692628335451079,0.0365032147395171,0.0173904351969504,0.0167628970775095,0.00634022236340533,0.00394915501905971,0.00688249999999998,0.0361974999999999,0.0170299999999999,0.0166175,0.00627749999999999,0.00393999999999999,0.000663935028615166,0.000395549898523681,0.000525146804871413,0.000707557418164756,0.000236563944843675,0.0000594067897354206,300.46694175357,300.37726976,-0.0184436486048393,-0.016968167157482,0.704124622198965,0.702681901604405
2,08/30/2024,08/30/2024,0,LANDSAT_8,Landsat_8_9,3.9,30,QA_PIXEL_AND_MNDWI_gt_0,2,17.2,0.00825044961734694,0.039825325255102,0.0204497512755102,0.0179431473214285,0.00603585778061224,0.00345538265306122,0.0082025,0.0397724999999999,0.0204949999999999,0.0181299999999999,0.00611249999999999,0.00341749999999999,0.000426250000000001,0.000110000000001013,0.00024750000000009,0.000384999999999957,0.00012374999999999,0.00004124999999999,300.57415904727,300.55158878,-0.0653484932036283,-0.0643355763788445,0.736828456431763,0.733573063092514
4,08/30/2024,08/30/2024,0,LANDSAT_8,Landsat_8_9,3.9,30,QA_PIXEL_AND_MNDWI_gt_0,3,11.62,0.00918407035175879,0.0362690829145728,0.0182438347989949,0.0166733636934673,0.00542299623115576,0.00313621231155778,0.00922,0.036225,0.01835,0.0166999999999999,0.00536999999999998,0.00314249999999999,0.000072178405511856,0.000215757708758931,0.000159299682638964,0.000135344211385474,0.000118813579470822,0.00015717559182858,300.136046004296,300.1448444,-0.0450222074462133,-0.0421037709101215,0.739858552621802,0.74076755973932
5,08/30/2024,08/30/2024,0,LANDSAT_8,Landsat_8_9,3.9,30,QA_PIXEL_AND_MNDWI_gt_0,3,12.31,0.0158520949367088,0.037657575949367,0.0211482120253164,0.0182836170886075,0.00580578797468355,0.00325330063291138,0.0156274999999999,0.0376275,0.021045,0.01824,0.005865,0.00319749999999999,0.00037392809766347,0.000348574477933576,0.000240089682317999,0.000421467344194299,0.000182874425646547,0.0000224536559755685,301.022790959949,301.00276742,-0.0726932697770475,-0.0729396905588882,0.732888361169748,0.730298327297809
6,08/30/2024,08/30/2024,0,LANDSAT_8,Landsat_8_9,3.9,30,QA_PIXEL_AND_MNDWI_gt_0,3,19.77,0.0127806035578144,0.0375865470139771,0.0203317471410419,0.019395628970775,0.00650490787801778,0.00385830368487927,0.0128774999999999,0.0375725,0.0202749999999999,0.0195325,0.00658,0.00380249999999998,0.000316747796624811,0.000248347315042359,0.000146092626629612,0.000202082903779686,0.000140223036623773,0.0000777817459305256,300.546073042515,300.56867888,-0.0235707315605042,-0.0217902686641077,0.704964052770417,0.701182934349947
7,08/30/2024,08/30/2024,0,LANDSAT_8,Landsat_8_9,3.9,30,QA_PIXEL_AND_MNDWI_gt_0,3,14.12,0.0155250252206809,0.0387514281210592,0.022304000630517,0.0211694262295081,0.00722415195460276,0.0040174369482976,0.0165349999999999,0.03947,0.0238224999999999,0.0226949999999999,0.00828499999999998,0.00459999999999999,0.0015509284853489,0.00179671343476541,0.00190952910134643,0.00190582914297745,0.00119603047155532,0.00073892658633994,300.432203763657,300.43879412,-0.0265955483265122,-0.0307145576849858,0.687675025788059,0.661543053275631
8,08/30/2024,08/30/2024,0,LANDSAT_8,Landsat_8_9,3.9,30,QA_PIXEL_AND_MNDWI_gt_0,3,17.21,0.0201632986111111,0.0408699305555555,0.0250784027777777,0.0240857638888888,0.00867826388888888,0.00519881944444444,0.0200825,0.0407899999999999,0.0250874999999999,0.0243174999999999,0.00883500000000001,0.0053425,0.000539043649026298,0.000322531221572348,0.000260242942054021,0.000624006988920954,0.000425040847710211,0.000350737318611331,300.348199327272,300.3499256,-0.0203281937917535,-0.0155854670579899,0.649831246037383,0.648218196297033
9,08/30/2024,08/30/2024,0,LANDSAT_8,Landsat_8_9,3.9,30,QA_PIXEL_AND_MNDWI_gt_0,2,20.21,0.0199916243654822,0.0350642068527918,0.0211522081218274,0.0207065545685279,0.00626989213197969,0.00358836294416243,0.0198899999999999,0.0351525,0.021155,0.0207012499999999,0.00627749999999999,0.00363749999999998,0.000233750000000009,0.0000550000000005069,0.000151250000000049,0.000013749999999141,0.0000549999999999524,0.0000137500000000035,300.796241802918,300.83528444,-0.0106258721376944,-0.0105087174588016,0.696648629770081,0.696958725561187
10,08/30/2024,08/30/2024,0,LANDSAT_8,Landsat_8_9,3.9,30,QA_PIXEL_AND_MNDWI_gt_0,3,19.02,0.0132206137532133,0.0329795051413881,0.0207636021850899,0.0240414042416452,0.00881322622107968,0.00503091580976863,0.0127124999999999,0.0329524999999999,0.0206049999999999,0.02396,0.00880749999999999,0.00509499999999998,0.000359492311770651,0.000337801305832557,0.00023044642664955,0.000142599867539165,0.000140223036623805,0.00013534421138549,301.068882822287,301.050619699999,0.0731835707766707,0.0752832940648496,0.578062672008607,0.573885164675022
11,08/30/2024,08/30/2024,0,LANDSAT_8,Landsat_8_9,3.9,30,QA_PIXEL_AND_MNDWI_gt_0,2,27.29,0.0204495408163265,0.0367927136479591,0.0259540656887755,0.0285927327806122,0.0109626371173469,0.00620233099489795,0.0202475,0.0365824999999999,0.0257475,0.0286075,0.0109799999999999,0.006195,0.000412500000000056,0.00042624999999989,0.000316250000000043,0.00048125000000007,0.000192499999999978,0.000178749999999998,301.611323210459,301.47445418,0.0483617558116783,0.0490695264272521,0.540999336812777,0.544610918139872
2,10/04/2024,10/09/2024,-5,LANDSAT_9,Landsat_8_9,8.66,30,QA_PIXEL_AND_MNDWI_gt_0,2,7.09363,0.00627027423469387,0.0169811734693877,0.0113754177295918,0.00627623724489795,0.00314944515306122,0.00210826849489795,0.00614,0.0168649999999999,0.0114199999999999,0.00633249999999999,0.00311499999999999,0.00213874999999999,0.000206249999999978,0.000192500000000084,0.000137499999999985,0.000178749999999998,0.0000825000000000006,0.0000825000000000006,292.096226927244,292.10053433,-0.288935770639004,-0.289815178922533,0.687366344482861,0.688448444878296
3,10/04/2024,10/09/2024,-5,LANDSAT_9,Landsat_8_9,8.66,30,QA_PIXEL_AND_MNDWI_gt_0,3,10.270195,0.0104493710691823,0.0192125660377358,0.0134219999999999,0.00706282389937106,0.00286314150943396,0.00188628616352201,0.0104575,0.0191199999999999,0.0133999999999999,0.00699249999999998,0.002785,0.0018775,0.000252374831462174,0.000131566417531997,0.000193588194084456,0.000202082903779619,0.000123665094329635,0.0000850081695420391,292.085866939773,292.08857126,-0.310659699377014,-0.31971300012161,0.740971412530653,0.74508009153318
4,10/04/2024,10/09/2024,-5,LANDSAT_9,Landsat_8_9,8.66,30,QA_PIXEL_AND_MNDWI_gt_0,3,8.727292,0.0120755087939698,0.0199165326633165,0.0143682694723618,0.00759117776381909,0.00287150753768844,0.00182312185929648,0.0119974999999999,0.0198349999999999,0.0144175,0.0075975,0.00285375,0.0017675,0.000178220369206236,0.0000565071283606433,0.0000224536559749146,0.00011226827987755,0.0000565071283605534,0.0000907453702522688,291.968970617964,291.968940559999,-0.308650488279271,-0.310649880911873,0.747977960379815,0.747226852213062
5,10/04/2024,10/09/2024,-5,LANDSAT_9,Landsat_8_9,8.66,30,QA_PIXEL_AND_MNDWI_gt_0,3,13.204736,0.0130578164556961,0.0316164525316455,0.0200232183544303,0.00888021835443038,0.00341206962025316,0.00208733544303796,0.0132074999999999,0.0317975,0.0201649999999999,0.00886249999999999,0.003445,0.0022075,0.000118813579470841,0.000123665094329695,0.0000809578079416383,0.000131566417532032,0.000186964048831729,0.0000898146239020508,291.022711478987,291.028985059999,-0.385535314345154,-0.382941688424717,0.805289592018944,0.804497410796623
6,10/04/2024,10/09/2024,-5,LANDSAT_9,Landsat_8_9,8.66,30,QA_PIXEL_AND_MNDWI_gt_0,3,15.231687,0.00927444091486657,0.0173045806861499,0.0125987611181702,0.0068964421855146,0.00272640088945361,0.00183658195679796,0.00924749999999999,0.0171949999999999,0.0126574999999999,0.00671749999999998,0.00267499999999998,0.00179499999999999,0.0000518544972870267,0.000196175233457734,0.000311936157998189,0.000162433747177788,0.0000129636243217566,0.000157709296562445,291.893852697509,291.910834219999,-0.292439465989839,-0.292522380200105,0.728008227427346,0.731286475513829
7,10/04/2024,10/09/2024,-5,LANDSAT_9,Landsat_8_9,8.66,30,QA_PIXEL_AND_MNDWI_gt_0,3,22.250383,0.0125833228247162,0.0249387988650693,0.0165205044136191,0.00803743064312735,0.00304380517023959,0.00190936948297603,0.01241,0.0250874999999999,0.0164525,0.0079275,0.00306,0.0018775,0.000263132835064167,0.000352886903506844,0.000102895578136353,0.0000978732173103121,0.000101249142657542,0.00011226827987756,291.664219551248,291.65790074,-0.345443403432764,-0.351195975772508,0.78238730906459,0.783420330885605
8,10/04/2024,10/09/2024,-5,LANDSAT_9,Landsat_8_9,8.66,30,QA_PIXEL_AND_MNDWI_gt_0,3,29.662368,0.0152789583333333,0.0277892708333333,0.0184591666666666,0.00975569444444443,0.00394020833333332,0.00247670138888887,0.015215,0.0277824999999999,0.0184874999999999,0.00974249999999998,0.00391249999999998,0.00250999999999998,0.000136580257235989,0.0000850081695421188,0.000085008169542544,0.0000388908729651539,0.0000224536559754679,0.000123665094329626,291.450385495454,291.47332766,-0.308493600922247,-0.309776833156217,0.751619884926633,0.75311563338066
9,10/04/2024,10/09/2024,-5,LANDSAT_9,Landsat_8_9,8.66,30,QA_PIXEL_AND_MNDWI_gt_0,2,13.930808,0.0143044289340101,0.0293487087563451,0.0190478648477157,0.00844979060913704,0.00283211294416243,0.00168636104060914,0.0142525,0.0292949999999999,0.019065,0.00828499999999998,0.00286749999999999,0.00168499999999999,0.000247499999999981,0.000110000000000521,0.0000962499999999014,0.0000825000000000211,0,0.0000274999999999993,291.441641573578,291.44256548,-0.385625535279984,-0.389855472705514,0.82399785953651,0.820458636612663
10,10/04/2024,10/09/2024,-5,LANDSAT_9,Landsat_8_9,8.66,30,QA_PIXEL_AND_MNDWI_gt_0,3,19.860396,0.00979704048843188,0.030371883033419,0.0200158354755784,0.00905362146529562,0.00405989717223649,0.00282819408740359,0.009,0.0299824999999999,0.0194775,0.00902749999999999,0.00402249999999998,0.00281249999999999,0.00109225747371619,0.000609290343122349,0.000850970850786846,0.000473305456925602,0.000311396942110159,0.000102895578136293,291.793879065218,291.79462154,-0.377139601041733,-0.381260526549065,0.764355790707205,0.763417144537568
11,10/04/2024,10/09/2024,-5,LANDSAT_9,Landsat_8_9,8.66,30,QA_PIXEL_AND_MNDWI_gt_0,2,26.75808,0.00987270408163265,0.0337539987244897,0.0216863042091836,0.00878866390306122,0.00453423150510203,0.0035816581632653,0.0104025,0.0340524999999999,0.0217874999999999,0.00935749999999999,0.00454499999999999,0.00358249999999998,0.000783749999999995,0.000756249999999963,0.000825000000000014,0.000714999999999993,0.000385000000000006,0.000178749999999988,291.020200225433,290.97087872,-0.424499513749385,-0.40901555222231,0.763518404002254,0.770700636942675
